time,node,rtt_ms
1.06011,0,60
1.06016,1,60
1.12178,1,60.125
1.12266,0,60.25
1.12355,1,60.4844
1.12444,0,60.7188
1.12532,1,61.0488
1.12621,0,61.3789
1.12709,1,61.7927
1.12798,0,62.0815
1.12887,1,62.5686
1.18151,0,69.4463
1.18245,1,69.9976
1.1834,0,68.6406
1.18434,0,67.8105
1.18481,1,69.1229
1.18576,1,68.2325
1.1867,0,67.0842
1.18764,0,66.5737
1.18859,1,67.5784
1.18953,1,67.1311
1.19048,0,66.2519
1.19142,0,66.0955
1.19236,1,66.8647
1.19331,1,66.7566
1.19425,0,66.2085
1.1952,0,66.4325
1.19614,1,66.9121
1.19708,1,67.1731
1.2426,0,65.7534
1.24354,0,65.2842
1.24449,1,66.5264
1.24543,1,66.0856
1.24637,0,64.9987
1.24732,0,64.8739
1.24826,0,64.7646
1.24921,0,64.794
1.25015,1,66.0749
1.25109,1,66.1906
1.25204,1,66.2917
1.25298,1,66.3803
1.25393,0,65.0698
1.25487,0,65.4361
1.25581,0,65.7566
1.25676,0,66.162
1.2577,1,66.7077
1.25865,1,67.1193
1.25959,1,67.4794
1.26053,1,67.9194
1.26148,0,66.7667
1.26242,0,67.4209
1.26337,0,67.9933
1.26431,0,68.6191
1.26525,1,68.5545
1.2662,1,69.2352
1.26714,1,69.8308
1.26809,1,70.4769
1.26903,0,69.4167
1.26997,0,70.1146
1.27092,0,70.7253
1.27186,0,71.3846
1.27281,1,71.1673
1.27375,1,71.8964
1.27469,1,72.5344
1.27564,1,73.2176
1.30369,0,70.0866
1.30463,0,69.0757
1.30558,0,68.1913
1.30652,0,67.5424
1.30746,1,71.9404
1.30841,1,70.9478
1.30935,1,70.0793
1.3103,1,69.4444
1.31124,0,67.2246
1.31218,0,67.0715
1.31313,0,66.9376
1.31407,0,66.9454
1.31502,0,66.9522
1.31596,0,66.9582
1.3169,0,66.9634
1.31785,0,67.093
1.31879,1,69.2639
1.31974,1,69.2309
1.32068,1,69.202
1.32162,1,69.3018
1.32257,1,69.389
1.32351,1,69.5904
1.32446,1,69.8916
1.3254,1,70.2802
1.32634,0,67.8314
1.32729,0,68.6024
1.32823,0,69.2771
1.32918,0,69.9925
1.33012,0,70.6184
1.33106,0,71.2911
1.33201,0,71.8797
1.33295,0,72.3948
1.3339,1,70.9951
1.33484,1,71.7457
1.33578,1,72.4025
1.33673,1,73.1022
1.33767,1,73.7144
1.33862,1,74.3751
1.33956,1,74.9532
1.3405,1,75.5841
1.34145,0,73.3454
1.34239,0,74.3022
1.34334,0,75.1395
1.34428,0,75.997
1.34522,0,76.7474
1.34617,0,77.529
1.34711,0,78.2129
1.34806,0,78.9362
1.349,1,76.6361
1.34994,1,77.5566
1.35089,1,78.362
1.35183,1,79.1917
1.35278,1,79.9178
1.35372,1,80.6781
1.35466,1,81.3433
1.35561,1,82.0504
1.35655,0,79.9442
1.3575,0,80.9512
1.35844,0,81.9573
1.35938,0,82.9626
1.36033,0,83.8423
1.36127,0,84.737
1.36222,0,85.5199
1.36316,0,86.3299
1.3641,1,83.2941
1.36505,1,84.5073
1.36599,1,85.4439
1.36694,1,86.3884
1.36788,1,87.2149
1.36882,1,88.063
1.36977,1,88.8051
1.37071,1,89.5795
1.37166,0,84.0387
1.3726,0,82.1588
1.37354,0,80.514
1.37449,0,79.1997
1.37543,0,78.0498
1.37638,0,77.1685
1.37732,0,76.3975
1.37826,0,75.8478
1.37921,1,87.3821
1.38015,1,85.5843
1.3811,1,84.0113
1.38204,1,82.7599
1.38298,1,81.5399
1.38393,1,80.5974
1.38487,1,79.7727
1.38582,1,79.1761
1.38676,0,75.7418
1.3877,0,75.7741
1.38865,0,75.8023
1.38959,0,75.952
1.39054,0,76.083
1.39148,0,76.3227
1.39242,0,76.5323
1.39337,0,76.8408
1.39431,0,77.1107
1.39526,0,77.4718
1.3962,0,77.9129
1.39714,0,78.4238
1.39809,0,78.8708
1.39903,0,79.3869
1.39998,0,79.7136
1.40092,0,80.1244
1.40186,1,79.6541
1.40281,1,80.1973
1.40375,1,80.6727
1.4047,1,81.2136
1.40564,1,81.6869
1.40658,1,82.226
1.40753,1,82.6978
1.40847,1,83.2356
1.40942,1,83.7061
1.41036,1,84.2428
1.4113,1,84.7125
1.41225,1,85.2484
1.41319,1,85.7174
1.41414,1,86.2527
1.41508,1,86.7211
1.41602,1,87.256
1.41697,0,81.3588
1.41791,0,82.564
1.41886,0,83.6185
1.4198,0,84.6662
1.42074,0,85.5829
1.42169,0,86.51
1.42263,0,87.3213
1.42358,0,88.1561
1.42452,0,88.8866
1.42546,0,89.6508
1.42641,0,90.3194
1.42735,0,91.0295
1.4283,0,91.6508
1.42924,0,92.3195
1.43018,0,93.0295
1.43113,0,93.7758
1.43207,1,88.724
1.43302,1,90.1335
1.43396,1,91.2418
1.4349,1,92.3366
1.43585,1,93.2945
1.43679,1,94.2577
1.43774,1,95.1005
1.43868,1,95.9629
1.43962,1,96.7175
1.44057,1,97.5029
1.44151,1,98.19
1.44246,1,98.9162
1.4434,1,99.5517
1.44434,1,100.233
1.44529,1,100.829
1.44623,1,101.475
1.44718,0,95.3039
1.44812,0,96.7659
1.44906,0,98.0451
1.45001,0,99.2895
1.45095,0,100.253
1.4519,0,101.222
1.45284,0,102.069
1.45378,0,102.935
1.45473,0,103.693
1.45567,0,104.482
1.45662,0,105.172
1.45756,1,102.291
1.45898,0,106.025
1.45945,1,103.254
1.46039,1,104.223
1.46134,0,107.022
1.46228,1,105.32
1.46322,0,108.144
1.46464,1,106.405
1.46558,0,109.251
1.46653,1,107.604
1.46747,0,110.47
1.46842,0,110.661
1.46889,1,108.779
1.46983,1,109.931
1.47078,0,111.078
1.47219,1,111.19
1.47266,0,111.569
1.47408,1,112.541
1.47502,0,112.373
1.47597,0,112.951
1.47644,1,113.849
1.47786,0,113.707
1.47833,1,115.242
1.47927,1,116.462
1.48022,0,114.619
1.48163,1,117.779
1.48258,0,115.666
1.48352,1,119.057
1.48446,0,116.708
1.48541,0,117.745
1.48588,1,120.425
1.48682,1,120.622
1.48777,0,118.776
1.48871,1,121.044
1.48966,0,119.929
1.49107,1,121.664
1.49202,0,121.188
1.49296,0,122.29
1.49343,1,122.456
1.49485,0,123.379
1.49532,1,123.399
1.49626,1,124.349
1.49721,0,124.706
1.49862,1,125.305
1.4991,0,125.118
1.50051,1,126.392
1.50146,0,125.728
1.5024,0,126.262
1.50287,1,127.468
1.50382,1,128.535
1.50476,0,126.979
1.5057,1,129.593
1.50665,0,127.732
1.50806,1,130.894
1.50901,0,128.765
1.50995,1,132.032
1.5109,0,129.67
1.51184,0,130.586
1.51231,1,133.403
1.51326,1,134.603
1.5142,0,131.638
1.51514,1,135.902
1.51609,0,132.808
1.5175,1,136.164
1.51845,0,133.957
1.51939,0,135.087
1.51986,1,136.644
1.52128,0,136.202
1.52175,1,137.188
1.5227,1,137.79
1.52364,0,137.426
1.52506,1,138.566
1.52553,0,138.623
1.52694,1,139.37
1.52789,0,139.92
1.52883,0,140.18
1.5293,1,140.324
1.53025,1,141.284
1.53119,0,140.783
1.53214,1,142.373
1.53308,0,141.435
1.5345,1,143.576
1.53544,0,142.255
1.53638,1,144.754
1.53733,0,143.099
1.53827,0,143.961
1.53874,1,146.035
1.53969,1,147.156
1.54063,0,144.841
1.54205,1,148.511
1.54252,0,145.861
1.54394,1,149.697
1.54488,0,146.878
1.54582,0,147.894
1.5463,1,151.11
1.54771,0,148.907
1.54818,1,150.596
1.54913,1,150.272
1.55007,0,150.168
1.55149,1,150.113
1.55243,0,151.397
1.55338,1,150.224
1.55432,0,152.723
1.55526,0,153.882
1.55574,1,150.446
1.55668,1,150.765
1.55762,0,155.147
1.55857,1,151.169
1.55951,0,156.379
1.56093,1,151.773
1.56187,0,157.706
1.56282,1,152.427
1.56376,0,158.993
1.5647,0,160.244
1.56518,1,153.373
1.56706,0,161.588
1.56895,0,162.89
1.57132,0,164.279
1.79177,1,162.327
1.79224,1,157.786
1.79538,0,171.619
1.79584,0,165.541
1.79624,1,148.313
1.79672,0,154.349
1.8307,1,137.273
1.83643,0,142.68
1.85286,1,127.739
1.85375,1,119.522
1.85464,1,112.332
1.85594,1,106.165
1.85682,1,100.895
1.85771,1,96.4077
1.8586,1,92.6068
1.85948,1,89.4059
1.86037,1,86.6052
1.86126,1,84.2795
1.86214,1,82.3696
1.86303,1,80.8234
1.86392,1,79.4705
1.8648,1,78.4117
1.86569,1,77.4852
1.86658,1,76.7995
1.86746,1,76.3246
1.86835,1,76.034
1.86923,1,75.9048
1.87012,1,75.9167
1.87101,1,75.9271
1.87189,1,75.9362
1.87278,1,76.0692
1.87367,0,134.595
1.87455,1,76.4355
1.87544,0,127.771
1.87633,1,77.0061
1.87721,0,122.049
1.8781,1,77.7553
1.87898,0,117.168
1.87987,1,78.5359
1.88076,0,113.022
1.88164,1,79.3439
1.88253,0,109.644
1.88342,1,80.3009
1.8843,0,106.939
1.88519,1,81.3883
1.88608,0,104.822
1.88696,1,82.4648
1.88785,0,103.094
1.88874,1,83.6567
1.88962,0,101.832
1.89051,1,84.9496
1.89139,0,100.853
1.89228,1,86.2059
1.89317,0,100.246
1.89405,1,87.5552
1.89494,0,99.8406
1.89583,1,88.8608
1.89671,0,99.7356
1.8976,1,90.2532
1.89849,0,99.8936
1.89937,1,91.7215
1.90026,0,100.282
1.90114,1,93.2563
1.90203,0,100.747
1.90292,1,94.5993
1.90428,0,101.403
1.90469,1,96.0244
1.90558,1,97.3963
1.90646,0,102.228
1.90782,1,98.8468
1.90871,0,103.199
1.90959,1,100.366
1.91048,0,104.3
1.91137,0,105.387
1.91178,1,101.945
1.91267,1,103.327
1.91355,0,106.589
1.91491,1,104.786
1.9158,0,107.765
1.91669,1,106.313
1.91757,0,109.044
1.91846,0,110.289
1.91887,1,107.899
1.91976,1,109.411
1.92065,0,111.628
1.922,1,111.11
1.92289,0,113.049
1.92378,0,114.418
1.92419,1,112.846
1.92508,1,114.365
1.92596,0,115.741
1.92685,1,115.82
1.92774,0,117.148
1.9291,1,117.467
1.92998,0,118.63
1.93087,0,120.051
1.93128,1,119.159
1.93217,1,120.764
1.93306,0,121.67
1.93441,1,122.419
1.9353,0,123.336
1.93619,1,123.991
1.93707,0,124.919
1.93796,0,126.304
1.93837,1,125.617
1.93926,1,127.165
1.94015,0,127.891
1.9415,1,128.77
1.94239,0,129.53
1.94328,1,130.423
1.94416,0,131.213
1.94505,0,132.812
1.94546,1,132.12
1.94635,1,133.605
1.94724,0,134.335
1.9486,1,135.155
1.94948,0,135.918
1.95037,1,136.76
1.95126,0,137.554
1.95214,0,139.109
1.95256,1,138.415
1.95344,1,139.988
1.95433,0,140.721
1.95569,1,141.615
1.95657,0,142.381
1.95746,0,143.958
1.95787,1,143.163
1.95876,1,144.643
1.95965,0,145.463
1.96053,1,146.187
1.96142,0,147.03
1.96278,1,147.789
1.96366,0,148.652
1.96455,0,150.195
1.96497,1,149.44
1.96585,1,151.01
1.96674,0,151.796
1.9681,1,152.759
1.96898,0,153.446
1.96987,1,154.289
1.97076,0,155.015
1.97164,0,156.514
1.97206,1,156.003
1.97294,1,157.503
1.97383,0,158.074
1.97519,1,159.19
1.97607,0,159.815
1.97696,1,160.791
1.97785,0,161.463
1.97873,0,163.03
1.97915,1,162.567
1.98003,1,164.121
1.98092,0,164.526
1.98228,1,165.731
1.98317,0,166.211
1.98405,0,167.809
1.98447,1,167.39
1.98535,1,168.966
1.98624,0,169.458
1.98713,1,170.595
1.98801,0,171.151
1.98937,1,172.271
1.99026,0,172.882
1.99114,0,174.397
1.99156,1,173.862
1.99244,1,175.379
1.99333,0,175.972
1.99428,1,176.957
1.99516,0,177.601
1.99658,1,172.837
1.99746,0,179.276
1.99835,0,180.866
1.99883,1,169.358
2.00018,0,182.508
2.00113,1,166.563
2.00207,1,164.118
2.00248,0,184.194
2.0039,1,161.978
2.00478,0,185.795
2.00567,0,187.321
2.00615,1,160.356
2.0075,0,188.906
2.00845,1,159.061
2.0094,1,157.929
2.00987,0,190.542
2.17328,0,186.975
2.17564,1,158.437
2.21246,0,181.478
2.21529,1,156.758
2.23627,0,173.668
2.23734,1,151.913
2.23781,0,161.46
2.23828,1,142.424
2.29725,0,153.152
2.29772,1,136.371
2.2986,0,144.758
2.29949,0,137.538
2.30037,0,131.346
2.30126,0,125.928
2.30214,0,121.312
2.30303,0,117.398
2.30392,0,113.973
2.3048,0,111.101
2.30569,0,108.714
2.30658,0,106.625
2.30746,0,104.921
2.30835,0,103.556
2.30924,0,102.487
2.31012,0,101.676
2.31101,0,101.091
2.3119,0,100.58
2.31278,0,100.132
2.31367,0,99.8659
2.31455,1,131.7
2.31544,0,99.8827
2.31633,1,127.862
2.31769,1,124.629
2.31857,1,121.926
2.31946,1,119.685
2.32034,1,117.724
2.32123,1,116.134
2.32171,0,100.647
2.32259,1,114.867
2.32354,0,101.316
2.32442,1,114.009
2.32584,0,101.902
2.32625,1,113.508
2.3272,0,102.414
2.32855,1,113.319
2.3295,0,102.987
2.33038,1,113.279
2.33127,1,113.369
2.33175,0,103.489
2.33269,0,103.803
2.33357,1,113.698
2.33499,0,104.077
2.3354,1,114.236
2.33676,1,114.831
2.33724,0,104.443
2.33844,1,115.602
2.33933,1,116.277
2.34022,1,116.993
2.3411,1,117.743
2.34205,0,105.262
2.34294,0,105.355
2.34383,0,105.56
2.34471,1,118.776
2.34566,0,105.865
2.3466,1,119.804
2.34754,1,120.703
2.34849,0,106.382
2.3499,1,121.365
2.35038,0,106.709
2.35179,1,121.945
2.35274,0,107.121
2.35368,0,107.356
2.35415,1,122.577
2.35557,0,107.686
2.35651,1,123.254
2.35746,1,123.723
2.35793,0,108.1
2.35931,1,124.132
2.3602,0,108.588
2.36114,0,109.014
2.36161,1,124.116
2.36297,0,109.388
2.36344,1,124.351
2.36439,1,124.557
2.36533,0,109.839
2.36722,0,110.109
2.36816,1,123.488
2.36911,1,122.052
2.36958,0,110.221
2.37052,0,110.193
2.37147,1,120.795
2.37288,0,110.044
2.37336,1,119.571
2.37477,0,109.663
2.37524,1,118.5
2.37666,1,117.187
2.3776,0,109.455
2.37808,1,116.039
2.37902,0,109.149
2.38044,1,114.909
2.38138,0,108.88
2.38185,1,113.795
2.3828,0,108.395
2.38421,1,112.821
2.38516,1,111.843
2.38563,0,108.096
2.38657,1,110.863
2.38752,1,109.88
2.38893,1,109.02
2.38988,1,108.017
2.39082,1,107.14
2.39176,1,106.248
2.39271,1,105.467
2.39365,1,104.783
2.3946,1,104.061
2.39554,0,108.209
2.39601,1,103.553
2.39696,0,106.933
2.3979,0,105.816
2.39884,0,104.714
2.39979,0,103.75
2.40073,0,102.906
2.40168,0,102.168
2.40262,0,101.397
2.40356,0,100.597
2.40451,0,99.8975
2.40545,0,99.1604
2.4064,0,98.6403
2.40734,0,98.0603
2.40876,1,102.359
2.4097,1,101.189
2.41064,1,100.04
2.41159,1,99.0353
2.41253,0,97.9277
2.413,1,98.1559
2.41442,0,97.0618
2.41489,1,97.3864
2.41631,0,96.304
2.41678,1,96.4631
2.41772,0,95.266
2.41867,1,95.4052
2.42008,0,94.4828
2.42103,1,94.7296
2.4215,0,93.7974
2.42244,1,93.7634
2.42386,1,92.9179
2.4248,1,91.9282
2.42575,1,91.0622
2.42622,0,93.1978
2.42716,0,92.173
2.42811,0,91.2764
2.42952,0,90.3669
2.43,1,90.3044
2.43094,1,89.5164
2.43188,0,89.446
2.43283,1,88.7018
2.43377,0,88.6402
2.43519,0,87.9352
2.43613,0,87.3183
2.4366,1,88.2391
2.43755,0,86.6535
2.43849,1,87.4592
2.43944,0,86.0718
2.44038,1,86.6518
2.44132,0,85.4379
2.44227,0,84.8831
2.44321,1,86.0703
2.44416,0,84.5227
2.4451,1,85.5615
2.44604,1,85.1163
2.44699,0,84.0824
2.44793,0,83.5721
2.44888,1,84.4768
2.44982,1,83.9172
2.45076,0,83.2506
2.45171,0,82.9693
2.45265,1,83.5525
2.4536,0,82.7231
2.45454,1,83.2335
2.45548,0,82.5077
2.4569,1,82.9543
2.45784,1,82.71
2.45832,0,82.6942
2.45973,1,82.4963
2.4602,0,82.7325
2.46162,1,82.3092
2.46209,0,82.7659
2.46351,1,82.2706
2.46398,0,82.6702
2.4654,1,82.1117
2.46634,1,81.9728
2.46681,0,82.8364
2.46823,1,81.9762
2.46917,1,81.9792
2.47012,1,81.9818
2.47106,1,81.984
2.472,1,81.986
2.47295,1,81.8628
2.47389,1,81.7549
2.47484,1,81.6606
2.47578,1,81.703
2.47672,0,83.8568
2.47767,1,81.8651
2.47861,0,83.7497
2.47956,0,83.656
2.4805,0,83.574
2.48144,0,83.5023
2.48239,0,83.4395
2.48333,0,83.3845
2.48428,0,83.3365
2.48522,0,83.2944
2.48616,0,83.2576
2.48711,0,83.2254
2.48805,0,83.1972
2.489,0,83.0476
2.48994,1,83.257
2.49088,1,83.0999
2.49183,1,82.9624
2.49277,1,82.8421
2.49372,0,83.4166
2.49466,1,82.8618
2.4956,0,83.3646
2.49655,1,82.8791
2.49749,0,83.319
2.49844,1,83.0192
2.49938,0,83.2791
2.50032,0,83.2442
2.5008,1,83.1418
2.50221,0,83.0887
2.50268,1,83.2491
2.5041,0,83.0776
2.50457,1,83.2179
2.50552,1,83.1907
2.50646,1,83.1669
2.5074,1,83.146
2.50882,0,82.9429
2.50976,0,82.825
2.51071,0,82.7219
2.51165,0,82.6317
2.51212,1,83.6278
2.51307,1,83.6743
2.51448,0,82.6777
2.51496,1,83.715
2.51637,0,82.718
2.51732,0,82.6282
2.51826,0,82.5497
2.51873,1,84.0006
2.52015,0,82.606
2.52062,1,84.0005
2.52204,0,82.6553
2.52251,1,84.0005
2.52345,1,83.8754
2.5244,0,82.6983
2.52534,0,82.7361
2.52628,1,83.766
2.52723,0,82.769
2.52817,1,83.6702
2.52912,1,83.5865
2.53006,0,82.9229
2.531,0,83.0575
2.53195,1,83.5131
2.53289,1,83.449
2.53384,0,83.0504
2.53478,0,83.0441
2.53572,1,83.3929
2.53667,0,83.0386
2.53761,1,83.3438
2.53856,0,83.0337
2.5395,1,83.3008
2.54044,1,83.2632
2.54139,0,83.0295
2.54233,1,83.2303
2.54328,0,83.0258
2.54422,1,83.2015
2.54516,0,83.0226
2.54611,1,83.1763
2.54705,0,83.1448
2.548,1,83.0293
2.54894,1,82.9006
2.54988,0,83.1267
2.55083,1,82.788
2.55177,1,82.6895
2.55272,1,82.6033
2.55366,1,82.5279
2.5546,1,82.4619
2.55555,1,82.5292
2.55649,1,82.588
2.55744,1,82.6395
2.55838,1,82.6846
2.55932,0,83.1108
2.56027,1,82.724
2.56121,0,83.097
2.56216,0,83.0849
2.5631,0,83.0743
2.56404,0,83.065
2.56499,0,82.9318
2.56593,0,82.8154
2.56688,0,82.7134
2.56782,0,82.6243
2.56876,0,82.5462
2.56971,0,82.478
2.57065,0,82.4182
2.5716,0,82.4909
2.57301,1,82.8835
2.57396,1,82.8981
2.5749,1,82.9108
2.57584,1,82.922
2.57632,0,83.1796
2.57773,1,82.9317
2.5782,0,83.4071
2.57962,1,82.9403
2.58009,0,83.6062
2.58151,1,82.9477
2.58198,0,83.6555
2.58292,0,83.5735
2.58434,1,83.0793
2.58481,0,83.6268
2.58623,1,83.1943
2.5867,0,83.6735
2.58812,1,83.2951
2.58906,1,83.3832
2.59,1,83.4603
2.59095,1,83.5277
2.59189,0,84.0893
2.59284,0,84.0781
2.59378,0,84.0684
2.59472,0,84.0598
2.59567,1,84.0868
2.59661,1,84.0759
2.59756,0,84.3023
2.5985,1,84.1914
2.59944,0,84.3895
2.60039,0,84.3409
2.60133,0,84.2982
2.60228,1,84.6675
2.60322,0,84.386
2.60416,1,84.8341
2.60511,0,84.4627
2.60605,1,84.9798
2.607,1,84.8573
2.60794,0,84.5299
2.60888,0,84.4636
2.60983,1,85.0002
2.61077,0,84.5307
2.61172,1,85.0001
2.61266,1,84.8751
2.6136,0,84.7143
2.61455,0,84.6251
2.61549,1,85.0157
2.61644,1,85.0138
2.61738,0,84.7969
2.61832,0,84.8223
2.61927,1,85.262
2.62021,0,84.9695
2.62116,1,85.3543
2.6221,0,85.0983
2.62304,1,85.435
2.62399,1,85.2556
2.62493,0,85.211
2.62588,0,85.0597
2.62635,1,85.3487
2.62776,0,84.9272
2.62824,1,85.4301
2.62965,0,84.8113
2.63012,1,85.5013
2.63154,0,84.7099
2.63201,1,85.5637
2.63296,1,85.4932
2.63437,0,84.7462
2.63484,1,85.5566
2.63579,1,85.487
2.63673,1,85.4261
2.63768,1,85.3728
2.63862,1,85.3262
2.63956,1,85.2855
2.64051,1,85.2498
2.64145,1,85.2186
2.6424,1,85.1912
2.64334,1,85.1673
2.64428,0,84.7779
2.64523,1,85.1464
2.64617,0,84.8056
2.64712,0,84.8299
2.64806,0,84.8512
2.649,0,84.8698
2.64995,0,84.8861
2.65089,0,84.9003
2.65184,0,84.9128
2.65278,0,84.9237
2.65372,0,84.9332
2.65467,0,84.9416
2.65561,0,84.9489
2.65656,0,84.9553
2.6575,1,85.0031
2.65844,1,85.0027
2.65939,1,85.0024
2.66033,1,85.0021
2.66128,0,84.9609
2.66222,1,85.0018
2.66316,0,84.9657
2.66411,1,85.0016
2.66505,0,84.97
2.666,1,84.8764
2.66694,0,84.9738
2.66788,0,84.977
2.66883,1,84.7668
2.66977,0,84.9799
2.67072,1,84.671
2.67166,0,84.9824
2.6726,1,84.5871
2.67355,1,84.5137
2.67449,1,84.4495
2.67544,1,84.5183
2.67638,0,84.9846
2.67732,0,84.9865
2.67827,0,84.9882
2.67921,0,84.9897
2.68016,1,84.5785
2.6811,1,84.6312
2.68204,0,84.991
2.68299,1,84.5523
2.68393,0,84.8671
2.68488,0,84.7587
2.68582,0,84.6639
2.68676,1,84.4833
2.68771,0,84.5809
2.68865,1,84.4229
2.6896,0,84.5083
2.69054,1,84.37
2.69148,1,84.4488
2.69243,0,84.5697
2.69337,0,84.6235
2.69432,1,84.5177
2.69526,0,84.6706
2.6962,1,84.578
2.69715,1,84.6307
2.69809,0,84.7118
2.69904,0,84.7478
2.69998,1,84.5519
2.70092,1,84.4829
2.70187,0,84.6543
2.70281,0,84.5725
2.70376,1,84.4225
2.7047,0,84.501
2.70564,1,84.3697
2.70659,0,84.4383
2.70753,1,84.3235
2.70848,1,84.4081
2.70942,0,84.5085
2.71036,0,84.57
2.71178,1,84.482
2.71225,0,84.8737
2.71367,1,84.5468
2.71414,0,85.1395
2.71556,1,84.6034
2.71603,0,85.3721
2.71744,1,84.653
2.71839,1,84.8214
2.71886,0,85.5756
2.72028,1,84.9687
2.72122,1,85.0976
2.72216,1,85.2104
2.72311,1,85.3091
2.72405,1,85.3955
2.725,1,85.346
2.72594,1,85.3028
2.72688,1,85.2649
2.72783,1,85.2318
2.72877,1,85.2028
2.72972,0,86.7536
2.73066,1,85.4275
2.7316,0,86.7844
2.73255,0,86.6864
2.73349,0,86.6006
2.73444,0,86.5255
2.73538,0,86.4598
2.73632,0,86.5273
2.73727,0,86.5864
2.73821,0,86.6381
2.73916,0,86.6833
2.7401,0,86.7229
2.74104,0,86.7576
2.74199,0,86.6629
2.74293,1,86.874
2.74388,1,86.7648
2.74482,1,86.6692
2.74576,1,86.5855
2.74671,0,87.08
2.74765,1,86.6373
2.7486,0,87.07
2.74954,1,86.6827
2.75048,0,87.0613
2.75143,1,86.7223
2.75237,0,87.0536
2.75332,0,87.0469
2.75426,1,87.0071
2.7552,0,87.166
2.75615,1,87.1312
2.75709,0,87.2703
2.75804,1,87.2398
2.75898,1,87.0848
2.75992,1,86.9492
2.76087,1,86.8306
2.76181,0,87.6115
2.76276,0,87.4101
2.7637,0,87.2338
2.76464,0,87.0796
2.76559,1,87.2267
2.76653,1,87.0734
2.76748,0,87.1946
2.76842,1,87.0642
2.76936,0,87.1703
2.77031,0,87.149
2.77125,0,87.1304
2.7722,1,87.4312
2.77314,0,87.2391
2.77408,1,87.5023
2.77503,0,87.3342
2.77597,1,87.4395
2.77692,1,87.2596
2.77786,0,87.4174
2.7788,0,87.2402
2.77975,1,87.3521
2.78069,0,87.2102
2.78164,1,87.3081
2.78258,1,87.1446
2.78352,0,87.3089
2.78447,0,87.1453
2.78541,1,87.2515
2.78636,1,87.2201
2.7873,0,87.2522
2.78824,0,87.2206
2.78919,1,87.4426
2.79013,0,87.3181
2.79108,1,87.5122
2.79202,0,87.4033
2.79296,1,87.4482
2.79391,1,87.2672
2.79485,0,87.4779
2.7958,0,87.2931
2.79674,1,87.3588
2.79768,0,87.2565
2.79863,0,87.0994
2.7991,1,87.4389
2.80052,0,86.962
2.80099,1,87.3841
2.8024,0,86.8418
2.80288,1,87.3361
2.80382,1,87.1691
2.80524,0,86.8615
2.80571,1,87.1479
2.80665,1,87.0044
2.8076,1,86.8789
2.80854,1,86.769
2.80948,1,86.6729
2.81043,1,86.5888
2.81137,1,86.6402
2.81232,1,86.6852
2.81326,1,86.7245
2.8142,1,86.7589
2.81515,1,86.7891
2.81609,0,86.8788
2.81704,1,86.8154
2.81798,0,86.769
2.81892,0,86.6729
2.81987,0,86.5888
2.82081,0,86.5152
2.82176,0,86.4508
2.8227,0,86.3944
2.82364,0,86.3451
2.82459,0,86.302
2.82553,0,86.2642
2.82648,0,86.2312
2.82742,0,86.2023
2.82836,0,86.302
2.82931,1,86.8385
2.83025,1,86.8587
2.8312,1,86.8764
2.83214,1,86.8918
2.83308,0,86.3893
2.83403,1,86.9053
2.83497,0,86.3406
2.83592,1,86.7922
2.83686,0,86.298
2.8378,1,86.6931
2.83875,0,86.2608
2.83969,0,86.2282
2.84064,1,86.6065
2.84158,0,86.1997
2.84252,1,86.5307
2.84347,0,86.1747
2.84441,1,86.4644
2.84536,1,86.5313
2.8463,1,86.5899
2.84724,1,86.6412
2.84819,0,86.2779
2.84913,0,86.3681
2.85008,0,86.4471
2.85102,0,86.5162
2.85196,1,86.561
2.85291,1,86.4909
2.85385,0,86.4517
2.8548,1,86.4295
2.85574,0,86.3952
2.85668,0,86.3458
2.85763,0,86.3026
2.85857,1,86.3758
2.85952,0,86.2648
2.86046,1,86.3289
2.8614,0,86.2317
2.86235,1,86.4127
2.86329,1,86.4862
2.86424,0,86.3277
2.86518,0,86.4118
2.86612,1,86.5504
2.86707,0,86.4853
2.86801,1,86.6066
2.86896,1,86.5308
2.8699,0,86.4246
2.87084,0,86.3715
2.87179,1,86.4644
2.87273,1,86.4064
2.87368,0,86.3251
2.87462,0,86.2845
2.87556,1,86.3556
2.87651,0,86.2489
2.87745,1,86.3111
2.8784,0,86.2178
2.87934,1,86.3972
2.88028,1,86.4726
2.88123,0,86.3156
2.88217,0,86.4011
2.88312,1,86.5385
2.88406,0,86.476
2.885,0,86.5415
2.88642,1,86.5962
2.88689,0,86.7238
2.88831,1,86.7717
2.88878,0,86.8833
2.8902,1,86.9252
2.89114,1,87.0596
2.89161,0,87.1479
2.89303,1,87.1771
2.89397,1,87.155
2.89492,1,87.1356
2.89586,1,87.1187
2.8968,1,87.1038
2.89775,1,87.0908
2.89869,1,87.0795
2.89964,1,87.0695
2.90058,1,87.0609
2.90152,1,87.0532
2.90247,1,87.0466
2.90341,0,88.5044
2.90436,1,87.2908
2.9053,0,88.5664
2.90624,0,88.6206
2.90719,0,88.668
2.90813,0,88.7095
2.90908,0,88.7458
2.91002,0,88.7776
2.91096,0,88.6804
2.91191,0,88.5953
2.91285,0,88.5209
2.9138,0,88.4558
2.91474,0,88.3988
2.91568,0,88.349
2.91663,1,88.7544
2.91757,1,88.6601
2.91852,1,88.5776
2.91946,1,88.5054
2.9204,0,88.8054
2.92135,1,88.5672
2.92229,0,88.8297
2.92324,1,88.6213
2.92418,0,88.976
2.92512,1,88.7937
2.92607,0,89.104
2.92701,0,89.091
2.92796,1,88.9444
2.9289,0,89.0796
2.92984,1,88.9514
2.93079,0,89.0697
2.93173,1,88.9575
2.93268,1,88.8378
2.93362,1,88.7331
2.93456,1,88.6414
2.93551,0,89.4359
2.93645,0,89.2565
2.9374,0,89.0994
2.93834,0,88.962
2.93928,1,89.0612
2.94023,1,89.0536
2.94117,0,89.0917
2.94212,1,89.1719
2.94306,0,89.2053
2.944,0,89.1796
2.94495,0,89.0322
2.94589,1,89.4004
2.94684,0,89.0281
2.94778,1,89.3504
2.94872,0,89.0246
2.94967,1,89.3066
2.95061,1,89.1432
2.95156,0,89.1465
2.9525,0,89.0032
2.95344,1,89.2503
2.95439,0,89.0028
2.95533,1,89.219
2.95628,1,89.0667
2.95722,0,89.1275
2.95816,0,89.1115
2.95911,1,89.3083
2.96005,1,89.2698
2.961,0,89.2226
2.96194,0,89.0698
2.96288,1,89.3611
2.96383,0,89.061
2.96477,1,89.3159
2.96572,0,89.0534
2.96666,1,89.2764
2.9676,1,89.1169
2.96855,0,89.1717
2.96949,0,89.0253
2.97044,1,89.2273
2.97138,0,89.0221
2.97232,0,88.8943
2.97327,0,88.7826
2.97374,1,89.3239
2.97516,0,88.8097
2.97563,1,89.2834
2.97704,0,88.8335
2.97752,1,89.248
2.97846,1,89.092
2.97988,0,88.7293
2.98035,1,89.0805
2.98129,1,88.9454
2.98224,1,88.9522
2.98318,1,88.9582
2.98412,1,88.9634
2.98507,1,88.968
2.98601,1,88.972
2.98696,1,88.8505
2.9879,1,88.7442
2.98884,1,88.6512
2.98979,1,88.5698
2.9912,0,88.6382
2.99168,1,88.6235
2.99262,1,88.5456
2.99356,0,88.5584
2.99451,0,88.4886
2.99545,0,88.4275
2.9964,0,88.3741
2.99734,0,88.3273
2.99828,0,88.2864
2.99923,0,88.3756
3.00017,0,88.4536
3.00112,0,88.5219
3.00206,0,88.5817
3.003,0,88.634
3.00395,0,88.5547
3.00489,1,88.4774
3.00584,1,88.4177
3.00678,1,88.3655
3.00772,1,88.3198
3.00867,0,88.4854
3.00961,1,88.2798
3.01056,0,88.4247
3.0115,1,88.2449
3.01244,0,88.3716
3.01339,1,88.2143
3.01433,0,88.3252
3.01528,0,88.2845
3.01622,1,88.3125
3.01716,0,88.374
3.01811,1,88.3984
3.01905,0,88.4522
3.02,1,88.3486
3.02094,1,88.305
3.02188,1,88.2669
3.02283,1,88.2335
3.02377,0,88.3957
3.02472,0,88.3462
3.02566,0,88.3029
3.0266,0,88.2651
3.02755,1,88.2043
3.02849,1,88.1788
3.02944,0,88.2319
3.03038,1,88.1565
3.03132,0,88.203
3.03227,0,88.1776
3.03321,0,88.2804
3.03416,1,88.2619
3.0351,0,88.3703
3.03604,1,88.3542
3.03699,0,88.324
3.03793,1,88.3099
3.03888,1,88.2712
3.03982,0,88.2835
3.04076,0,88.2481
3.04171,1,88.2373
3.04265,0,88.2171
3.0436,1,88.2076
3.04454,1,88.1817
3.04548,0,88.1899
3.04643,0,88.1662
3.04737,1,88.1589
3.04832,1,88.1391
3.04926,0,88.2704
3.0502,0,88.3616
3.05115,1,88.2467
3.05209,0,88.4414
3.05304,1,88.3409
3.05398,0,88.3862
3.05492,1,88.2982
3.05587,1,88.261
3.05681,0,88.338
3.05776,0,88.2957
3.0587,1,88.2283
3.05964,0,88.2587
3.06059,0,88.2264
3.06153,0,88.1981
3.06295,1,88.3248
3.06342,0,88.4233
3.06484,1,88.4092
3.06531,0,88.6204
3.06672,1,88.483
3.06767,1,88.5477
3.06814,0,88.9179
3.06956,1,88.6042
3.0705,1,88.6537
3.07144,1,88.697
3.07239,1,88.7348
3.07333,1,88.768
3.07428,1,88.797
3.07522,1,88.8224
3.07616,1,88.9696
3.07711,1,89.0984
3.07805,1,89.2111
3.079,1,89.1847
3.07947,0,90.3031
3.08088,1,89.1616
3.08183,1,89.1414
3.08277,0,90.3902
3.08372,0,90.3415
3.08466,0,90.2988
3.0856,0,90.2614
3.08655,0,90.2288
3.08749,0,90.2002
3.08844,0,90.1751
3.08938,0,90.1532
3.09032,0,90.1341
3.09127,0,90.1173
3.09221,0,90.1027
3.09316,0,90.0898
3.0941,1,90.7487
3.09504,1,90.7801
3.09599,1,90.6826
3.09693,1,90.5973
3.09788,0,90.5786
3.09882,1,90.6476
3.09976,0,90.6313
3.10071,1,90.6917
3.10165,0,90.6774
3.1026,1,90.7302
3.10354,0,90.7177
3.10448,0,90.628
3.10543,1,90.8889
3.10637,0,90.6745
3.10732,1,90.9028
3.10826,0,90.7152
3.1092,1,90.915
3.11015,1,90.9256
3.11109,1,90.9349
3.11204,1,90.943
3.11298,0,91.0008
3.11392,0,90.8757
3.11487,0,90.7662
3.11581,0,90.6704
3.11676,1,91.3252
3.1177,1,91.1595
3.11864,0,90.8366
3.11959,1,91.1396
3.12053,0,90.8571
3.12148,0,90.7499
3.12242,0,90.6562
3.12336,1,91.3721
3.12431,0,90.6992
3.12525,1,91.3256
3.1262,0,90.7368
3.12714,1,91.2849
3.12808,1,91.2493
3.12903,0,91.0197
3.12997,0,90.8922
3.13092,1,91.3431
3.13186,0,90.9057
3.1328,1,91.3002
3.13375,1,91.1377
3.13469,0,91.0425
3.13564,0,90.9122
3.13658,1,91.2455
3.13752,1,91.0898
3.13847,0,91.0481
3.13941,0,90.9171
3.14036,1,91.2036
3.1413,0,90.9275
3.14224,1,91.1781
3.14319,0,90.9365
3.14413,1,91.1559
3.14508,1,91.1364
3.14602,0,91.1945
3.14696,0,91.0452
3.14791,1,91.2443
3.14885,0,91.0395
3.1498,0,90.9096
3.15074,0,90.7959
3.15168,1,91.4638
3.15263,0,90.8214
3.15357,0,90.7187
3.15404,1,91.5308
3.15546,0,90.6289
3.15593,1,91.4645
3.15688,1,91.2814
3.15829,0,90.5503
3.15876,1,91.2462
3.15971,1,91.0905
3.16065,1,90.9541
3.1616,1,90.8349
3.16254,1,90.7305
3.16348,1,90.6392
3.16443,1,90.5593
3.16537,1,90.4894
3.16632,1,90.4282
3.16726,1,90.3747
3.1682,1,90.3278
3.16962,0,90.4815
3.17009,1,90.5369
3.17104,1,90.5948
3.17198,1,90.5204
3.17292,0,90.4213
3.17387,0,90.3686
3.17481,0,90.3226
3.17576,0,90.2822
3.1767,0,90.247
3.17764,0,90.2161
3.17859,0,90.1891
3.17953,0,90.1654
3.18048,0,90.1448
3.18142,0,90.1267
3.18236,0,90.1108
3.18331,0,90.097
3.18425,1,90.4554
3.1852,1,90.3984
3.18614,1,90.4736
3.18708,1,90.5394
3.18803,0,90.2099
3.18897,1,90.472
3.18992,0,90.1836
3.19086,1,90.413
3.1918,0,90.1607
3.19275,1,90.3614
3.19369,0,90.1406
3.19464,0,90.123
3.19558,1,90.3162
3.19652,0,90.1076
3.19747,1,90.2767
3.19841,0,90.0942
3.19936,1,90.2421
3.2003,1,90.2118
3.20124,1,90.1854
3.20219,1,90.1622
3.20313,0,90.2074
3.20408,0,90.3065
3.20502,0,90.3932
3.20596,0,90.344
3.20691,1,90.1419
3.20785,1,90.1242
3.2088,0,90.301
3.20974,1,90.1086
3.21068,0,90.2634
3.21163,0,90.2305
3.21257,0,90.2017
3.21352,1,90.0951
3.21446,0,90.1765
3.2154,1,90.0832
3.21635,0,90.1544
3.21729,1,90.0728
3.21824,1,90.0637
3.21918,0,90.1351
3.22012,0,90.2432
3.22107,1,90.1807
3.22201,0,90.3378
3.22296,1,90.1581
3.2239,1,90.1384
3.22484,0,90.2956
3.22579,0,90.2586
3.22673,1,90.1211
3.22768,1,90.1059
3.22862,0,90.2263
3.22956,0,90.198
3.23051,1,90.0927
3.23145,0,90.1733
3.2324,1,90.0811
3.23334,0,90.1516
3.23428,1,90.071
3.23523,1,90.0621
3.23617,0,90.1327
3.23712,0,90.2411
3.23806,1,90.1793
3.239,0,90.3359
3.23995,0,90.2939
3.24089,0,90.2572
3.24184,1,90.1569
3.24278,0,90.225
3.24372,0,90.1969
3.24514,1,90.2623
3.24561,0,90.4223
3.24703,1,90.4795
3.24797,1,90.5446
3.24844,0,90.7445
3.24986,1,90.6015
3.2508,1,90.6513
3.25175,1,90.6949
3.25269,1,90.733
3.25364,1,90.7664
3.25458,1,90.7956
3.25552,1,90.8212
3.25647,1,90.8435
3.25741,1,90.8631
3.25836,1,90.8802
3.2593,1,90.8952
3.25977,0,92.0264
3.26119,1,90.9083
3.26213,1,90.9197
3.26308,1,91.0548
3.26402,0,92.3981
3.26496,0,92.3484
3.26591,0,92.3048
3.26685,0,92.2667
3.2678,0,92.2334
3.26874,0,92.2042
3.26968,0,92.1787
3.27063,0,92.1563
3.27157,0,92.1368
3.27252,0,92.1197
3.27346,0,92.1047
3.2744,0,92.0916
3.27535,1,92.6729
3.27629,1,92.5888
3.27724,1,92.5152
3.27818,1,92.4508
3.27912,0,92.5802
3.28007,1,92.5195
3.28101,0,92.6327
3.28196,1,92.5795
3.2829,0,92.6786
3.28384,1,92.6321
3.28479,0,92.7188
3.28573,0,92.6289
3.28668,1,92.8031
3.28762,0,92.6753
3.28856,1,92.8277
3.28951,0,92.7159
3.29045,1,92.8492
3.2914,1,92.7431
3.29234,1,92.6502
3.29328,1,92.5689
3.29423,0,93.1264
3.29517,0,92.9856
3.29612,0,92.8624
3.29706,0,92.7546
3.298,1,92.9978
3.29895,1,92.8731
3.29989,0,92.9103
3.30084,1,92.8889
3.30178,0,92.9215
3.30272,0,92.8063
3.30367,0,92.7055
3.30461,1,93.1528
3.30556,0,92.7423
3.3065,1,93.1337
3.30744,0,92.7745
3.30839,1,93.117
3.30933,1,92.9774
3.31028,0,92.9277
3.31122,0,92.8118
3.31216,1,93.1052
3.31311,0,92.8353
3.31405,1,93.0921
3.315,1,92.9555
3.31594,0,92.8559
3.31688,0,92.7489
3.31783,1,93.0861
3.31877,1,92.9503
3.31972,0,92.9053
3.32066,0,92.7921
3.3216,1,93.0815
3.32255,0,92.8181
3.32349,1,93.0714
3.32444,0,92.8408
3.32538,1,93.0624
3.32632,1,92.9296
3.32727,0,92.9857
3.32821,0,92.8625
3.32916,1,93.0634
3.3301,0,92.8797
3.33104,0,92.7697
3.33199,0,92.6735
3.33293,1,93.1805
3.33388,0,92.7143
3.33482,0,92.625
3.33576,0,92.5469
3.33624,1,93.4079
3.33765,0,92.4785
3.33812,1,93.3569
3.33907,1,93.1873
3.34048,0,92.4187
3.34096,1,93.1639
3.3419,1,93.0184
3.34284,1,92.8911
3.34379,1,92.7797
3.34473,1,92.6823
3.34568,1,92.597
3.34662,1,92.5224
3.34756,1,92.4571
3.34851,1,92.3999
3.34945,1,92.3499
3.3504,1,92.3062
3.35181,0,92.3664
3.35228,1,92.3929
3.35323,1,92.3438
3.35417,1,92.3008
3.35559,0,92.1956
3.35653,0,92.1711
3.35748,0,92.1497
3.35842,0,92.131
3.35936,0,92.1146
3.36031,0,92.1003
3.36125,0,92.0878
3.3622,0,92.0768
3.36314,0,92.0672
3.36408,0,92.0588
3.36503,0,92.0515
3.36597,0,91.92
3.36644,1,93.6382
3.36739,1,93.4334
3.36833,1,93.2543
3.36928,1,93.0975
3.37022,1,92.9603
3.37116,0,91.93
3.37211,1,92.8403
3.37305,0,91.9388
3.374,1,92.7352
3.37494,0,91.9464
3.37588,1,92.6433
3.37683,0,91.9531
3.37777,0,91.959
3.37872,1,92.5629
3.37966,0,91.9641
3.3806,1,92.4925
3.38155,0,91.9686
3.38249,1,92.431
3.38344,1,92.3771
3.38438,1,92.33
3.38532,1,92.2887
3.38627,0,91.9725
3.38721,0,91.976
3.38816,0,91.979
3.3891,0,91.9816
3.39004,1,92.2526
3.39099,1,92.221
3.39193,0,91.9839
3.39288,1,92.1934
3.39382,0,91.9859
3.39476,0,91.9877
3.39571,0,91.9892
3.39665,1,92.1692
3.3976,0,91.9906
3.39854,1,92.1481
3.39948,0,91.9917
3.40043,1,92.1296
3.40137,1,92.1134
3.40232,0,91.9928
3.40326,0,91.9937
3.4042,1,92.0992
3.40515,0,91.9945
3.40609,1,92.0868
3.40704,1,92.201
3.40798,0,91.9952
3.40892,0,91.9958
3.40987,1,92.1758
3.41081,1,92.1539
3.41176,0,91.9963
3.4127,0,91.9968
3.41364,1,92.1346
3.41459,0,91.9972
3.41553,1,92.1178
3.41648,0,91.9975
3.41742,1,92.1031
3.41836,1,92.0902
3.41931,0,91.9978
3.42025,0,91.9981
3.4212,1,92.0789
3.42214,0,91.9983
3.42308,0,91.9985
3.42403,0,92.1237
3.42497,1,92.069
3.42592,0,92.1083
3.42686,0,92.0947
3.4278,0,92.0829
3.42922,1,92.1854
3.42969,0,92.3225
3.43111,1,92.2872
3.43205,1,92.3763
3.43252,0,92.6572
3.43394,1,92.4543
3.43488,1,92.5225
3.43583,1,92.5822
3.43677,1,92.6344
3.43772,1,92.6801
3.43866,1,92.7201
3.4396,1,92.7551
3.44055,1,92.7857
3.44149,1,92.8125
3.44244,1,92.8359
3.44338,1,92.8564
3.44385,0,93.9501
3.44527,1,92.8744
3.44621,1,92.8901
3.44716,1,92.9038
3.44763,0,94.2063
3.44857,0,94.0555
3.44952,0,93.9236
3.45046,0,93.8081
3.4514,0,93.7071
3.45235,0,93.6187
3.45329,0,93.5414
3.45424,0,93.4737
3.45518,0,93.4145
3.45612,0,93.3627
3.45707,0,93.3173
3.45801,0,93.2777
3.45943,1,92.9158
3.46037,1,92.9264
3.46132,1,93.0606
3.46226,1,93.178
3.4632,1,93.2807
3.46415,0,93.993
3.46509,1,93.4957
3.46604,0,94.1188
3.46698,1,93.5587
3.46792,0,94.104
3.46887,1,93.7389
3.46981,0,94.216
3.47076,0,94.189
3.4717,1,94.0215
3.47264,0,94.2904
3.47359,1,94.1438
3.47453,0,94.3791
3.47548,1,94.2508
3.47642,1,94.2195
3.47736,1,94.192
3.47831,1,94.168
3.47925,0,94.8317
3.4802,0,94.7277
3.48114,0,94.6368
3.48208,0,94.5572
3.48303,1,94.647
3.48397,1,94.4412
3.48492,0,94.6125
3.48586,1,94.511
3.4868,0,94.661
3.48775,0,94.5783
3.48869,0,94.506
3.48964,1,94.8221
3.49058,0,94.5678
3.49152,1,94.8444
3.49247,0,94.6218
3.49341,1,94.8638
3.49436,1,94.7558
3.4953,0,94.7941
3.49624,0,94.6948
3.49719,1,94.9114
3.49813,0,94.733
3.49908,1,94.9224
3.50002,1,94.8071
3.50096,0,94.7663
3.50191,0,94.6706
3.50285,1,94.8312
3.5038,1,94.7273
3.50474,0,94.8367
3.50568,0,94.7321
3.50663,1,94.8864
3.50757,0,94.7656
3.50852,1,94.9006
3.50946,0,94.7949
3.5104,1,94.913
3.51135,1,94.7989
3.51229,0,94.9456
3.51324,0,94.8274
3.51418,1,94.949
3.51512,0,94.8489
3.51607,0,94.7428
3.51701,0,94.65
3.51796,1,95.0804
3.5189,0,94.5687
3.51984,0,94.4976
3.52079,0,94.4354
3.52173,1,95.3204
3.52268,0,94.506
3.52362,1,95.1553
3.52456,1,94.8859
3.52551,0,94.6927
3.52645,1,94.7752
3.5274,1,94.6783
3.52834,1,94.5935
3.52928,1,94.5193
3.53023,1,94.4544
3.53117,1,94.3976
3.53212,1,94.3479
3.53306,1,94.3044
3.534,1,94.2664
3.53495,1,94.1081
3.53589,1,93.9695
3.53684,0,95.8562
3.53778,0,95.6241
3.53825,1,94.0984
3.5392,1,94.0861
3.54014,1,94.0753
3.54156,0,95.4211
3.5425,0,95.2435
3.54344,0,95.088
3.54439,0,94.952
3.54533,0,94.833
3.54628,0,94.7289
3.54722,0,94.6378
3.54816,0,94.5581
3.54911,0,94.4883
3.55005,0,94.4273
3.551,0,94.2489
3.55194,0,94.0928
3.55241,1,95.4409
3.55336,1,95.2608
3.5543,1,95.1032
3.55524,1,94.9653
3.55619,1,94.8446
3.55713,1,94.739
3.55808,0,94.0812
3.55902,1,94.6467
3.55996,0,93.946
3.56091,1,94.5658
3.56185,0,93.9528
3.5628,1,94.4951
3.56374,0,93.9587
3.56468,0,93.9638
3.56563,1,94.4332
3.56657,0,93.9684
3.56752,1,94.3791
3.56846,0,93.9723
3.5694,1,94.3317
3.57035,1,94.2902
3.57129,1,94.2539
3.57224,1,94.2222
3.57318,0,93.9758
3.57412,0,93.9788
3.57507,0,93.9814
3.57601,0,93.9838
3.57696,1,94.0694
3.5779,1,94.0607
3.57884,0,93.9858
3.57979,1,94.0532
3.58073,0,93.9876
3.58168,0,93.9891
3.58262,0,93.9905
3.58356,1,94.0465
3.58451,0,93.9917
3.58545,1,94.0407
3.5864,0,93.9927
3.58734,1,94.0356
3.58828,1,94.0312
3.58923,0,93.9936
3.59017,0,93.9944
3.59112,1,94.0273
3.59206,0,93.9951
3.593,1,94.0239
3.59395,1,93.8959
3.59489,0,93.9957
3.59584,0,93.9963
3.59678,1,93.9089
3.59772,1,93.9203
3.59867,0,93.9967
3.59961,0,93.9971
3.60056,1,93.9302
3.6015,0,93.9975
3.60244,1,93.939
3.60339,0,93.9978
3.60433,1,93.9466
3.60528,1,93.9533
3.60622,0,93.9981
3.60716,0,93.9983
3.60811,1,93.9591
3.60905,0,93.9985
3.61,0,93.8737
3.61094,0,93.7645
3.61188,1,93.9642
3.61283,0,93.7939
3.61377,0,93.8197
3.61472,0,93.8422
3.61566,1,93.9687
3.6166,0,93.862
3.61755,1,93.9726
3.61849,1,93.976
3.61944,0,93.8792
3.62038,1,93.979
3.62132,1,93.9816
3.62227,1,93.9839
3.62321,1,93.9859
3.62416,1,93.9877
3.6251,1,93.9892
3.62604,1,93.9906
3.62699,1,93.8668
3.62793,1,93.7584
3.62888,1,93.7886
3.62982,1,93.815
3.63076,0,93.8943
3.63171,0,93.9075
3.63265,1,93.8382
3.6336,1,93.8584
3.63454,1,93.8761
3.63548,0,93.9191
3.63643,0,93.9292
3.63737,0,93.938
3.63832,0,93.9458
3.63926,0,93.9526
3.6402,0,93.9585
3.64115,0,93.9637
3.64209,0,93.9682
3.64304,0,93.9722
3.64398,0,93.8507
3.64492,0,93.8693
3.64587,0,93.8857
3.64681,1,93.8916
3.64776,1,93.9051
3.6487,1,93.917
3.64964,1,93.9274
3.65059,1,93.9364
3.65153,1,93.9444
3.65248,0,93.9
3.65342,1,93.9513
3.65436,0,94.0375
3.65531,1,94.0824
3.65625,0,94.1578
3.6572,1,94.1971
3.65814,0,94.2631
3.65908,0,94.3552
3.66003,1,94.2975
3.66097,0,94.3108
3.66192,1,94.2603
3.66286,0,94.2719
3.6638,1,94.2278
3.66475,1,94.1993
3.66569,1,94.1744
3.66664,1,94.1526
3.66758,0,94.2379
3.66852,0,94.2082
3.66947,0,94.1822
3.67041,0,94.1594
3.67136,1,94.2585
3.6723,1,94.3512
3.67324,0,94.2645
3.67419,1,94.4323
3.67513,0,94.3564
3.67608,0,94.4369
3.67702,0,94.5073
3.67796,1,94.3783
3.67891,0,94.4438
3.67985,1,94.331
3.6808,0,94.3884
3.68174,1,94.2896
3.68268,1,94.2534
3.68363,0,94.3398
3.68457,0,94.4223
3.68599,1,94.2217
3.68646,0,94.6195
3.68788,1,94.194
3.68882,1,94.2948
3.68929,0,94.9171
3.69024,0,95.0525
3.69165,1,94.3829
3.6926,1,94.46
3.69307,0,95.4209
3.69401,0,95.4933
3.69543,1,94.5275
3.6959,0,95.5566
3.69732,1,94.5866
3.69779,0,95.6121
3.6992,1,94.6383
3.70015,1,94.6835
3.70109,0,95.9105
3.70204,0,95.9217
3.70298,1,94.9731
3.70392,0,95.9315
3.70487,0,95.8151
3.70581,0,95.8382
3.70676,1,95.3514
3.7077,0,95.9834
3.70864,0,95.9855
3.70959,0,95.9873
3.71053,1,95.8075
3.71148,0,96.1139
3.71242,1,95.9566
3.71336,1,95.962
3.71431,0,96.3497
3.71525,1,96.0917
3.7162,1,96.0803
3.71714,1,96.0702
3.71808,1,96.0615
3.71903,1,96.0538
3.71997,1,95.9221
3.72092,1,95.8068
3.72186,1,95.7059
3.7228,1,95.7427
3.72375,1,95.7749
3.72469,1,95.803
3.72564,0,97.5559
3.72658,0,97.3615
3.72752,1,96.0776
3.72847,1,96.0679
3.72941,1,96.0594
3.73036,0,97.5663
3.7313,0,97.3705
3.73224,0,97.1992
3.73319,0,97.0493
3.73413,0,96.9181
3.73508,0,96.8034
3.73602,0,96.7029
3.73696,0,96.4901
3.73791,0,96.3038
3.73885,0,96.1408
3.7398,0,96.1232
3.74074,0,96.1078
3.74168,1,97.427
3.74263,1,97.2486
3.74357,1,97.0925
3.74452,1,96.956
3.74546,1,96.8365
3.7464,1,96.7319
3.74735,0,96.8443
3.74829,1,96.7654
3.74924,0,96.8638
3.75018,1,96.7948
3.75112,0,96.8808
3.75207,1,96.8204
3.75301,0,96.8957
3.75396,0,96.6588
3.7549,1,96.8429
3.75584,0,96.5764
3.75679,1,96.7375
3.75773,0,96.6294
3.75868,1,96.7703
3.75962,1,96.674
3.76056,1,96.5898
3.76151,1,96.516
3.76245,0,97.0507
3.7634,0,96.9194
3.76434,0,96.8044
3.76528,0,96.7039
3.76623,1,96.9515
3.76717,1,96.8326
3.76812,0,96.8659
3.76906,1,96.8535
3.77,0,96.8827
3.77095,0,96.6473
3.77189,0,96.4414
3.77284,1,96.9968
3.77378,0,96.3862
3.77472,1,96.9972
3.77567,0,96.463
3.77661,1,96.9976
3.77756,1,96.8729
3.7785,0,96.6551
3.77944,0,96.5732
3.78039,1,97.0138
3.78133,0,96.6265
3.78228,1,97.012
3.78322,1,96.8855
3.78416,0,96.7982
3.78511,0,96.6984
3.78605,1,97.0248
3.787,1,96.7717
3.78794,0,96.7361
3.78888,0,96.5191
3.78983,1,96.8003
3.79077,0,96.4542
3.79172,1,96.7002
3.79266,0,96.5225
3.7936,1,96.6127
3.79455,1,96.4111
3.79549,0,96.7071
3.79644,0,96.4938
3.79738,1,96.4847
3.79832,0,96.432
3.79927,0,96.378
3.80021,0,96.3308
3.80116,1,96.7991
3.8021,0,96.4144
3.80304,0,96.3626
3.80399,0,96.1923
3.80493,1,96.9492
3.80588,0,96.1683
3.80682,1,96.8306
3.80776,1,96.6018
3.80871,0,96.2722
3.80965,1,96.5265
3.8106,1,96.3357
3.81154,1,96.1688
3.81248,1,96.0227
3.81343,1,95.8948
3.81437,1,95.783
3.81532,1,95.8101
3.81626,1,95.8338
3.8172,1,95.8546
3.81815,1,95.8728
3.81909,1,95.8887
3.82004,0,97.4882
3.82098,0,97.1772
3.82192,1,96.0276
3.82287,1,95.8991
3.82381,1,95.7868
3.82476,0,97.28
3.8257,0,96.995
3.82664,0,96.7456
3.82759,0,96.5274
3.82853,0,96.3365
3.82948,0,96.1694
3.83042,0,96.0233
3.83136,0,95.8954
3.83231,0,95.9084
3.83325,0,95.9199
3.8342,0,95.9299
3.83514,0,95.9387
3.83608,1,97.1884
3.83703,1,97.0399
3.83797,1,96.7849
3.83892,1,96.5618
3.83986,1,96.3665
3.8408,1,96.1957
3.84175,0,96.5713
3.84269,1,96.1713
3.84364,0,96.4999
3.84458,1,96.1499
3.84552,0,96.4374
3.84647,1,96.1311
3.84741,0,96.3827
3.84836,0,96.2099
3.8493,0,96.1837
3.84977,1,96.2397
3.85119,0,96.1607
3.85166,1,96.3348
3.85308,0,96.1406
3.85355,1,96.4179
3.85449,1,96.3657
3.85544,1,96.32
3.85638,1,96.28
3.8578,0,95.998
3.85874,0,95.8733
3.85968,0,95.7641
3.86063,0,95.6686
3.8611,1,96.745
3.86204,1,96.6519
3.86346,0,95.585
3.86393,1,96.5704
3.86535,0,95.5119
3.86629,0,95.5729
3.86724,0,95.6263
3.86771,1,96.7491
3.86865,1,96.6554
3.8696,0,95.673
3.87054,1,96.5735
3.87148,0,95.7139
3.87243,1,96.5018
3.87337,1,96.4391
3.87432,0,95.7496
3.87526,0,95.7809
3.8762,1,96.3842
3.87715,0,95.8083
3.87809,1,96.3362
3.87904,1,96.2942
3.87998,0,95.7073
3.88092,0,95.6189
3.88187,1,96.1324
3.88281,1,96.1158
3.88376,0,95.6665
3.8847,0,95.7082
3.88564,1,96.1014
3.88659,0,95.7447
3.88753,1,96.0887
3.88848,0,95.7766
3.88942,1,96.0776
3.89036,1,96.0679
3.89131,0,95.8045
3.89225,0,95.8289
3.8932,1,96.0594
3.89414,0,95.8503
3.89508,0,95.869
3.89603,0,95.8854
3.89697,1,95.927
3.89792,0,95.7747
3.89886,0,95.6779
3.8998,0,95.7182
3.90075,1,95.9361
3.90169,0,95.7534
3.90264,1,95.9441
3.90358,1,95.9511
3.90452,0,95.7842
3.90547,1,95.9572
3.90641,1,95.9625
3.90736,1,95.9672
3.9083,1,95.9713
3.90924,1,95.9749
3.91019,1,95.978
3.91113,1,95.9808
3.91208,1,95.9832
3.91302,1,95.9853
3.91396,1,95.8621
3.91491,1,95.7544
3.91585,0,95.6862
3.9168,0,95.7254
3.91774,1,95.7851
3.91868,1,95.8119
3.91963,1,95.8354
3.92057,0,95.7597
3.92152,0,95.7898
3.92246,0,95.816
3.9234,0,95.839
3.92435,0,95.8592
3.92529,0,95.8768
3.92624,0,95.8922
3.92718,0,95.9056
3.92812,0,95.9174
3.92907,0,95.9278
3.93001,0,95.9368
3.93096,0,95.8197
3.9319,1,95.731
3.93284,1,95.6396
3.93379,1,95.6847
3.93473,1,95.7241
3.93568,1,95.7586
3.93662,1,95.7888
3.93756,0,95.8422
3.93851,1,95.8152
3.93945,0,95.862
3.9404,1,95.8383
3.94134,0,95.8792
3.94228,1,95.8585
3.94323,0,95.8943
3.94417,0,95.9075
3.94512,0,95.9191
3.94606,1,96.0012
3.947,0,95.9292
3.94795,1,96.001
3.94889,0,95.813
3.94984,1,96.0009
3.95078,1,96.0008
3.95172,1,96.0007
3.95267,1,96.0006
3.95361,0,95.8364
3.95456,0,95.8569
3.9555,0,95.8748
3.95644,0,95.8904
3.95739,1,96.0005
3.95833,1,96.0005
3.95928,0,95.9041
3.96022,1,96.1254
3.96116,0,95.9161
3.96211,0,95.9266
3.96305,0,95.9358
3.964,1,96.1097
3.96494,1,96.096
3.96588,0,95.9438
3.96683,1,96.084
3.96777,0,95.9508
3.96872,1,96.0735
3.96966,1,96.0643
3.9706,0,95.957
3.97155,0,95.9623
3.97249,1,96.0563
3.97344,0,95.967
3.97438,1,96.0492
3.97532,1,96.0431
3.97627,0,96.0962
3.97721,0,96.2091
3.97816,1,96.1627
3.9791,1,96.2674
3.98004,0,96.308
3.98099,0,96.2695
3.98193,1,96.2339
3.98288,0,96.2358
3.98382,1,96.2047
3.98476,0,96.2063
3.98571,1,96.1791
3.98665,1,96.1567
3.9876,0,96.1805
3.98854,0,96.158
3.98948,1,96.1371
3.99043,0,96.1382
3.99137,0,96.1209
3.99232,0,96.1058
3.99326,1,96.245
3.9942,0,96.2176
3.99515,0,96.3154
3.99609,0,96.401
3.99704,1,96.3394
3.99798,0,96.3509
3.99892,1,96.2969
3.99987,1,96.2598
4.00081,0,96.307
4.00176,1,96.2273
4.0027,1,96.1989
4.00364,1,96.1741
4.00459,1,96.1523
4.00553,1,96.1333
4.00648,1,96.1166
4.00742,1,96.102
4.00836,1,96.0893
4.00931,1,96.0781
4.01025,1,96.1934
4.0112,1,96.2942
4.01214,0,96.3936
4.01308,0,96.4694
4.01403,1,96.3824
4.01497,1,96.3346
4.01592,1,96.2928
4.01686,0,96.4107
4.0178,0,96.3594
4.01875,0,96.3145
4.01969,0,96.2752
4.02064,0,96.2408
4.02158,0,96.2107
4.02252,0,96.1843
4.02347,0,96.1613
4.02441,0,96.1411
4.02536,0,96.1235
4.0263,0,96.1081
4.02724,0,96.2195
4.02819,1,96.3812
4.02913,1,96.4585
4.03008,1,96.5262
4.03102,1,96.5854
4.03196,1,96.5123
4.03291,1,96.4482
4.03385,0,96.1921
4.0348,1,96.3922
4.03574,0,96.1681
4.03668,1,96.3432
4.03763,0,96.1471
4.03857,1,96.3003
4.03952,0,96.1287
4.04046,0,96.1126
4.0414,0,96.0985
4.04235,1,96.2627
4.04329,0,96.0862
4.04424,1,96.3549
4.04518,0,96.2004
4.04612,1,96.4355
4.04707,1,96.5061
4.04801,1,96.5678
4.04896,1,96.4969
4.0499,0,96.1754
4.05084,0,96.2785
4.05179,0,96.3686
4.05273,0,96.4476
4.05415,1,96.5597
4.05509,1,96.6148
4.05556,0,96.7666
4.05698,1,96.5379
4.05745,0,96.9208
4.0584,0,96.9307
4.05934,0,96.9394
4.06076,1,96.5957
4.0617,1,96.6462
4.06217,0,97.1969
4.06359,1,96.6904
4.06406,0,97.4223
4.06548,1,96.7291
4.06642,1,96.888
4.06736,0,97.7445
4.06831,0,97.7765
4.06925,1,97.277
4.0702,0,97.9294
4.07114,1,97.4924
4.07208,1,97.5558
4.07303,0,98.1882
4.07397,0,98.0397
4.07492,1,97.7363
4.07586,1,97.6443
4.0768,0,98.1597
4.07775,0,98.0148
4.07869,1,97.8138
4.07964,0,98.1379
4.08058,1,97.962
4.08152,0,98.2457
4.08247,1,98.0918
4.08341,1,98.0803
4.08436,0,98.465
4.0853,0,98.4068
4.08624,1,98.3203
4.08719,0,98.481
4.08813,0,98.4209
4.08908,0,98.3683
4.09002,1,98.6552
4.09096,0,98.3222
4.09191,0,98.1569
4.09285,0,98.0123
4.0938,1,98.8233
4.09474,0,98.0108
4.09568,1,98.7204
4.09663,1,98.6304
4.09757,0,98.2594
4.09852,1,98.6766
4.09946,1,98.592
4.1004,1,98.518
4.10135,1,98.4532
4.10229,1,98.3966
4.10324,1,98.347
4.10418,1,98.3036
4.10512,1,98.2657
4.10607,1,98.2325
4.10701,1,98.2034
4.10796,1,98.053
4.1089,0,99.477
4.10984,0,99.1674
4.11079,1,98.1714
4.11173,1,98.0249
4.11268,1,98.0218
4.11362,0,99.2715
4.11456,0,99.1125
4.11551,0,98.9735
4.11645,0,98.8518
4.1174,0,98.7453
4.11834,0,98.6521
4.11928,0,98.5706
4.12023,0,98.4993
4.12117,0,98.4369
4.12212,0,98.3823
4.12306,0,98.3345
4.124,0,98.2927
4.12495,1,99.3941
4.12589,1,99.0948
4.12684,1,98.833
4.12778,1,98.6039
4.12872,1,98.4034
4.12967,1,98.353
4.13061,0,98.8811
4.13156,1,98.4338
4.1325,0,98.896
4.13344,1,98.5046
4.13439,0,98.909
4.13533,1,98.5665
4.13628,0,98.9203
4.13722,0,98.8053
4.13816,0,98.7046
4.13911,1,98.8707
4.14005,0,98.7416
4.141,1,98.7619
4.14194,0,98.6489
4.14288,1,98.6666
4.14383,1,98.4583
4.14477,1,98.276
4.14572,1,98.1165
4.14666,0,98.9428
4.1476,0,98.8249
4.14855,0,98.7218
4.14949,0,98.6316
4.15044,1,98.602
4.15138,1,98.4017
4.15232,0,98.8026
4.15327,1,98.3515
4.15421,0,98.8273
4.15516,0,98.7239
4.1561,0,98.6334
4.15704,1,98.6826
4.15799,1,98.4722
4.15893,0,98.6792
4.15988,1,98.4132
4.16082,0,98.5943
4.16176,1,98.3616
4.16271,1,98.1914
4.16365,0,98.645
4.1646,0,98.4394
4.16554,1,98.2924
4.16648,0,98.3845
4.16743,1,98.2559
4.16837,1,98.0989
4.16932,0,98.4614
4.17026,0,98.2787
4.1712,1,98.2115
4.17215,1,98.1851
4.17309,0,98.4939
4.17404,0,98.4322
4.17498,1,98.287
4.17592,0,98.3781
4.17687,1,98.2511
4.17781,0,98.3309
4.17876,1,98.2197
4.1797,1,98.0672
4.18064,0,98.4145
4.18159,0,98.2377
4.18253,1,98.1838
4.18348,0,98.208
4.18442,0,98.057
4.18536,0,97.9249
4.18631,1,98.4109
4.18725,0,97.9343
4.1882,0,97.9425
4.18914,0,97.9497
4.19008,1,98.6095
4.19103,0,98.081
4.19197,1,98.5333
4.19292,1,98.3416
4.19386,0,98.1958
4.1948,1,98.2989
4.19575,1,98.1366
4.19669,1,97.9945
4.19764,1,97.8702
4.19858,1,97.7614
4.19952,1,97.6662
4.20047,1,97.583
4.20141,1,97.5101
4.20236,1,97.4463
4.2033,1,97.3905
4.20424,1,97.3417
4.20519,0,99.4214
4.20613,0,99.2437
4.20708,1,97.674
4.20802,1,97.7148
4.20896,1,97.6254
4.20991,0,99.3382
4.21085,0,99.0459
4.2118,0,98.7902
4.21274,0,98.5664
4.21368,0,98.3706
4.21463,0,98.1993
4.21557,0,98.0494
4.21652,0,97.9182
4.21746,0,97.8034
4.2184,0,97.703
4.21935,0,97.6151
4.22029,0,97.5382
4.22124,1,99.0472
4.22218,1,98.9163
4.22312,1,98.8018
4.22407,1,98.7016
4.22501,1,98.6139
4.22596,1,98.4121
4.2269,0,98.096
4.22784,1,98.3606
4.22879,0,98.084
4.22973,1,98.3155
4.23068,0,98.0735
4.23162,1,98.2761
4.23256,0,98.0643
4.23351,0,97.9312
4.23445,0,97.8148
4.2354,1,98.4916
4.23634,0,97.838
4.23728,1,98.4301
4.23823,0,97.8582
4.23917,1,98.5014
4.24012,1,98.4387
4.24106,1,98.3839
4.242,1,98.3359
4.24295,0,98.251
4.24389,0,98.0946
4.24484,0,97.9578
4.24578,0,97.838
4.24672,1,98.6689
4.24767,1,98.4603
4.24861,0,97.9833
4.24956,1,98.4027
4.2505,0,97.9854
4.25144,0,97.8622
4.25239,0,97.7544
4.25333,1,98.6024
4.25428,1,98.4021
4.25522,0,97.9101
4.25616,1,98.4768
4.25711,0,98.0464
4.25805,1,98.5422
4.259,1,98.3495
4.25994,0,98.1656
4.26088,0,98.0199
4.26183,1,98.4308
4.26277,0,98.0174
4.26372,1,98.3769
4.26466,1,98.2048
4.2656,0,98.1402
4.26655,0,97.9977
4.26749,1,98.3042
4.26844,1,98.1412
4.26938,0,98.123
4.27032,0,97.9826
4.27127,1,98.2485
4.27221,0,97.9848
4.27316,1,98.3425
4.2741,0,98.1117
4.27504,1,98.4247
4.27599,1,98.2466
4.27693,0,98.2227
4.27788,0,98.0699
4.27882,1,98.3408
4.27976,0,98.0611
4.28071,0,97.9285
4.28165,0,97.8124
4.2826,1,98.5482
4.28354,0,97.8359
4.28448,0,97.7314
4.28543,0,97.64
4.28637,1,98.7296
4.28732,0,97.685
4.28826,1,98.6384
4.2892,1,98.5586
4.29015,0,97.8494
4.29109,1,98.6138
4.29204,1,98.5371
4.29298,1,98.3449
4.29392,1,98.1768
4.29487,1,98.0297
4.29581,1,97.901
4.29676,1,97.7884
4.2977,1,97.6898
4.29864,1,97.6036
4.29959,1,97.5281
4.30053,1,97.4621
4.30148,0,99.1182
4.30242,0,98.8534
4.30336,0,98.6217
4.30384,1,97.6544
4.30478,1,97.5726
4.30572,1,97.501
4.30714,0,98.544
4.30808,0,98.476
4.30903,0,98.4165
4.30997,0,98.2394
4.31092,0,98.0845
4.31186,0,97.949
4.3128,0,97.8303
4.31375,0,97.7265
4.31469,0,97.6357
4.31564,0,97.5563
4.31658,0,97.4867
4.31752,0,97.4259
4.318,1,98.9384
4.31894,1,98.6961
4.31988,1,98.4841
4.32083,1,98.2986
4.32177,1,98.1362
4.32272,1,97.9942
4.32366,1,97.9949
4.3246,0,97.4976
4.32555,1,97.9956
4.32649,0,97.5604
4.32744,1,97.9961
4.32838,0,97.6154
4.32932,1,97.9966
4.33027,0,97.6635
4.33121,0,97.7055
4.33216,0,97.7423
4.3331,1,97.997
4.33404,0,97.7745
4.33499,1,97.8724
4.33593,0,97.6777
4.33688,1,97.7633
4.33782,1,97.6679
4.33876,1,97.5844
4.33971,1,97.5114
4.34065,0,97.718
4.3416,0,97.7533
4.34254,0,97.7841
4.34348,0,97.8111
4.34443,1,97.5725
4.34537,1,97.6259
4.34632,0,97.8347
4.34726,1,97.6727
4.3482,0,97.8554
4.34915,0,97.8734
4.35009,0,97.8893
4.35104,1,97.7136
4.35198,1,97.6244
4.35292,0,97.7781
4.35387,1,97.5463
4.35481,0,97.6808
4.35576,1,97.478
4.3567,1,97.5433
4.35764,0,97.7207
4.35859,0,97.7556
4.35953,1,97.6004
4.36048,0,97.7862
4.36142,1,97.6503
4.36236,1,97.694
4.36331,0,97.8129
4.36425,0,97.8363
4.3652,1,97.7323
4.36614,1,97.7657
4.36708,0,97.8568
4.36803,0,97.8747
4.36897,1,97.67
4.36992,0,97.7653
4.37086,1,97.5863
4.3718,0,97.6697
4.37275,1,97.513
4.37369,1,97.5739
4.37464,0,97.711
4.37558,0,97.7471
4.37652,1,97.6271
4.37747,0,97.7787
4.37841,0,97.8064
4.37936,0,97.8306
4.3803,1,97.6737
4.38124,0,97.8517
4.38219,0,97.8703
4.38313,0,97.8865
4.38408,1,97.7145
4.38502,0,97.9007
4.38596,1,97.6252
4.38691,1,97.5471
4.38785,0,97.7881
4.3888,1,97.4787
4.38974,1,97.4188
4.39068,1,97.4915
4.39163,1,97.555
4.39257,1,97.6107
4.39352,1,97.6593
4.39446,1,97.7019
4.3954,1,97.7392
4.39635,1,97.7718
4.39729,1,97.8003
4.39824,1,97.8253
4.39918,0,97.8146
4.40012,0,97.8378
4.40107,0,97.858
4.40201,1,97.9721
4.40296,1,97.9756
4.4039,1,97.9786
4.40484,0,97.7508
4.40579,0,97.6569
4.40673,0,97.5748
4.40768,0,97.628
4.40862,0,97.6745
4.40956,0,97.7152
4.41051,0,97.7508
4.41145,0,97.7819
4.4124,0,97.8092
4.41334,0,97.833
4.41428,0,97.8539
4.41523,0,97.8722
4.41617,1,98.1063
4.41712,1,98.218
4.41806,1,98.3158
4.419,1,98.4013
4.41995,1,98.3511
4.42089,1,98.3072
4.42184,1,98.2688
4.42278,0,97.8881
4.42372,1,98.2352
4.42467,0,97.9021
4.42561,1,98.2058
4.42656,0,97.9144
4.4275,1,98.1801
4.42844,0,97.9251
4.42939,0,97.9344
4.43033,0,97.9426
4.43128,1,98.1576
4.43222,0,97.9498
4.43316,1,98.2629
4.43411,0,98.0811
4.43505,1,98.355
4.436,1,98.3106
4.43694,1,98.2718
4.43788,1,98.2378
4.43883,0,98.0709
4.43977,0,98.0621
4.44072,0,98.0543
4.44166,0,98.0475
4.4426,1,98.2081
4.44355,1,98.1821
4.44449,0,98.0416
4.44544,1,98.1593
4.44638,0,98.0364
4.44732,0,98.0318
4.44827,0,98.0279
4.44921,1,98.1394
4.45016,1,98.247
4.4511,0,98.1494
4.45204,1,98.3411
4.45299,0,98.1307
4.45393,1,98.2985
4.45488,1,98.2612
4.45582,0,98.1144
4.45676,0,98.1001
4.45771,1,98.2285
4.45865,0,98.0876
4.4596,1,98.2
4.46054,1,98.175
4.46148,0,98.0766
4.46243,0,98.067
4.46337,1,98.1531
4.46432,1,98.134
4.46526,0,98.0587
4.4662,0,98.0513
4.46715,1,98.2422
4.46809,0,98.1699
4.46904,1,98.3369
4.46998,0,98.1487
4.47092,1,98.2948
4.47187,1,98.258
4.47281,0,98.1301
4.47376,0,98.1138
4.4747,1,98.2257
4.47564,0,98.0996
4.47659,0,98.0871
4.47753,0,98.0763
4.47848,1,98.1975
4.47942,0,98.0667
4.48036,0,98.0584
4.48131,0,98.0511
4.48225,1,98.1728
4.4832,0,98.0447
4.48414,1,98.2762
4.48508,1,98.3667
4.48603,0,98.1641
4.48697,1,98.3208
4.48792,1,98.2807
4.48886,1,98.2456
4.4898,1,98.2149
4.49075,1,98.1881
4.49169,1,98.1646
4.49264,1,98.144
4.49358,1,98.126
4.49452,1,98.1102
4.49547,1,98.0965
4.49641,1,98.0844
4.49736,0,98.1436
4.4983,0,98.1256
4.49924,0,98.1099
4.50019,1,98.0739
4.50113,1,98.1896
4.50208,1,98.2909
4.50302,0,98.2212
4.50396,0,98.1935
4.50491,0,98.1694
4.50585,0,98.1482
4.5068,0,98.1297
4.50774,0,98.1135
4.50868,0,98.0993
4.50963,0,98.0869
4.51057,0,98.076
4.51152,0,98.0665
4.51246,0,98.0582
4.5134,0,98.0509
4.51435,1,98.2546
4.51529,1,98.2227
4.51624,1,98.1949
4.51718,1,98.1705
4.51812,1,98.2742
4.51907,1,98.3649
4.52001,1,98.4443
4.52096,0,98.0446
4.5219,1,98.3888
4.52284,0,98.039
4.52379,1,98.3402
4.52473,0,98.0341
4.52568,1,98.2977
4.52662,0,98.0298
4.52756,0,98.0261
4.52851,0,98.0228
4.52945,1,98.2604
4.5304,0,98.02
4.53134,1,98.2279
4.53228,0,98.0175
4.53323,1,98.1994
4.53417,1,98.2995
4.53512,1,98.387
4.53606,1,98.4637
4.537,0,98.1403
4.53795,0,98.1228
4.53889,0,98.1074
4.53984,0,98.094
4.54078,1,98.4057
4.54172,1,98.355
4.54267,0,98.0822
4.54361,1,98.3106
4.54456,0,98.072
4.5455,0,98.063
4.54644,0,98.0551
4.54739,1,98.2718
4.54833,1,98.2378
4.54928,0,98.0482
4.55022,1,98.2081
4.55116,0,98.1672
4.55211,1,98.3071
4.55305,1,98.3937
4.554,0,98.1463
4.55494,0,98.128
4.55588,1,98.3445
4.55683,0,98.112
4.55777,1,98.3014
4.55872,1,98.2637
4.55966,0,98.098
4.5606,0,98.0857
4.56155,1,98.2308
4.56249,1,98.2019
4.56344,0,98.075
4.56438,0,98.0657
4.56532,1,98.1767
4.56627,0,98.0574
4.56721,1,98.1546
4.56816,0,98.1753
4.5691,1,98.2603
4.57004,1,98.3527
4.57099,0,98.1534
4.57193,0,98.1342
4.57288,1,98.3086
4.57382,0,98.1174
4.57476,0,98.1027
4.57571,0,98.0899
4.57665,1,98.2701
4.5776,0,98.0787
4.57854,0,98.0688
4.57948,0,98.0602
4.58043,1,98.2363
4.58137,0,98.0527
4.58232,1,98.2068
4.58326,1,98.1809
4.5842,0,98.0461
4.58515,1,98.2833
4.58609,1,98.3729
4.58704,1,98.4513
4.58798,1,98.3949
4.58892,1,98.3455
4.58987,1,98.3023
4.59081,1,98.2645
4.59176,1,98.2315
4.5927,1,98.2025
4.59364,1,98.1772
4.59459,1,98.1551
4.59553,0,98.0403
4.59648,0,98.0353
4.59742,0,98.0309
4.59836,1,98.1357
4.59931,1,98.1187
4.60025,1,98.1039
4.6012,0,98.027
4.60214,0,98.1486
4.60308,0,98.2551
4.60403,0,98.3482
4.60497,0,98.3047
4.60592,0,98.2666
4.60686,0,98.2333
4.6078,0,98.2041
4.60875,0,98.1786
4.60969,0,98.1563
4.61064,0,98.1367
4.61158,0,98.1196
4.61252,1,98.0909
4.61347,1,98.0795
4.61441,1,98.0696
4.61536,1,98.0609
4.6163,1,98.0533
4.61724,1,98.0466
4.61819,1,98.0408
4.61913,0,98.2297
4.62008,1,98.1607
4.62102,0,98.326
4.62196,1,98.1406
4.62291,0,98.2852
4.62385,1,98.123
4.6248,0,98.2496
4.62574,0,98.2184
4.62668,0,98.1911
4.62763,1,98.1077
4.62857,0,98.1672
4.62952,1,98.0942
4.63046,0,98.1463
4.6314,1,98.0824
4.63235,1,98.0721
4.63329,1,98.0631
4.63424,1,98.0552
4.63518,0,98.128
4.63612,0,98.237
4.63707,0,98.3324
4.63801,0,98.4158
4.63896,1,98.0483
4.6399,1,98.0423
4.64084,0,98.3639
4.64179,1,98.037
4.64273,0,98.3184
4.64368,0,98.2786
4.64462,0,98.2438
4.64556,1,98.0324
4.64651,1,98.0283
4.64745,0,98.2133
4.6484,1,98.0248
4.64934,0,98.1866
4.65076,1,98.0217
4.6517,1,98.019
4.65217,0,98.5383
4.65312,0,98.721
4.65453,1,98.1416
4.655,0,99.0059
4.65642,1,98.2489
4.65736,1,98.3428
4.65784,0,99.2551
4.65878,0,99.2233
4.6602,1,98.4249
4.66114,1,98.4968
4.66161,0,99.4453
4.66256,0,99.3897
4.66397,1,98.4347
4.66444,0,99.466
4.66586,1,98.3804
4.66633,0,99.5327
4.66775,1,98.3328
4.66869,1,98.4162
4.66964,0,99.7161
4.67058,0,99.7516
4.67152,1,98.7392
4.67247,0,99.9077
4.67341,0,99.9192
4.67436,0,99.9293
4.6753,1,99.2718
4.67624,0,100.063
4.67719,0,100.055
4.67813,0,100.048
4.67908,1,99.7378
4.68002,0,100.167
4.68096,1,99.7706
4.68191,1,99.6743
4.68285,0,100.271
4.6838,1,99.715
4.68474,1,99.6256
4.68568,1,99.5474
4.68663,1,99.479
4.68757,1,99.5441
4.68852,1,99.6011
4.68946,1,99.651
4.6904,1,99.6946
4.69135,1,99.7328
4.69229,1,99.7662
4.69324,1,99.7954
4.69418,0,101.487
4.69512,0,101.302
4.69607,0,101.139
4.69701,1,100.196
4.69796,1,100.046
4.6989,1,99.9157
4.69984,0,101.246
4.70079,0,100.966
4.70173,0,100.72
4.70268,0,100.505
4.70362,0,100.317
4.70456,0,100.277
4.70551,0,100.243
4.70645,0,100.212
4.7074,0,100.186
4.70834,0,100.163
4.70928,0,100.142
4.71023,0,100.124
4.71117,1,101.301
4.71212,1,101.139
4.71306,1,100.996
4.714,1,100.872
4.71495,1,100.638
4.71589,1,100.433
4.71684,1,100.254
4.71778,0,100.859
4.71872,1,100.222
4.71967,0,100.752
4.72061,1,100.194
4.72156,0,100.658
4.7225,1,100.295
4.72344,0,100.7
4.72439,0,100.613
4.72533,0,100.536
4.72628,1,100.633
4.72722,0,100.594
4.72816,1,100.679
4.72911,0,100.645
4.73005,1,100.719
4.731,1,100.504
4.73194,1,100.316
4.73288,1,100.152
4.73383,0,100.939
4.73477,0,100.697
4.73572,0,100.485
4.73666,0,100.299
4.7376,1,100.508
4.73855,1,100.444
4.73949,0,100.387
4.74044,1,100.514
4.74138,0,100.463
4.74232,0,100.406
4.74327,0,100.355
4.74421,1,100.825
4.74516,1,100.721
4.7461,0,100.56
4.74704,1,100.756
4.74799,0,100.49
4.74893,1,100.662
4.74988,1,100.454
4.75082,0,100.554
4.75176,0,100.36
4.75271,1,100.522
4.75365,0,100.315
4.7546,1,100.457
4.75554,1,100.275
4.75648,0,100.401
4.75743,0,100.35
4.75837,1,100.366
4.75932,1,100.195
4.76026,0,100.557
4.7612,0,100.487
4.76215,1,100.295
4.76309,0,100.551
4.76404,1,100.384
4.76498,0,100.482
4.76592,1,100.336
4.76687,1,100.169
4.76781,0,100.547
4.76876,0,100.354
4.7697,1,100.273
4.77064,0,100.309
4.77159,0,100.146
4.77253,0,100.003
4.77348,1,100.488
4.77442,0,100.002
4.77536,0,99.8769
4.77631,0,99.7673
4.77725,1,100.677
4.7782,0,99.7964
4.77914,1,100.593
4.78008,1,100.519
4.78103,0,99.9468
4.78197,1,100.454
4.78292,1,100.272
4.78386,1,100.113
4.7848,1,99.9739
4.78575,1,99.8522
4.78669,1,99.7457
4.78764,1,99.6525
4.78858,1,99.5709
4.78952,1,99.4995
4.79047,1,99.4371
4.79141,1,99.3825
4.79236,0,101.203
4.7933,0,100.928
4.79424,0,100.687
4.79519,1,99.7097
4.79613,1,99.6209
4.79708,1,99.6683
4.79802,0,100.851
4.79896,0,100.62
4.79991,0,100.417
4.80085,0,100.24
4.8018,0,100.085
4.80274,0,99.9495
4.80368,0,99.8308
4.80463,0,99.7269
4.80557,0,99.6361
4.80652,0,99.5566
4.80746,0,99.487
4.8084,0,99.4261
4.80935,1,101.085
4.81029,1,100.824
4.81124,1,100.596
4.81218,1,100.397
4.81312,1,100.222
4.81407,1,100.194
4.81501,1,100.17
4.81596,0,100.123
4.8169,1,100.149
4.81784,0,100.107
4.81879,1,100.13
4.81973,0,100.094
4.82068,1,100.114
4.82162,0,100.082
4.82256,0,99.947
4.82351,0,99.8286
4.82445,1,100.35
4.8254,0,99.8501
4.82634,1,100.306
4.82728,0,99.8688
4.82823,1,100.268
4.82917,1,100.109
4.83012,1,100.096
4.83106,1,100.084
4.832,0,100.26
4.83295,0,100.103
4.83389,0,99.9648
4.83484,0,99.8442
4.83578,1,100.448
4.83672,1,100.267
4.83767,0,99.9887
4.83861,1,100.234
4.83956,0,99.9901
4.8405,0,99.8664
4.84144,0,99.7581
4.84239,1,100.455
4.84333,1,100.273
4.84428,0,99.9133
4.84522,1,100.239
4.84616,0,99.9241
4.84711,1,100.209
4.84805,1,100.183
4.849,0,100.059
4.84994,0,99.9263
4.85088,1,100.285
4.85183,0,99.9355
4.85277,1,100.249
4.85372,1,100.093
4.85466,0,100.069
4.8556,0,99.935
4.85655,1,100.206
4.85749,1,100.056
4.85844,0,100.068
4.85938,0,99.9346
4.86032,1,100.174
4.86127,0,99.9428
4.86221,1,100.152
4.86316,0,99.9499
4.8641,1,100.133
4.86504,1,100.116
4.86599,0,100.081
4.86693,0,99.946
4.86788,1,100.227
4.86882,0,99.9528
4.86976,0,99.8337
4.87071,0,99.7295
4.87165,1,100.448
4.8726,0,99.7633
4.87354,0,99.6679
4.87448,0,99.5844
4.87543,1,100.642
4.87637,0,99.6363
4.87732,1,100.562
4.87826,1,100.367
4.8792,0,99.8068
4.88015,1,100.321
4.88109,1,100.281
4.88204,1,100.246
4.88298,1,100.09
4.88392,1,99.9538
4.88487,1,99.8346
4.88581,1,99.7302
4.88676,1,99.639
4.8877,1,99.5591
4.88864,1,99.4892
4.88959,1,99.428
4.89053,0,100.956
4.89148,0,100.711
4.89242,0,100.498
4.89336,1,99.7495
4.89431,1,99.6558
4.89525,1,99.5739
4.8962,0,100.685
4.89714,0,100.475
4.89808,0,100.415
4.89903,0,100.363
4.89997,0,100.193
4.90092,0,100.044
4.90186,0,99.9134
4.9028,0,99.7992
4.90375,0,99.6993
4.90469,0,99.6119
4.90564,0,99.5354
4.90658,0,99.4685
4.90752,1,100.877
4.90847,1,100.642
4.90941,1,100.437
4.91036,1,100.258
4.9113,1,100.1
4.91224,1,99.9628
4.91319,1,99.8424
4.91413,0,100.285
4.91508,1,99.8621
4.91602,0,100.374
4.91696,1,99.8794
4.91791,0,100.328
4.91885,1,99.8944
4.9198,0,100.287
4.92074,0,100.126
4.92168,0,99.985
4.92263,1,100.158
4.92357,0,99.9869
4.92452,1,100.138
4.92546,0,99.9885
4.9264,1,100.121
4.92735,1,99.9806
4.92829,1,99.858
4.92924,1,99.7508
4.93018,0,100.365
4.93112,0,100.194
4.93207,0,100.17
4.93301,0,100.149
4.93396,1,100.032
4.9349,1,99.9029
4.93584,0,100.255
4.93679,1,99.9151
4.93773,0,100.223
4.93868,0,100.07
4.93962,0,99.9366
4.94056,1,100.176
4.94151,1,100.029
4.94245,0,100.07
4.9434,1,100.025
4.94434,0,100.061
4.94528,1,100.022
4.94623,1,99.8942
4.94717,0,100.178
4.94812,0,100.156
4.94906,1,100.032
4.95,0,100.261
4.95095,1,100.028
4.95189,1,99.8999
4.95284,0,100.354
4.95378,0,100.185
4.95472,1,100.037
4.95567,1,99.9077
4.95661,0,100.286
4.95756,0,100.126
4.9585,1,100.044
4.95944,0,100.11
4.96039,1,100.039
4.96133,0,100.096
4.96228,1,100.034
4.96322,1,99.9046
4.96416,0,100.209
4.96511,0,100.183
4.96605,1,100.042
4.967,0,100.16
4.96794,0,100.015
4.96888,0,99.8882
4.96983,1,100.286
4.97077,0,99.9022
4.97172,0,99.7894
4.97266,0,99.6908
4.9736,1,100.501
4.97455,0,99.7294
4.97549,1,100.438
4.97644,1,100.258
4.97738,0,99.8882
4.97832,1,100.226
4.97927,1,100.073
4.98021,1,99.9386
4.98116,1,99.8213
4.9821,1,99.8436
4.98304,1,99.8632
4.98399,1,99.7553
4.98493,1,99.6609
4.98588,1,99.5783
4.98682,1,99.506
4.98776,1,99.4427
4.98871,0,101.027
4.98965,0,100.774
4.9906,0,100.552
4.99154,1,99.7624
4.99248,1,99.6671
4.99343,1,99.5837
4.99437,0,100.733
4.99532,0,100.516
4.99626,0,100.327
4.9972,0,100.161
4.99815,0,100.016
4.99909,0,100.014
5.00004,0,100.012
5.00098,0,99.8856
5.00192,0,99.7749
5.00287,0,99.6781
5.00381,0,99.5933
5.00476,0,99.5191
5.0057,1,100.886
5.00664,1,100.65
5.00759,1,100.444
5.00853,1,100.263
5.00948,1,100.105
5.01042,1,99.9672
5.01136,1,99.8463
5.01231,0,100.329
5.01325,1,99.8655
5.0142,0,100.288
5.01514,1,99.8823
5.01608,0,100.252
5.01703,1,100.022
5.01797,0,100.221
5.01892,0,100.068
5.01986,0,99.9345
5.0208,1,100.269
5.02175,0,99.9427
5.02269,1,100.236
5.02364,0,99.9499
5.02458,1,100.206
5.02552,1,100.055
5.02647,1,99.9235
5.02741,1,99.808
5.02836,0,100.331
5.0293,0,100.165
5.03024,0,100.019
5.03119,0,99.8917
5.03213,1,100.207
5.03308,1,100.181
5.03402,0,100.03
5.03496,1,100.159
5.03591,0,100.026
5.03685,0,99.8982
5.0378,0,99.7859
5.03874,1,100.389
5.03968,1,100.215
5.04063,0,99.9377
5.04157,1,100.188
5.04252,0,99.9455
5.04346,1,100.165
5.0444,1,100.019
5.04535,0,100.077
5.04629,0,99.9426
5.04724,1,100.142
5.04818,0,99.9498
5.04912,1,100.124
5.05007,1,100.109
5.05101,0,100.081
5.05196,0,99.9459
5.0529,1,100.22
5.05384,1,100.067
5.05479,0,100.078
5.05573,0,99.943
5.05668,1,100.184
5.05762,0,99.9501
5.05856,1,100.161
5.05951,0,99.9563
5.06045,1,100.141
5.0614,1,99.9983
5.06234,0,100.087
5.06328,0,99.9509
5.06423,1,100.123
5.06517,0,99.9571
5.06612,0,99.9624
5.06706,0,99.9671
5.068,1,100.358
5.06895,0,99.9712
5.06989,0,99.8498
5.07084,0,99.7436
5.07178,1,100.563
5.07272,0,99.7757
5.07367,1,100.493
5.07461,1,100.306
5.07556,0,99.9287
5.0765,1,100.268
5.07744,1,100.109
5.07839,1,99.9708
5.07933,1,99.8495
5.08028,1,99.7433
5.08122,1,99.6504
5.08216,1,99.5691
5.08311,1,99.6229
5.08405,1,99.6701
5.085,1,99.5863
5.08594,1,99.513
5.08688,0,101.063
5.08783,0,100.805
5.08877,0,100.579
5.08972,1,99.8239
5.09066,1,99.7209
5.0916,1,99.6308
5.09255,0,100.757
5.09349,0,100.537
5.09444,0,100.345
5.09538,0,100.177
5.09632,0,100.03
5.09727,0,99.9011
5.09821,0,99.7884
5.09916,0,99.6899
5.1001,0,99.7286
5.10104,0,99.7626
5.10199,0,99.6672
5.10293,0,99.5838
5.10388,1,100.927
5.10482,1,100.686
5.10576,1,100.475
5.10671,1,100.291
5.10765,1,100.13
5.1086,1,99.9883
5.10954,1,99.8648
5.11048,0,100.386
5.11143,1,99.8817
5.11237,0,100.338
5.11332,1,99.8965
5.11426,0,100.295
5.1152,1,99.9094
5.11615,0,100.258
5.11709,0,100.226
5.11804,0,100.198
5.11898,1,100.046
5.11992,0,100.173
5.12087,1,100.04
5.12181,0,100.152
5.12276,1,100.035
5.1237,1,99.9056
5.12464,1,99.7924
5.12559,1,99.6934
5.12653,0,100.508
5.12748,0,100.319
5.12842,0,100.154
5.12936,0,100.01
5.13031,1,100.107
5.13125,1,99.9684
5.1322,0,100.134
5.13314,1,99.9723
5.13408,0,100.117
5.13503,0,100.102
5.13597,0,99.9646
5.13692,1,100.226
5.13786,1,100.073
5.1388,0,100.094
5.13975,1,100.063
5.14069,0,100.082
5.14164,1,100.056
5.14258,1,99.9236
5.14352,0,100.197
5.14447,0,100.047
5.14541,1,100.058
5.14636,0,100.041
5.1473,1,100.051
5.14824,1,99.9195
5.14919,0,100.161
5.15013,0,100.016
5.15108,1,100.055
5.15202,1,100.048
5.15296,0,100.139
5.15391,0,99.9967
5.15485,1,100.167
5.1558,0,99.9971
5.15674,1,100.146
5.15768,0,99.9975
5.15863,1,100.128
5.15957,1,99.9867
5.16052,0,100.123
5.16146,0,99.9824
5.1624,1,100.113
5.16335,0,99.9846
5.16429,0,99.8616
5.16524,0,99.7539
5.16618,1,100.349
5.16712,0,99.7846
5.16807,0,99.8115
5.16901,0,99.8351
5.16996,1,100.431
5.1709,0,99.8557
5.17184,1,100.377
5.17279,1,100.205
5.17373,0,99.9987
5.17468,1,100.179
5.17562,1,100.032
5.17656,1,99.9027
5.17751,1,99.7899
5.17845,1,99.6911
5.1794,1,99.6048
5.18034,1,99.5292
5.18128,1,99.463
5.18223,1,99.4051
5.18317,1,99.3545
5.18412,1,99.4352
5.18506,0,101.249
5.186,0,101.093
5.18695,0,100.831
5.18789,1,99.7558
5.18884,1,99.6613
5.18978,1,99.5786
5.19072,0,100.977
5.19167,0,100.73
5.19261,0,100.514
5.19356,0,100.325
5.1945,0,100.159
5.19544,0,100.014
5.19639,0,99.8874
5.19733,0,99.7765
5.19828,0,99.6794
5.19922,0,99.5945
5.20016,0,99.5202
5.20111,0,99.5802
5.20205,1,101.006
5.203,1,100.756
5.20394,1,100.536
5.20488,1,100.344
5.20583,1,100.176
5.20677,1,100.029
5.20772,1,99.9004
5.20866,0,100.383
5.2096,1,99.9129
5.21055,0,100.335
5.21149,1,99.9238
5.21244,0,100.293
5.21338,1,99.9333
5.21432,0,100.256
5.21527,0,100.099
5.21621,0,99.9619
5.21716,1,100.192
5.2181,0,99.9666
5.21904,1,100.293
5.21999,0,99.9708
5.22093,1,100.256
5.22188,1,100.099
5.22282,1,99.9617
5.22376,1,99.8415
5.22471,0,100.349
5.22565,0,100.181
5.2266,0,100.033
5.22754,0,99.904
5.22848,1,100.236
5.22943,1,100.082
5.23037,0,100.041
5.23132,1,100.072
5.23226,0,100.036
5.2332,0,99.9064
5.23415,0,99.7931
5.23509,1,100.313
5.23604,1,100.274
5.23698,0,99.944
5.23792,1,100.239
5.23887,0,99.951
5.23981,1,100.209
5.24076,1,100.058
5.2417,0,100.082
5.24264,0,99.9468
5.24359,1,100.176
5.24453,0,99.9535
5.24548,1,100.154
5.24642,1,100.01
5.24736,0,100.084
5.24831,0,99.9488
5.24925,1,100.133
5.2502,1,99.9918
5.25114,0,100.08
5.25208,0,100.07
5.25303,1,100.118
5.25397,0,100.061
5.25492,1,100.103
5.25586,0,100.054
5.2568,1,100.09
5.25775,1,99.9539
5.25869,0,100.172
5.25964,0,100.025
5.26058,1,100.085
5.26152,0,100.022
5.26247,0,99.8945
5.26341,0,99.7827
5.26436,1,100.324
5.2653,0,99.8099
5.26624,0,99.7086
5.26719,0,99.6201
5.26813,1,100.534
5.26908,0,99.6675
5.27002,1,100.592
5.27096,1,100.393
5.27191,0,99.8341
5.27285,1,100.344
5.2738,1,100.176
5.27474,1,100.029
5.27568,1,99.9002
5.27663,1,99.7877
5.27757,1,99.6892
5.27852,1,99.6031
5.27946,1,99.5277
5.2804,1,99.4617
5.28135,1,99.404
5.28229,1,99.3535
5.28324,0,101.105
5.28418,0,100.842
5.28512,0,100.612
5.28607,1,99.6843
5.28701,1,99.7238
5.28796,1,99.6333
5.2889,0,100.785
5.28984,0,100.562
5.29079,0,100.367
5.29173,0,100.196
5.29268,0,100.046
5.29362,0,99.9156
5.29456,0,99.8011
5.29551,0,99.701
5.29645,0,99.6134
5.2974,0,99.5367
5.29834,0,99.4696
5.29928,0,99.4109
5.30023,1,101.054
5.30117,1,100.797
5.30212,1,100.698
5.30306,1,100.61
5.304,1,100.534
5.30495,1,100.342
5.30589,1,100.175
5.30684,0,100.11
5.30778,1,100.153
5.30872,0,100.096
5.30967,1,100.134
5.31061,0,100.084
5.31156,1,100.117
5.3125,0,100.073
5.31344,0,99.9392
5.31439,0,99.8218
5.31533,1,100.352
5.31628,0,99.8441
5.31722,1,100.308
5.31816,0,99.8636
5.31911,1,100.27
5.32005,1,100.236
5.321,1,100.082
5.32194,1,99.9463
5.32288,0,100.256
5.32383,0,100.099
5.32477,0,99.9613
5.32572,0,99.8412
5.32666,1,100.328
5.3276,1,100.162
5.32855,0,99.986
5.32949,1,100.142
5.33044,0,99.9878
5.33138,0,99.8643
5.33232,0,99.7563
5.33327,1,100.374
5.33421,1,100.202
5.33516,0,99.9117
5.3361,1,100.177
5.33704,0,100.048
5.33799,1,100.155
5.33893,1,100.011
5.33988,0,100.167
5.34082,0,100.021
5.34176,1,100.134
5.34271,0,100.018
5.34365,1,100.117
5.3446,1,99.9778
5.34554,0,100.141
5.34648,0,99.9984
5.34743,1,100.106
5.34837,1,99.9673
5.34932,0,100.124
5.35026,0,99.9832
5.3512,1,100.096
5.35215,0,99.9853
5.35309,1,100.084
5.35404,0,100.112
5.35498,1,100.074
5.35592,1,99.9396
5.35687,0,100.223
5.35781,0,100.07
5.35876,1,100.072
5.3597,0,100.061
5.36064,0,99.9287
5.36159,0,99.8127
5.36253,1,100.313
5.36348,0,99.8361
5.36442,0,99.7316
5.36536,0,99.6401
5.36631,1,100.524
5.36725,0,99.6851
5.3682,1,100.458
5.36914,1,100.276
5.37008,0,99.8495
5.37103,1,100.367
5.37197,1,100.196
5.37292,1,100.046
5.37386,1,99.9156
5.3748,1,99.8011
5.37575,1,99.701
5.37669,1,99.6133
5.37764,1,99.5367
5.37858,1,99.4696
5.37952,1,99.4109
5.38047,1,99.3595
5.38141,0,101.118
5.38236,0,100.853
5.3833,0,100.622
5.38424,1,99.6896
5.38519,1,99.6034
5.38613,1,99.528
5.38708,0,100.794
5.38802,0,100.695
5.38896,0,100.483
5.38991,0,100.298
5.39085,0,100.135
5.3918,0,99.9935
5.39274,0,99.8693
5.39368,0,99.7606
5.39463,0,99.6655
5.39557,0,99.5824
5.39652,0,99.5096
5.39746,0,99.4459
5.3984,1,100.962
5.39935,1,100.717
5.40029,1,100.502
5.40124,1,100.314
5.40218,1,100.15
5.40312,1,100.006
5.40407,1,100.006
5.40501,0,100.265
5.40596,1,100.005
5.4069,0,100.232
5.40784,1,100.004
5.40879,0,100.203
5.40973,1,100.004
5.41068,0,100.178
5.41162,0,100.03
5.41256,0,99.9016
5.41351,1,100.253
5.41445,0,99.9139
5.4154,1,100.222
5.41634,0,99.9247
5.41728,1,100.194
5.41823,1,100.045
5.41917,1,99.9141
5.42012,1,99.9248
5.42106,0,100.309
5.422,0,100.27
5.42295,0,100.112
5.42389,0,99.9727
5.42484,1,100.309
5.42578,1,100.146
5.42672,0,100.101
5.42767,1,100.127
5.42861,0,100.088
5.42956,0,99.9524
5.4305,0,99.8334
5.43144,1,100.361
5.43239,1,100.191
5.43333,0,99.9792
5.43428,1,100.167
5.43522,0,99.9818
5.43616,1,100.146
5.43711,1,100.128
5.43805,0,100.109
5.439,0,99.9704
5.43994,1,100.237
5.44088,0,99.9741
5.44183,1,100.207
5.44277,1,100.057
5.44372,0,100.102
5.44466,0,99.9646
5.4456,1,100.174
5.44655,1,100.028
5.44749,0,100.094
5.44844,0,99.9572
5.44938,1,100.149
5.45032,0,99.9626
5.45127,1,100.131
5.45221,0,99.9673
5.45316,1,100.114
5.4541,1,100.1
5.45504,0,100.096
5.45599,0,99.9593
5.45693,1,100.212
5.45788,0,99.9644
5.45882,0,99.8438
5.45976,0,99.7384
5.46071,1,100.436
5.46165,0,99.7711
5.4626,0,99.6747
5.46354,0,99.5903
5.46448,1,100.631
5.46543,0,99.6416
5.46637,1,100.552
5.46732,1,100.358
5.46826,0,99.8114
5.4692,1,100.314
5.47015,1,100.149
5.47109,1,100.131
5.47204,1,100.114
5.47298,1,99.9751
5.47392,1,99.8532
5.47487,1,99.7466
5.47581,1,99.6532
5.47676,1,99.5716
5.4777,1,99.5001
5.47864,1,99.4376
5.47959,0,100.96
5.48053,0,100.715
5.48148,0,100.501
5.48242,1,99.7579
5.48336,1,99.6632
5.48431,1,99.5803
5.48525,0,100.688
5.4862,0,100.477
5.48714,0,100.292
5.48808,0,100.256
5.48903,0,100.224
5.48997,0,100.071
5.49092,0,99.937
5.49186,0,99.8199
5.4928,0,99.7174
5.49375,0,99.6277
5.49469,0,99.5493
5.49564,0,99.4806
5.49658,1,100.883
5.49752,1,100.647
5.49847,1,100.441
5.49941,1,100.261
5.50036,1,100.104
5.5013,1,99.9657
5.50224,1,99.845
5.50319,0,100.296
5.50413,1,99.8643
5.50508,0,100.259
5.50602,1,100.006
5.50696,0,100.226
5.50791,1,100.006
5.50885,0,100.198
5.5098,0,100.048
5.51074,0,99.9172
5.51168,1,100.255
5.51263,0,99.9276
5.51357,1,100.223
5.51452,0,99.9366
5.51546,1,100.195
5.5164,1,100.046
5.51735,1,99.915
5.51829,1,99.8006
5.51924,0,100.32
5.52018,0,100.155
5.52112,0,100.01
5.52207,0,100.009
5.52301,1,100.201
5.52396,1,100.05
5.5249,0,100.133
5.52584,1,100.044
5.52679,0,100.116
5.52773,0,99.9767
5.52868,0,99.8546
5.52962,1,100.289
5.53056,1,100.128
5.53151,0,99.9978
5.53245,1,100.112
5.5334,0,99.9981
5.53434,1,100.098
5.53528,1,99.9605
5.53623,0,100.123
5.53717,0,99.9829
5.53812,1,100.09
5.53906,0,100.11
5.54,1,100.204
5.54095,1,100.054
5.54189,0,100.221
5.54284,0,100.069
5.54378,1,100.172
5.54472,1,100.025
5.54567,0,100.185
5.54661,0,100.037
5.54756,1,100.147
5.5485,0,100.032
5.54944,1,100.129
5.55039,0,100.028
5.55133,1,100.113
5.55228,1,99.9736
5.55322,0,100.15
5.55416,0,100.006
5.55511,1,100.102
5.55605,0,100.13
5.557,0,99.989
5.55794,0,99.8654
5.55888,1,100.339
5.55983,0,99.8822
5.56077,0,99.7719
5.56172,0,99.6754
5.56266,1,100.547
5.5636,0,99.716
5.56455,1,100.478
5.56549,1,100.294
5.56644,0,99.8765
5.56738,1,100.257
5.56832,1,100.1
5.56927,1,99.9623
5.57021,1,99.842
5.57116,1,99.7368
5.5721,1,99.7697
5.57304,1,99.7985
5.57399,1,99.6987
5.57493,1,99.6113
5.57588,1,99.5349
5.57682,1,99.4681
5.57776,0,101.017
5.57871,0,100.765
5.57965,0,100.544
5.5806,1,99.7845
5.58154,1,99.6865
5.58248,1,99.6007
5.58343,0,100.726
5.58437,0,100.51
5.58532,0,100.322
5.58626,0,100.156
5.5872,0,100.012
5.58815,0,99.8854
5.58909,0,99.8997
5.59004,0,99.9122
5.59098,0,99.7982
5.59192,0,99.6984
5.59287,0,99.6111
5.59381,0,99.5347
5.59476,1,100.901
5.5957,1,100.663
5.59664,1,100.455
5.59759,1,100.273
5.59853,1,100.114
5.59948,1,99.9748
5.60042,1,99.853
5.60136,0,100.343
5.60231,1,99.8713
5.60325,0,100.3
5.6042,1,99.8874
5.60514,0,100.263
5.60608,1,99.9015
5.60703,0,100.355
5.60797,0,100.185
5.60892,0,100.037
5.60986,1,100.164
5.6108,0,100.033
5.61175,1,100.143
5.61269,0,100.028
5.61364,1,100.125
5.61458,1,99.9847
5.61552,1,99.8616
5.61647,1,99.7539
5.61741,0,100.4
5.61836,0,100.225
5.6193,0,100.072
5.62024,0,99.9378
5.62119,1,100.16
5.62213,1,100.015
5.62308,0,100.071
5.62402,1,100.138
5.62496,0,100.062
5.62591,0,99.9291
5.62685,0,99.8129
5.6278,1,100.371
5.62874,1,100.199
5.62968,0,99.9613
5.63063,1,100.174
5.63157,0,99.9661
5.63252,1,100.153
5.63346,1,100.009
5.6344,0,100.095
5.63535,0,99.9585
5.63629,1,100.132
5.63724,0,99.9636
5.63818,1,100.116
5.63912,1,99.9764
5.64007,0,100.093
5.64101,0,100.082
5.64196,1,100.104
5.6429,1,99.9663
5.64384,0,100.196
5.64479,0,100.047
5.64573,1,100.096
5.64668,0,100.041
5.64762,1,100.084
5.64856,0,100.036
5.64951,1,100.073
5.65045,1,99.939
5.6514,0,100.156
5.65234,0,100.012
5.65328,1,100.072
5.65423,0,100.01
5.65517,0,99.884
5.65612,0,99.8985
5.65706,1,100.313
5.658,0,100.036
5.65895,0,99.9067
5.65989,0,99.7934
5.66084,1,100.524
5.66178,0,99.8192
5.66272,1,100.458
5.66367,1,100.276
5.66461,0,99.9668
5.66556,1,100.241
5.6665,1,100.086
5.66744,1,99.9504
5.66839,1,99.8316
5.66933,1,99.7277
5.67028,1,99.6367
5.67122,1,99.5571
5.67216,1,99.4875
5.67311,1,99.5515
5.67405,1,99.6076
5.675,1,99.5317
5.67594,0,101.096
5.67688,0,100.834
5.67783,0,100.605
5.67877,1,99.8402
5.67972,1,99.7352
5.68066,1,99.6433
5.6816,0,100.779
5.68255,0,100.557
5.68349,0,100.362
5.68444,0,100.192
5.68538,0,100.043
5.68632,0,99.9125
5.68727,0,99.7985
5.68821,0,99.6986
5.68916,0,99.6113
5.6901,0,99.6599
5.69104,0,99.7024
5.69199,0,99.6146
5.69293,1,100.938
5.69388,1,100.696
5.69482,1,100.484
5.69576,1,100.298
5.69671,1,100.136
5.69765,1,99.9939
5.6986,1,99.8697
5.69954,0,100.413
5.70048,1,99.886
5.70143,0,100.361
5.70237,1,99.9002
5.70332,0,100.316
5.70426,1,99.9127
5.7052,0,100.277
5.70615,0,100.117
5.70709,0,100.102
5.70804,1,100.174
5.70898,0,100.09
5.70992,1,100.152
5.71087,0,100.078
5.71181,1,100.133
5.71276,1,99.9913
5.7137,1,99.8674
5.71464,1,99.759
5.71559,0,100.444
5.71653,0,100.263
5.71748,0,100.105
5.71842,0,99.9671
5.71936,1,100.164
5.72031,1,100.019
5.72125,0,100.096
5.7222,1,100.016
5.72314,0,100.084
5.72408,0,100.074
5.72503,0,100.064
5.72597,1,100.139
5.72692,1,99.9968
5.72786,0,100.181
5.7288,1,99.9972
5.72975,0,100.159
5.73069,1,99.9976
5.73164,1,99.8729
5.73258,0,100.264
5.73352,0,100.106
5.73447,1,100.014
5.73541,0,100.093
5.73636,1,100.012
5.7373,1,99.8855
5.73824,0,100.206
5.73919,0,100.055
5.74013,1,100.025
5.74108,1,100.022
5.74202,0,100.173
5.74296,0,100.027
5.74391,1,100.144
5.74485,0,100.023
5.7458,1,100.126
5.74674,0,100.02
5.74768,1,100.11
5.74863,1,99.9715
5.74957,0,100.143
5.75052,0,100
5.75146,1,100.1
5.7524,0,100
5.75335,0,99.875
5.75429,0,99.7656
5.75524,1,100.338
5.75618,0,99.7949
5.75712,0,99.6956
5.75807,0,99.7336
5.75901,1,100.545
5.75996,0,99.7669
5.7609,1,100.477
5.76184,1,100.293
5.76279,0,99.9211
5.76373,1,100.256
5.76468,1,100.099
5.76562,1,99.9616
5.76656,1,99.8414
5.76751,1,99.7362
5.76845,1,99.6442
5.7694,1,99.5637
5.77034,1,99.4932
5.77128,1,99.4316
5.77223,1,99.3776
5.77317,1,99.3304
5.77412,0,101.181
5.77506,0,101.033
5.776,0,100.904
5.77695,1,99.6641
5.77789,1,99.5811
5.77884,1,99.5085
5.77978,0,101.041
5.78072,0,100.786
5.78167,0,100.563
5.78261,0,100.367
5.78356,0,100.196
5.7845,0,100.047
5.78544,0,99.916
5.78639,0,99.8015
5.78733,0,99.7013
5.78828,0,99.6137
5.78922,0,99.537
5.79016,0,99.4698
5.79111,1,100.945
5.79205,1,100.827
5.793,1,100.598
5.79394,1,100.399
5.79488,1,100.224
5.79583,1,100.071
5.79677,1,99.937
5.79772,0,100.286
5.79866,1,99.9449
5.7996,0,100.25
5.80055,1,99.9517
5.80149,0,100.219
5.80244,1,99.9578
5.80338,0,100.192
5.80432,0,100.043
5.80527,0,99.9124
5.80621,1,100.213
5.80716,0,99.9233
5.8081,1,100.186
5.80904,0,100.058
5.80999,1,100.163
5.81093,1,100.018
5.81188,1,99.8905
5.81282,1,99.7792
5.81376,0,100.426
5.81471,0,100.247
5.81565,0,100.092
5.8166,0,99.9551
5.81754,1,100.182
5.81848,1,100.034
5.81943,0,100.086
5.82037,1,100.03
5.82132,0,100.075
5.82226,0,99.9406
5.8232,0,99.823
5.82415,1,100.276
5.82509,1,100.242
5.82604,0,99.9702
5.82698,1,100.211
5.82792,0,99.9739
5.82887,1,100.185
5.82981,1,100.037
5.83076,0,100.102
5.8317,0,99.9644
5.83264,1,100.157
5.83359,0,99.9688
5.83453,1,100.138
5.83548,1,99.9954
5.83642,0,100.098
5.83736,0,99.9605
5.83831,1,100.121
5.83925,1,99.9808
5.8402,0,100.09
5.84114,0,99.9541
5.84208,1,100.108
5.84303,0,100.085
5.84397,1,100.095
5.84492,0,100.074
5.84586,1,100.083
5.8468,1,99.9475
5.84775,0,100.19
5.84869,0,100.041
5.84964,1,100.079
5.85058,0,100.036
5.85152,0,99.9066
5.85247,0,99.7932
5.85341,1,100.319
5.85436,0,99.8191
5.8553,0,99.7167
5.85624,0,99.6271
5.85719,1,100.529
5.85813,0,99.6737
5.85908,1,100.463
5.86002,1,100.405
5.86096,0,99.8395
5.86191,1,100.355
5.86285,1,100.185
5.8638,1,100.037
5.86474,1,99.9075
5.86568,1,99.794
5.86663,1,99.6948
5.86757,1,99.6079
5.86852,1,99.5319
5.86946,1,99.4654
5.8704,1,99.4073
5.87135,1,99.3564
5.87229,0,101.11
5.87324,0,100.846
5.87418,0,100.615
5.87512,1,99.6868
5.87607,1,99.726
5.87701,1,99.7602
5.87796,0,100.663
5.8789,0,100.455
5.87984,0,100.273
5.88079,0,100.114
5.88173,0,99.975
5.88268,0,99.8531
5.88362,0,99.7465
5.88456,0,99.6531
5.88551,0,99.5715
5.88645,0,99.5001
5.8874,0,99.4376
5.88834,0,99.3829
5.88928,1,101.165
5.89023,1,100.895
5.89117,1,100.658
5.89212,1,100.576
5.89306,1,100.504
5.894,1,100.441
5.89495,1,100.261
5.89589,0,100.085
5.89684,1,100.228
5.89778,0,100.074
5.89872,1,100.199
5.89967,0,100.065
5.90061,1,100.175
5.90156,0,100.057
5.9025,0,99.9248
5.90344,0,99.8092
5.90439,1,100.403
5.90533,0,99.8331
5.90628,1,100.352
5.90722,0,99.8539
5.90816,1,100.308
5.90911,1,100.27
5.91005,1,100.236
5.911,1,100.082
5.91194,0,100.122
5.91288,0,99.9819
5.91383,0,99.8592
5.91477,0,99.7518
5.91572,1,100.446
5.91666,1,100.266
5.9176,0,99.9078
5.91855,1,100.232
5.91949,0,99.9193
5.92044,0,99.8044
5.92138,0,99.7039
5.92232,1,100.453
5.92327,1,100.272
5.92421,0,99.8659
5.92516,1,100.238
5.9261,0,99.8826
5.92704,1,100.333
5.92799,1,100.166
5.92893,0,100.022
5.92988,0,99.8945
5.93082,1,100.271
5.93176,0,99.9077
5.93271,1,100.237
5.93365,1,100.082
5.9346,0,100.044
5.93554,0,99.9137
5.93648,1,100.197
5.93743,1,100.047
5.93837,0,100.049
5.93932,0,99.9183
5.94026,1,100.166
5.9412,0,99.9285
5.94215,1,100.146
5.94309,0,99.9375
5.94404,1,100.252
5.94498,1,100.096
5.94592,0,100.07
5.94687,0,99.9365
5.94781,1,100.209
5.94876,0,99.9444
5.9497,0,99.8264
5.95064,0,99.7231
5.95159,1,100.433
5.95253,0,99.7577
5.95348,0,99.663
5.95442,0,99.5801
5.95536,1,100.629
5.95631,0,99.6326
5.95725,1,100.55
5.9582,1,100.356
5.95914,0,99.8035
5.96008,1,100.312
5.96103,1,100.273
5.96197,1,100.114
5.96292,1,99.9745
5.96386,1,99.8527
5.9648,1,99.7461
5.96575,1,99.6528
5.96669,1,99.5712
5.96764,1,99.4998
5.96858,1,99.4373
5.96952,1,99.3827
5.97047,0,101.078
5.97141,0,100.818
5.97236,0,100.591
5.9733,1,99.7098
5.97424,1,99.6211
5.97519,1,99.5435
5.97613,0,100.767
5.97708,0,100.671
5.97802,0,100.587
5.97896,0,100.389
5.97991,0,100.215
5.98085,0,100.063
5.9818,0,99.9305
5.98274,0,99.8142
5.98368,0,99.7124
5.98463,0,99.6233
5.98557,0,99.5454
5.98652,0,99.4772
5.98746,1,100.851
5.9884,1,100.619
5.98935,1,100.417
5.99029,1,100.24
5.99124,1,100.085
5.99218,1,99.9492
5.99312,1,99.8305
5.99407,0,100.293
5.99501,1,99.9767
5.99596,0,100.256
5.9969,1,99.9796
5.99784,0,100.224
5.99879,1,99.9822
5.99973,0,100.196
6.00068,0,100.047
6.00162,0,99.9157
6.00256,1,100.234
6.00351,0,99.9262
6.00445,0,99.8105
6.00492,1,100.205
6.00634,0,99.7091
6.00681,1,100.179
6.00776,1,100.032
6.0087,1,99.903
6.00964,1,99.7901
6.01106,0,99.7455
6.012,0,99.7773
6.01295,0,99.6801
6.01389,0,99.5951
6.01436,1,100.316
6.01531,1,100.277
6.01672,0,99.5207
6.0172,1,100.367
6.01861,0,99.4556
6.01956,0,99.3987
6.0205,0,99.3489
6.02097,1,100.571
6.02192,1,100.375
6.02333,0,99.3052
6.0238,1,100.328
6.02475,1,100.162
6.02569,0,99.2671
6.02664,1,100.017
6.02758,1,100.015
6.02852,0,99.3587
6.02947,0,99.4389
6.03041,1,100.013
6.03136,0,99.509
6.0323,1,100.011
6.03324,1,100.01
6.03419,0,99.5704
6.03513,0,99.6241
6.03608,1,100.009
6.03702,1,100.008
6.03796,0,99.5461
6.03891,0,99.4778
6.03985,1,99.8816
6.0408,0,99.4181
6.04174,1,99.7714
6.04268,0,99.3658
6.04363,1,99.675
6.04457,1,99.7156
6.04552,0,99.4451
6.04646,0,99.5145
6.0474,1,99.7511
6.04835,0,99.5752
6.04929,0,99.6283
6.05024,0,99.6747
6.05118,1,99.7823
6.05212,0,99.7154
6.05307,0,99.751
6.05401,0,99.7821
6.05496,1,99.6845
6.0559,0,99.6843
6.05684,1,99.5989
6.05779,1,99.524
6.05873,0,99.5988
6.05968,1,99.4585
6.06062,1,99.4012
6.06156,1,99.4761
6.06251,1,99.5416
6.06345,1,99.5989
6.0644,1,99.649
6.06534,1,99.6929
6.06628,1,99.7313
6.06723,1,99.7649
6.06817,1,99.7943
6.06912,1,99.82
6.07006,0,99.6489
6.071,0,99.6928
6.07195,0,99.6062
6.07289,1,99.7175
6.07384,1,99.6278
6.07478,1,99.5493
6.07572,0,99.5304
6.07667,0,99.4641
6.07761,0,99.4061
6.07856,0,99.4804
6.0795,0,99.5453
6.08044,0,99.6021
6.08139,0,99.6519
6.08233,0,99.6954
6.08328,0,99.7335
6.08422,0,99.7668
6.08516,0,99.7959
6.08611,0,99.8214
6.08705,1,99.6056
6.088,1,99.5299
6.08894,1,99.4637
6.08988,1,99.4057
6.09083,1,99.355
6.09177,1,99.3106
6.09272,1,99.2718
6.09366,0,99.7188
6.0946,1,99.2378
6.09555,0,99.7539
6.09649,1,99.3331
6.09744,0,99.7847
6.09838,1,99.4165
6.09932,0,99.8116
6.10027,0,99.8351
6.10121,0,99.8557
6.10216,1,99.4894
6.1031,0,99.8738
6.10404,0,99.8896
6.10499,1,99.5532
6.10593,0,99.7784
6.10688,1,99.6091
6.10782,1,99.6579
6.10876,1,99.7007
6.10971,1,99.7381
6.11065,0,99.6811
6.1116,0,99.5959
6.11254,0,99.6464
6.11348,0,99.6906
6.11443,1,99.7708
6.11537,1,99.7995
6.11632,0,99.7293
6.11726,1,99.8246
6.1182,0,99.7631
6.11915,0,99.7927
6.12009,0,99.8187
6.12104,1,99.9715
6.12198,1,99.975
6.12292,0,99.7163
6.12387,1,99.9782
6.12481,1,99.9809
6.12576,0,99.7518
6.1267,1,99.9833
6.12764,1,99.9854
6.12859,0,99.7828
6.12953,0,99.81
6.13048,1,99.9872
6.13142,0,99.8337
6.13236,1,99.9888
6.13331,1,99.9902
6.13425,0,99.8545
6.1352,0,99.8727
6.13614,1,99.9914
6.13708,1,99.9925
6.13803,0,100.014
6.13897,0,100.012
6.13992,1,99.9934
6.14086,0,100.01
6.1418,1,99.9943
6.14275,0,100.009
6.14369,1,99.995
6.14464,1,99.9956
6.14558,0,100.008
6.14652,0,100.007
6.14747,1,99.9962
6.14841,0,100.006
6.14936,0,100.005
6.1503,0,100.005
6.15124,1,99.9966
6.15219,0,100.004
6.15313,0,100.004
6.15408,0,100.003
6.15502,1,100.122
6.15596,0,100.003
6.15691,1,100.107
6.15785,1,100.093
6.1588,0,100.002
6.15974,1,100.082
6.16068,1,100.072
6.16163,1,100.063
6.16257,1,100.055
6.16352,1,100.048
6.16446,1,100.042
6.1654,1,100.037
6.16635,1,100.032
6.16729,1,100.028
6.16824,1,100.025
6.16918,1,100.022
6.17012,0,100.002
6.17107,0,100.002
6.17201,0,100.127
6.17296,1,100.019
6.1739,1,100.016
6.17484,1,100.014
6.17579,0,100.111
6.17673,0,100.097
6.17768,0,100.085
6.17862,0,100.074
6.17956,0,100.065
6.18051,0,100.057
6.18145,0,100.05
6.1824,0,100.043
6.18334,0,100.038
6.18428,0,100.033
6.18523,0,100.029
6.18617,0,100.025
6.18712,1,100.013
6.18806,1,100.136
6.189,1,100.244
6.18995,1,100.214
6.19089,1,100.187
6.19184,1,100.163
6.19278,1,100.143
6.19372,0,100.022
6.19514,1,100.25
6.19561,0,100.27
6.19703,1,100.344
6.1975,0,100.486
6.19892,1,100.301
6.19939,0,100.675
6.20033,0,100.716
6.20128,0,100.751
6.20269,1,100.263
6.20316,0,100.907
6.20411,0,100.919
6.20552,1,100.355
6.206,0,100.929
6.20741,1,100.436
6.20836,1,100.506
6.2093,1,100.568
6.21024,1,100.622
6.21119,0,101.563
6.21213,0,101.618
6.21308,0,101.665
6.21402,0,101.707
6.21496,1,101.169
6.21591,1,101.148
6.21685,0,101.869
6.2178,1,101.255
6.21874,0,101.885
6.21968,0,101.775
6.22063,0,101.678
6.22157,1,101.598
6.22252,1,101.523
6.22346,0,101.843
6.2244,1,101.708
6.22535,1,101.744
6.22629,0,102.113
6.22724,1,101.901
6.22818,1,101.914
6.22912,0,102.349
6.23007,0,102.305
6.23101,1,102.174
6.23196,0,102.267
6.2329,1,102.153
6.23384,1,102.009
6.23479,0,102.359
6.23573,0,102.189
6.23668,1,102.132
6.23762,1,101.991
6.23856,0,102.29
6.23951,0,102.129
6.24045,1,102.117
6.2414,0,102.238
6.24234,1,102.227
6.24328,0,102.333
6.24423,1,102.324
6.24517,1,102.283
6.24612,0,102.541
6.24706,0,102.474
6.248,1,102.498
6.24895,0,102.415
6.24989,0,102.238
6.25084,0,102.083
6.25178,1,102.686
6.25272,0,102.073
6.25367,0,101.939
6.25461,0,101.821
6.25556,1,102.85
6.2565,0,101.844
6.25744,1,102.744
6.25839,1,102.651
6.25933,0,102.113
6.26028,1,102.694
6.26122,1,102.608
6.26216,1,102.532
6.26311,1,102.465
6.26405,1,102.407
6.265,1,102.231
6.26594,1,102.077
6.26688,1,101.943
6.26783,1,101.825
6.26877,1,101.722
6.26972,1,101.631
6.27066,0,103.349
6.2716,0,103.055
6.27255,0,102.798
6.27349,1,101.928
6.27444,1,101.937
6.27538,1,101.945
6.27632,0,102.949
6.27727,0,102.83
6.27821,0,102.726
6.27916,0,102.636
6.2801,0,102.556
6.28104,0,102.487
6.28199,0,102.301
6.28293,0,102.138
6.28388,0,101.996
6.28482,0,101.871
6.28576,0,101.762
6.28671,0,101.667
6.28765,1,103.326
6.2886,1,103.036
6.28954,1,102.781
6.29048,1,102.559
6.29143,1,102.489
6.29237,1,102.428
6.29332,1,102.374
6.29426,0,102.459
6.2952,1,102.452
6.29615,0,102.526
6.29709,1,102.396
6.29804,0,102.586
6.29898,1,102.221
6.29992,0,102.512
6.30087,0,102.323
6.30181,0,102.158
6.30276,1,102.444
6.3037,0,102.138
6.30464,0,101.996
6.30559,1,102.513
6.30653,0,101.996
6.30748,1,102.449
6.30842,1,102.268
6.30936,1,102.109
6.31031,1,101.971
6.31125,0,102.497
6.3122,0,102.31
6.31314,0,102.146
6.31408,0,102.003
6.31503,1,102.349
6.31597,1,102.181
6.31692,0,102.002
6.31786,1,102.158
6.3188,0,102.002
6.31975,0,101.877
6.32069,0,101.767
6.32164,1,102.388
6.32258,1,102.215
6.32352,0,101.921
6.32447,1,102.188
6.32541,1,102.039
6.32636,0,102.056
6.3273,1,102.035
6.32824,1,101.905
6.32919,0,102.174
6.33013,0,102.027
6.33108,1,102.042
6.33202,0,102.024
6.33296,1,101.912
6.33391,1,101.798
6.33485,0,102.146
6.3358,0,102.003
6.33674,1,101.948
6.33768,1,101.83
6.33863,0,102.127
6.33957,0,101.986
6.34052,1,101.976
6.34146,0,101.988
6.3424,1,101.979
6.34335,0,101.99
6.34429,1,101.982
6.34524,1,101.859
6.34618,0,102.116
6.34712,0,101.976
6.34807,1,102.001
6.34901,0,101.979
6.34996,0,101.857
6.3509,0,101.75
6.35184,1,102.126
6.35279,0,101.781
6.35373,0,101.683
6.35468,0,101.598
6.35562,1,102.361
6.35656,0,101.648
6.35751,1,102.315
6.35845,1,102.151
6.3594,0,101.817
6.36034,1,102.132
6.36128,1,101.991
6.36223,1,101.867
6.36317,1,101.758
6.36412,1,101.664
6.36506,1,101.581
6.366,1,101.633
6.36695,1,101.554
6.36789,1,101.485
6.36884,1,101.424
6.36978,1,101.371
6.37072,0,102.965
6.37167,0,102.719
6.37261,0,102.505
6.37356,1,101.7
6.3745,1,101.612
6.37544,1,101.536
6.37639,0,102.691
6.37733,0,102.48
6.37828,0,102.295
6.37922,0,102.133
6.38016,0,101.991
6.38111,0,101.868
6.38205,0,101.759
6.383,0,101.664
6.38394,0,101.581
6.38488,0,101.509
6.38583,0,101.445
6.38677,0,101.389
6.38772,0,101.341
6.38819,1,102.969
6.38913,1,102.848
6.39008,1,102.742
6.39102,1,102.649
6.39196,1,102.443
6.39291,1,102.263
6.39385,1,102.105
6.39527,0,101.298
6.39574,1,102.092
6.39716,0,101.261
6.39763,1,102.08
6.39904,0,101.228
6.39952,1,102.07
6.40046,1,102.061
6.4014,0,101.325
6.40235,0,101.409
6.40329,0,101.483
6.40424,1,102.054
6.40518,0,101.548
6.40612,0,101.604
6.40707,1,102.047
6.40801,0,101.654
6.40896,1,101.916
6.4099,1,101.802
6.41084,1,101.701
6.41179,1,101.614
6.41273,0,101.572
6.41368,0,101.5
6.41462,0,101.438
6.41556,0,101.383
6.41651,1,101.537
6.41745,1,101.595
6.4184,0,101.46
6.41934,1,101.646
6.42028,0,101.528
6.42123,0,101.587
6.42217,0,101.638
6.42312,1,101.69
6.42406,1,101.729
6.425,0,101.684
6.42595,1,101.638
6.42689,1,101.558
6.42784,0,101.598
6.42878,1,101.488
6.42972,1,101.427
6.43067,0,101.523
6.43161,0,101.458
6.43256,1,101.374
6.4335,0,101.401
6.43444,1,101.452
6.43539,1,101.52
6.43633,0,101.476
6.43728,0,101.541
6.43822,1,101.58
6.43916,1,101.633
6.44011,0,101.599
6.44105,0,101.649
6.442,1,101.554
6.44294,0,101.568
6.44388,1,101.485
6.44483,0,101.497
6.44577,1,101.424
6.44672,1,101.371
6.44766,0,101.435
6.4486,0,101.38
6.44955,1,101.325
6.45049,0,101.333
6.45144,0,101.416
6.45238,0,101.489
6.45332,1,101.409
6.45427,0,101.553
6.45521,0,101.609
6.45616,0,101.658
6.4571,1,101.483
6.45804,0,101.701
6.45899,1,101.423
6.45993,1,101.37
6.46088,0,101.613
6.46182,1,101.324
6.46276,1,101.283
6.46371,1,101.248
6.46465,1,101.217
6.4656,1,101.19
6.46654,1,101.166
6.46748,1,101.145
6.46843,1,101.252
6.46937,1,101.346
6.47032,1,101.427
6.47126,1,101.499
6.4722,0,101.661
6.47315,0,101.704
6.47409,0,101.741
6.47504,1,101.562
6.47598,1,101.491
6.47692,1,101.43
6.47787,0,101.648
6.47881,0,101.567
6.47976,0,101.496
6.4807,0,101.434
6.48164,0,101.38
6.48259,0,101.332
6.48353,0,101.291
6.48448,0,101.38
6.48542,0,101.457
6.48636,0,101.525
6.48731,0,101.584
6.48825,0,101.636
6.4892,0,101.682
6.49014,1,101.501
6.49108,1,101.564
6.49203,1,101.618
6.49297,1,101.541
6.49392,1,101.598
6.49486,1,101.648
6.4958,1,101.692
6.49675,0,101.597
6.49769,1,101.731
6.49864,0,101.522
6.49958,1,101.764
6.50052,0,101.457
6.50147,1,101.794
6.50241,1,101.82
6.50336,0,101.525
6.5043,0,101.584
6.50524,0,101.636
6.50619,1,101.842
6.50713,0,101.682
6.50808,0,101.721
6.50902,1,101.862
6.50996,0,101.631
6.51091,1,101.879
6.51185,1,101.894
6.5128,1,101.908
6.51374,1,101.919
6.51468,0,101.677
6.51563,0,101.718
6.51657,0,101.753
6.51752,0,101.784
6.51846,1,101.929
6.5194,1,101.938
6.52035,0,101.811
6.52129,1,101.946
6.52224,0,101.834
6.52318,0,101.855
6.52412,0,101.873
6.52507,1,101.953
6.52601,1,101.958
6.52696,0,101.764
6.5279,1,101.964
6.52884,1,101.968
6.52979,0,101.794
6.53073,1,101.972
6.53168,1,101.976
6.53262,0,101.819
6.53356,0,101.842
6.53451,1,101.979
6.53545,0,101.862
6.5364,1,101.981
6.53734,1,101.984
6.53828,0,101.879
6.53923,0,101.894
6.54017,1,101.986
6.54112,1,101.988
6.54206,0,101.907
6.543,0,101.919
6.54395,1,101.989
6.54489,0,101.929
6.54584,1,101.99
6.54678,0,101.938
6.54772,1,101.992
6.54867,1,101.993
6.54961,0,101.946
6.55056,0,101.952
6.5515,1,101.994
6.55244,0,101.958
6.55339,0,101.964
6.55433,0,101.968
6.55528,1,101.994
6.55622,0,101.972
6.55716,0,101.976
6.55811,0,101.979
6.55905,1,101.995
6.56,0,101.856
6.56094,1,101.996
6.56188,1,101.996
6.56283,0,101.874
6.56377,1,101.997
6.56472,1,101.997
6.56566,1,101.997
6.5666,1,101.998
6.56755,1,101.998
6.56849,1,101.998
6.56944,1,101.999
6.57038,1,101.999
6.57132,1,101.999
6.57227,1,101.999
6.57321,1,101.999
6.57416,0,101.89
6.5751,0,101.904
6.57604,0,101.916
6.57699,1,101.874
6.57793,1,101.89
6.57888,1,101.904
6.57982,0,101.926
6.58076,0,102.061
6.58171,0,102.178
6.58265,0,102.281
6.5836,0,102.371
6.58454,0,102.449
6.58548,0,102.518
6.58643,0,102.578
6.58737,0,102.631
6.58832,0,102.677
6.58926,0,102.718
6.5902,0,102.753
6.59115,0,102.784
6.59256,1,101.916
6.59351,1,101.926
6.59445,1,101.935
6.5954,1,102.069
6.59634,1,102.31
6.59728,1,102.521
6.59823,1,102.706
6.59917,0,103.686
6.60012,1,102.993
6.60106,0,103.85
6.602,1,103.244
6.60295,0,103.869
6.60389,1,103.338
6.60484,1,103.296
6.60578,0,104.01
6.60672,0,103.884
6.60767,0,103.773
6.60861,1,103.634
6.60956,0,103.802
6.6105,0,103.702
6.61144,1,103.805
6.61239,0,103.739
6.61333,1,103.829
6.61428,1,103.85
6.61522,1,103.869
6.61616,1,103.886
6.61711,0,104.271
6.61805,0,104.238
6.619,0,104.083
6.61994,0,103.947
6.62088,1,104.275
6.62183,1,104.115
6.62277,0,104.079
6.62372,1,104.101
6.62466,0,104.069
6.6256,0,103.936
6.62655,0,103.819
6.62749,1,104.338
6.62844,1,104.171
6.62938,0,103.966
6.63032,1,104.15
6.63127,1,104.131
6.63221,0,104.22
6.63316,1,104.24
6.6341,1,104.21
6.63504,0,104.443
6.63599,0,104.263
6.63693,1,104.308
6.63788,0,104.23
6.63882,1,104.27
6.63976,1,104.111
6.64071,0,104.326
6.64165,0,104.16
6.6426,1,104.222
6.64354,1,104.069
6.64448,0,104.265
6.64543,0,104.107
6.64637,1,104.186
6.64732,0,104.094
6.64826,1,104.288
6.6492,0,104.207
6.65015,1,104.377
6.65109,1,104.33
6.65204,0,104.431
6.65298,0,104.252
6.65392,1,104.413
6.65487,0,104.221
6.65581,0,104.068
6.65676,0,103.935
6.6577,1,104.612
6.65864,0,103.943
6.65959,0,103.825
6.66053,0,103.722
6.66148,1,104.785
6.66242,0,103.757
6.66336,1,104.687
6.66431,1,104.601
6.66525,0,104.037
6.6662,1,104.651
6.66714,1,104.57
6.66808,1,104.498
6.66903,1,104.436
6.66997,1,104.257
6.67092,1,104.1
6.67186,1,103.962
6.6728,1,103.842
6.67375,1,103.737
6.67469,1,103.645
6.67564,1,103.564
6.67658,0,105.282
6.67752,0,104.997
6.67847,0,104.747
6.67941,1,103.868
6.68036,1,103.885
6.6813,1,103.899
6.68224,0,104.904
6.68319,0,104.791
6.68413,0,104.692
6.68508,0,104.606
6.68602,0,104.53
6.68696,0,104.339
6.68791,0,104.171
6.68885,0,104.025
6.6898,0,103.897
6.69074,0,103.785
6.69168,0,103.687
6.69263,0,103.601
6.69357,0,103.526
6.69452,1,105.412
6.69546,1,105.11
6.6964,1,104.847
6.69735,1,104.616
6.69829,1,104.414
6.69924,1,104.237
6.70018,1,104.082
6.70112,0,104.335
6.70207,1,104.072
6.70301,0,104.293
6.70396,1,103.938
6.7049,0,104.131
6.70584,1,103.821
6.70679,1,103.718
6.70773,0,104.24
6.70868,0,104.085
6.70962,0,103.949
6.71056,1,104.003
6.71151,0,103.956
6.71245,0,103.836
6.7134,1,104.128
6.71434,0,103.857
6.71528,1,104.112
6.71623,1,103.973
6.71717,1,103.851
6.71812,1,103.745
6.71906,0,104.25
6.72,0,104.093
6.72095,0,103.832
6.72189,0,103.728
6.72284,1,104.027
6.72378,1,103.898
6.72472,0,103.887
6.72567,1,103.911
6.72661,0,103.901
6.72756,0,103.788
6.7285,0,103.69
6.72944,1,104.172
6.73039,1,104.026
6.73133,0,103.854
6.73228,1,104.023
6.73322,1,103.895
6.73416,0,103.997
6.73511,1,103.908
6.73605,1,103.794
6.737,0,103.997
6.73794,0,103.748
6.73888,1,103.82
6.73983,0,103.779
6.74077,1,103.843
6.74172,1,103.737
6.74266,0,103.932
6.7436,0,103.815
6.74455,1,103.895
6.74549,1,103.783
6.74644,0,103.963
6.74738,0,103.843
6.74832,1,103.935
6.74927,0,103.863
6.75021,1,103.943
6.75116,0,103.88
6.7521,1,103.95
6.75304,1,103.832
6.75399,0,103.895
6.75493,0,103.658
6.75588,1,103.853
6.75682,0,103.701
6.75776,0,103.613
6.75871,0,103.536
6.75965,1,104.121
6.7606,0,103.594
6.76154,0,103.52
6.76248,0,103.455
6.76343,0,103.398
6.7639,1,104.356
6.76532,0,103.348
6.76579,1,104.311
6.76673,1,104.148
6.76815,0,103.305
6.76862,1,104.129
6.76956,1,103.988
6.77051,1,103.864
6.77145,1,103.756
6.7724,1,103.662
6.77334,1,103.704
6.77428,1,103.741
6.77523,1,103.773
6.77617,1,103.802
6.77712,1,103.827
6.77806,1,103.848
6.77948,0,103.267
6.78042,0,103.233
6.78136,0,103.204
6.78184,1,104.117
6.78278,1,103.978
6.78372,1,103.855
6.78467,1,103.748
6.78561,0,103.179
6.78656,0,103.156
6.7875,0,103.137
6.78844,0,103.12
6.78939,0,103.105
6.79033,0,103.217
6.79128,0,103.315
6.79222,0,103.4
6.79316,0,103.475
6.79411,0,103.541
6.79505,0,103.598
6.796,0,103.523
6.79694,0,103.458
6.79788,1,103.655
6.79883,1,103.573
6.79977,1,103.501
6.80072,1,103.439
6.80166,1,103.384
6.8026,1,103.336
6.80355,1,103.294
6.80449,0,103.401
6.80544,1,103.257
6.80638,0,103.351
6.80732,1,103.35
6.80827,0,103.432
6.80921,1,103.431
6.81016,1,103.502
6.8111,0,103.503
6.81204,0,103.565
6.81299,0,103.494
6.81393,1,103.44
6.81488,0,103.433
6.81582,0,103.379
6.81676,1,103.385
6.81771,0,103.331
6.81865,1,103.337
6.8196,1,103.294
6.82054,1,103.258
6.82148,1,103.225
6.82243,0,103.29
6.82337,0,103.254
6.82432,0,103.347
6.82526,0,103.429
6.8262,1,103.322
6.82715,1,103.407
6.82809,0,103.5
6.82904,1,103.481
6.82998,0,103.437
6.83092,0,103.383
6.83187,0,103.335
6.83281,1,103.421
6.83376,1,103.368
6.8347,0,103.293
6.83564,1,103.322
6.83659,1,103.282
6.83753,0,103.256
6.83848,1,103.247
6.83942,1,103.216
6.84036,0,103.349
6.84131,0,103.431
6.84225,1,103.314
6.8432,0,103.502
6.84414,1,103.4
6.84508,1,103.475
6.84603,0,103.564
6.84697,0,103.494
6.84792,1,103.415
6.84886,1,103.363
6.8498,0,103.432
6.85075,0,103.378
6.85169,1,103.318
6.85264,0,103.331
6.85358,1,103.278
6.85452,0,103.289
6.85547,1,103.243
6.85641,1,103.213
6.85736,0,103.378
6.8583,0,103.456
6.85924,1,103.311
6.86019,0,103.524
6.86113,0,103.583
6.86208,0,103.635
6.86302,1,103.397
6.86396,0,103.556
6.86491,0,103.487
6.86585,0,103.426
6.8668,0,103.373
6.86774,1,103.473
6.86868,0,103.326
6.86963,1,103.539
6.87057,1,103.596
6.87152,0,103.285
6.87246,1,103.647
6.8734,1,103.691
6.87435,1,103.73
6.87529,1,103.763
6.87624,1,103.793
6.87718,1,103.819
6.87812,1,103.841
6.87907,1,103.861
6.88001,1,103.879
6.88096,1,103.769
6.8819,1,103.673
6.88284,0,103.25
6.88379,0,103.218
6.88473,0,103.191
6.88568,1,103.714
6.88662,1,103.749
6.88756,1,103.781
6.88851,1,103.808
6.88945,0,103.292
6.8904,0,103.381
6.89134,0,103.458
6.89228,0,103.526
6.89323,0,103.585
6.89417,0,103.637
6.89512,0,103.682
6.89606,0,103.722
6.897,0,103.757
6.89795,0,103.662
6.89889,0,103.579
6.89984,0,103.632
6.90078,0,103.678
6.90172,1,103.832
6.90267,1,103.853
6.90361,1,103.871
6.90456,1,103.888
6.9055,1,103.902
6.90644,1,103.914
6.90739,1,103.925
6.90833,0,103.718
6.90928,1,103.934
6.91022,0,103.753
6.91116,1,103.942
6.91211,0,103.784
6.91305,1,103.95
6.914,1,103.831
6.91494,0,103.686
6.91588,0,103.6
6.91683,0,103.65
6.91777,1,103.852
6.91872,0,103.694
6.91966,0,103.732
6.9206,1,103.87
6.92155,0,103.766
6.92249,1,103.887
6.92344,1,103.901
6.92438,1,103.913
6.92532,1,103.924
6.92627,0,103.795
6.92721,0,103.821
6.92816,0,103.843
6.9291,0,103.863
6.93004,1,103.934
6.93099,1,103.817
6.93193,0,103.755
6.93288,1,103.715
6.93382,0,103.786
6.93476,0,103.812
6.93571,0,103.836
6.93665,1,103.75
6.9376,1,103.782
6.93854,0,103.856
6.93948,1,103.809
6.94043,1,103.833
6.94137,0,103.874
6.94232,1,103.854
6.94326,1,103.872
6.9442,0,103.89
6.94515,0,103.904
6.94609,1,103.888
6.94704,0,103.916
6.94798,1,103.777
6.94892,1,103.68
6.94987,0,103.801
6.95081,0,103.826
6.95176,1,103.72
6.9527,1,103.755
6.95364,0,103.848
6.95459,0,103.867
6.95553,1,103.786
6.95648,0,103.884
6.95742,1,103.812
6.95836,0,103.898
6.95931,1,103.836
6.96025,1,103.856
6.9612,0,103.911
6.96214,0,103.922
6.96356,1,103.874
6.96403,0,104.182
6.96497,0,104.159
6.96592,0,104.139
6.96733,1,103.89
6.9678,0,104.247
6.96875,0,104.341
6.96969,0,104.423
6.97064,0,104.495
6.97205,1,104.029
6.97252,0,104.683
6.97394,1,104.025
6.97488,1,104.022
6.97536,0,104.973
6.97677,1,104.019
6.97772,1,104.017
6.97866,1,104.015
6.9796,1,104.013
6.98055,1,104.011
6.98149,1,104.01
6.98244,1,104.134
6.98338,1,104.242
6.98432,1,104.337
6.98527,1,104.42
6.98621,1,104.617
6.98716,0,106.351
6.9881,0,106.307
6.98904,0,106.269
6.98999,1,105.04
6.99093,1,105.035
6.99188,1,105.031
6.99282,1,105.027
6.99376,0,106.61
6.99471,0,106.409
6.99565,0,106.233
6.9966,0,106.079
6.99754,0,105.944
6.99848,0,105.826
6.99943,0,105.723
7.00037,0,105.632
7.00132,0,105.553
7.00226,0,105.484
7.0032,0,105.549
7.00415,0,105.605
7.00509,0,105.654
7.00604,1,106.648
7.00698,1,106.442
7.00792,1,106.262
7.00887,1,106.104
7.00981,1,105.966
7.01076,1,105.846
7.0117,1,105.74
7.01264,0,106.448
7.01359,1,105.772
7.01453,0,106.392
7.01548,1,105.801
7.01642,0,106.343
7.01736,1,105.826
7.01831,1,105.722
7.01925,0,106.425
7.0202,0,106.372
7.02114,0,106.325
7.02208,1,106.132
7.02303,0,106.41
7.02397,0,106.233
7.02492,1,106.241
7.02586,0,106.204
7.0268,1,106.211
7.02775,1,106.059
7.02869,1,105.927
7.02964,1,105.811
7.03058,0,106.554
7.03152,0,106.36
7.03247,0,106.19
7.03341,0,106.041
7.03436,1,106.21
7.0353,1,106.058
7.03624,0,106.161
7.03719,1,106.176
7.03813,0,106.266
7.03908,0,106.232
7.04002,0,106.203
7.04096,1,106.404
7.04191,1,106.229
7.04285,0,106.303
7.0438,1,106.2
7.04474,1,106.05
7.04568,0,106.39
7.04663,1,106.044
7.04757,1,105.913
7.04852,0,106.466
7.04946,0,106.283
7.0504,1,106.049
7.05135,0,106.248
7.05229,1,106.043
7.05324,1,106.038
7.05418,0,106.342
7.05512,0,106.299
7.05607,1,106.283
7.05701,1,106.248
7.05796,0,106.387
7.0589,0,106.213
7.05984,1,106.342
7.06079,0,106.187
7.06173,1,106.299
7.06268,0,106.163
7.06362,1,106.262
7.06456,1,106.104
7.06551,0,106.268
7.06645,0,106.109
7.0674,1,106.216
7.06834,0,106.096
7.06928,0,105.959
7.07023,0,105.964
7.07117,1,106.439
7.07212,0,106.093
7.07306,0,106.082
7.074,0,106.072
7.07495,0,105.938
7.07589,1,106.634
7.07684,0,105.945
7.07778,1,106.43
7.07872,1,106.251
7.07967,0,106.077
7.08061,1,106.22
7.08156,1,106.067
7.0825,1,105.934
7.08344,1,105.817
7.08439,1,105.715
7.08533,1,105.626
7.08628,1,105.547
7.08722,1,105.479
7.08816,1,105.419
7.08911,1,105.367
7.09005,1,105.321
7.091,0,107.193
7.09194,0,106.793
7.09288,0,106.444
7.09383,1,105.531
7.09477,1,105.464
7.09572,1,105.406
7.09666,1,105.356
7.0976,0,106.639
7.09855,0,106.434
7.09949,0,106.255
7.10044,0,106.098
7.10138,0,105.961
7.10232,0,105.841
7.10327,0,105.735
7.10421,0,105.644
7.10516,0,105.563
7.1061,0,105.493
7.10704,0,105.431
7.10799,0,105.252
7.10893,0,105.096
7.10988,1,106.811
7.11082,1,106.46
7.11176,1,106.277
7.11271,1,106.118
7.11365,1,105.978
7.1146,1,105.856
7.11554,1,105.749
7.11648,0,105.834
7.11743,1,105.78
7.11837,0,105.855
7.11932,1,105.808
7.12026,0,105.873
7.1212,1,105.832
7.12215,1,105.728
7.12309,0,106.014
7.12404,0,105.887
7.12498,0,105.651
7.12592,1,105.887
7.12687,0,105.57
7.12781,0,105.373
7.12876,1,105.901
7.1297,0,105.452
7.13064,1,105.913
7.13159,1,105.799
7.13253,1,105.699
7.13348,1,105.612
7.13442,0,105.895
7.13536,0,105.783
7.13631,0,105.685
7.13725,0,105.6
7.1382,1,106.035
7.13914,1,105.906
7.14008,0,105.775
7.14103,1,105.918
7.14197,0,105.678
7.14292,0,105.468
7.14386,0,105.285
7.1448,1,106.053
7.14575,1,105.921
7.14669,0,105.374
7.14764,1,105.931
7.14858,1,105.815
7.14952,0,105.577
7.15047,1,105.838
7.15141,1,105.733
7.15236,0,105.755
7.1533,0,105.661
7.15424,1,105.892
7.15519,0,105.703
7.15613,1,105.905
7.15708,1,105.792
7.15802,0,105.865
7.15896,0,105.632
7.15991,0,105.428
7.16038,1,105.943
7.16132,1,105.825
7.16274,0,105.375
7.16368,0,105.328
7.16416,1,105.972
7.16557,0,105.287
7.16604,1,106.1
7.16746,0,105.251
7.16793,1,106.088
7.16888,1,105.952
7.17029,0,105.22
7.17124,0,105.192
7.17171,1,106.083
7.17312,0,105.168
7.17407,0,105.147
7.17501,0,105.129
7.17548,1,106.323
7.1769,0,104.988
7.17784,0,104.864
7.17879,0,104.756
7.17973,0,104.787
7.1802,1,106.657
7.18162,0,104.813
7.18209,1,106.7
7.18304,1,106.613
7.18398,1,106.411
7.18492,0,104.837
7.18587,1,106.235
7.18681,1,106.08
7.18776,1,105.945
7.1887,1,105.827
7.18964,1,105.724
7.19059,1,105.633
7.19153,1,105.554
7.19248,1,105.485
7.19342,1,105.424
7.19436,1,105.371
7.19531,1,105.325
7.19625,0,104.982
7.1972,0,105.109
7.19814,0,105.221
7.19908,1,105.409
7.20003,1,105.483
7.20097,1,105.423
7.20192,1,105.37
7.20286,0,105.193
7.2038,0,105.169
7.20475,0,105.148
7.20569,0,105.129
7.20664,0,105.113
7.20758,0,105.099
7.20852,0,105.087
7.20947,0,105.076
7.21041,0,105.066
7.21136,0,105.058
7.2123,0,105.051
7.21324,0,105.169
7.21419,0,105.273
7.21513,1,105.449
7.21608,1,105.518
7.21702,1,105.578
7.21796,1,105.506
7.21891,1,105.442
7.21985,1,105.387
7.2208,1,105.339
7.22174,0,105.239
7.22268,1,105.296
7.22363,0,105.209
7.22457,1,105.259
7.22552,0,105.183
7.22646,1,105.227
7.2274,1,105.199
7.22835,0,105.16
7.22929,0,105.14
7.23024,0,105.248
7.23118,1,105.299
7.23212,0,105.342
7.23307,0,105.424
7.23401,1,105.386
7.23496,0,105.371
7.2359,1,105.338
7.23684,1,105.296
7.23779,1,105.259
7.23873,1,105.226
7.23968,0,105.325
7.24062,0,105.284
7.24156,0,105.249
7.24251,0,105.217
7.24345,1,105.198
7.2444,1,105.173
7.24534,0,105.19
7.24628,1,105.152
7.24723,0,105.291
7.24817,0,105.38
7.24912,0,105.458
7.25006,1,105.258
7.251,1,105.351
7.25195,0,105.4
7.25289,1,105.307
7.25384,1,105.268
7.25478,0,105.35
7.25572,1,105.235
7.25667,1,105.205
7.25761,0,105.307
7.25856,0,105.268
7.2595,1,105.18
7.26044,0,105.235
7.26139,1,105.157
7.26233,1,105.138
7.26328,0,105.205
7.26422,0,105.305
7.26516,0,105.392
7.26611,1,105.245
7.26705,1,105.34
7.268,0,105.343
7.26894,0,105.3
7.26988,1,105.297
7.27083,0,105.262
7.27177,1,105.26
7.27272,0,105.23
7.27366,1,105.353
7.2746,1,105.434
7.27555,0,105.201
7.27649,0,105.176
7.27744,1,105.504
7.27838,0,105.154
7.27932,0,105.135
7.28027,0,105.118
7.28121,1,105.566
7.28216,0,105.228
7.2831,0,105.325
7.28404,0,105.409
7.28499,0,105.358
7.28593,1,105.496
7.28688,0,105.313
7.28782,1,105.434
7.28876,1,105.379
7.28971,1,105.457
7.29065,0,105.399
7.2916,1,105.525
7.29254,1,105.584
7.29348,1,105.636
7.29443,1,105.682
7.29537,1,105.721
7.29632,1,105.756
7.29726,1,105.787
7.2982,1,105.813
7.29915,1,105.837
7.30009,1,105.857
7.30104,1,105.875
7.30198,0,105.349
7.30292,0,105.305
7.30387,0,105.267
7.30481,1,105.766
7.30576,1,105.67
7.3067,1,105.711
7.30764,1,105.747
7.30859,0,105.359
7.30953,0,105.439
7.31048,0,105.509
7.31142,0,105.57
7.31236,0,105.624
7.31331,0,105.671
7.31425,0,105.712
7.3152,0,105.748
7.31614,0,105.78
7.31708,0,105.807
7.31803,0,105.831
7.31897,0,105.727
7.31992,0,105.636
7.32086,1,105.654
7.3218,1,105.572
7.32275,1,105.501
7.32369,1,105.563
7.32464,1,105.618
7.32558,1,105.665
7.32652,1,105.707
7.32747,0,105.682
7.32841,1,105.744
7.32936,0,105.722
7.3303,1,105.776
7.33124,0,105.756
7.33219,1,105.804
7.33313,1,105.828
7.33408,0,105.787
7.33502,0,105.814
7.33596,0,105.712
7.33691,1,105.725
7.33785,0,105.623
7.3388,0,105.545
7.33974,1,105.634
7.34068,0,105.602
7.34163,1,105.68
7.34257,1,105.72
7.34352,1,105.755
7.34446,1,105.786
7.3454,0,105.652
7.34635,0,105.695
7.34729,0,105.733
7.34824,0,105.767
7.34918,1,105.812
7.35012,1,105.836
7.35107,0,105.796
7.35201,1,105.856
7.35296,0,105.696
7.3539,0,105.609
7.35484,0,105.533
7.35579,1,105.749
7.35673,1,105.656
7.35768,0,105.591
7.35909,1,105.824
7.36004,1,105.971
7.36051,0,106.018
7.36192,1,105.974
7.36287,1,105.978
7.36334,0,106.39
7.36428,0,106.467
7.3657,1,105.98
7.36617,0,106.658
7.36759,1,105.983
7.36853,1,105.985
7.369,0,106.951
7.36995,0,106.832
7.37089,0,106.728
7.37231,1,105.987
7.37325,1,105.989
7.37372,0,106.887
7.37467,0,106.901
7.37608,1,106.115
7.37656,0,107.039
7.37797,1,106.101
7.37844,0,107.159
7.37986,1,106.088
7.3808,1,106.202
7.38175,0,107.389
7.38269,0,107.34
7.38364,1,106.552
7.38458,0,107.423
7.38552,0,107.37
7.38647,0,107.324
7.38741,1,106.983
7.38836,0,107.408
7.3893,0,107.357
7.39024,0,107.313
7.39119,0,107.273
7.39213,1,107.485
7.39308,0,107.489
7.39402,1,107.674
7.39496,1,107.59
7.39591,1,107.516
7.39685,0,107.803
7.3978,1,107.577
7.39874,1,107.505
7.39968,1,107.442
7.40063,1,107.386
7.40157,1,107.338
7.40252,1,107.296
7.40346,1,107.259
7.4044,1,107.226
7.40535,1,107.198
7.40629,1,107.173
7.40724,1,107.152
7.40818,0,109.078
7.40912,0,108.943
7.41007,0,108.825
7.41101,1,107.508
7.41196,1,107.444
7.4129,1,107.389
7.41384,1,107.34
7.41479,0,109.097
7.41573,0,108.835
7.41668,0,108.606
7.41762,0,108.405
7.41856,0,108.229
7.41951,0,108.076
7.42045,0,107.941
7.4214,0,107.823
7.42234,0,107.721
7.42328,0,107.63
7.42423,0,107.552
7.42517,0,107.483
7.42612,0,107.547
7.42706,1,108.923
7.428,1,108.807
7.42895,1,108.581
7.42989,1,108.384
7.43084,1,108.211
7.43178,1,108.059
7.43272,1,107.927
7.43367,0,108.354
7.43461,1,107.936
7.43556,0,108.31
7.4365,1,107.944
7.43744,0,108.271
7.43839,1,107.951
7.43933,1,107.832
7.44028,0,108.362
7.44122,0,108.192
7.44216,0,108.043
7.44311,1,108.103
7.44405,0,108.163
7.445,0,108.017
7.44594,1,108.215
7.44688,0,108.015
7.44783,1,108.188
7.44877,1,108.04
7.44972,1,107.91
7.45066,1,107.796
7.4516,0,108.388
7.45255,0,108.215
7.45349,0,108.063
7.45444,0,107.93
7.45538,1,108.197
7.45632,1,108.047
7.45727,0,108.064
7.45821,1,108.041
7.45916,0,108.056
7.4601,0,108.049
7.46104,0,108.043
7.46199,1,108.161
7.46293,1,108.016
7.46388,0,108.162
7.46482,1,108.014
7.46576,1,107.762
7.46671,0,108.267
7.46765,1,107.667
7.4686,1,107.584
7.46954,0,108.359
7.47048,0,108.189
7.47143,1,107.761
7.47237,0,108.165
7.47332,1,107.791
7.47426,1,107.692
7.4752,0,108.27
7.47615,0,108.111
7.47709,0,108.097
7.47804,1,107.98
7.47898,1,107.733
7.47992,0,108.21
7.48087,0,108.059
7.48181,1,107.766
7.48276,0,108.051
7.4837,1,107.67
7.48464,0,108.045
7.48559,1,107.712
7.48653,1,107.623
7.48748,0,108.164
7.48842,0,108.019
7.48936,1,107.795
7.49031,0,108.016
7.49125,0,107.889
7.4922,0,107.778
7.49314,1,108.07
7.49408,0,107.806
7.49503,0,107.705
7.49597,0,107.492
7.49692,0,107.306
7.49786,1,108.312
7.4988,0,107.267
7.49975,1,108.148
7.50069,1,107.879
7.50164,1,107.769
7.50258,0,107.484
7.50352,1,107.798
7.50447,1,107.698
7.50541,1,107.611
7.50636,1,107.535
7.5073,1,107.468
7.50824,1,107.409
7.50919,1,107.358
7.51013,1,107.313
7.51108,1,107.274
7.51202,1,107.24
7.51296,1,107.085
7.51391,0,108.673
7.51485,0,108.339
7.5158,0,108.047
7.51674,1,107.324
7.51768,1,107.159
7.51863,1,107.139
7.51957,1,107.122
7.52052,0,108.291
7.52146,0,108.13
7.5224,0,107.988
7.52335,0,107.865
7.52429,0,107.757
7.52524,0,107.662
7.52618,0,107.579
7.52712,0,107.507
7.52807,0,107.444
7.52901,0,107.388
7.52996,0,107.215
7.5309,0,107.063
7.53184,0,106.93
7.53279,1,108.606
7.53373,1,108.281
7.53468,1,107.996
7.53562,1,107.871
7.53656,1,107.762
7.53751,1,107.667
7.53845,1,107.584
7.5394,0,107.689
7.54034,1,107.636
7.54128,0,107.728
7.54223,1,107.681
7.54317,0,107.762
7.54412,1,107.721
7.54506,1,107.631
7.546,0,107.916
7.54695,0,107.677
7.54789,0,107.467
7.54884,1,107.802
7.54978,0,107.409
7.55072,0,107.233
7.55167,1,107.827
7.55261,0,107.329
7.55356,1,107.848
7.5545,1,107.742
7.55544,1,107.65
7.55639,1,107.568
7.55733,0,107.788
7.55828,0,107.689
7.55922,0,107.603
7.56016,0,107.528
7.56111,0,107.462
7.56158,1,107.997
7.56252,1,107.873
7.56394,0,107.279
7.56441,1,107.889
7.56583,0,107.119
7.56677,0,106.979
7.56772,0,106.857
7.56819,1,108.153
7.56913,1,108.133
7.57055,0,106.875
7.57102,1,108.242
7.57196,1,108.087
7.57338,0,106.89
7.57385,1,108.076
7.5748,1,107.941
7.57621,0,106.904
7.57716,0,106.916
7.57763,1,108.074
7.57857,1,107.939
7.57952,0,106.927
7.58046,1,107.822
7.5814,1,107.719
7.58235,0,106.936
7.58329,0,106.944
7.58424,0,106.951
7.58518,1,107.629
7.58612,1,107.676
7.58707,0,107.082
7.58801,0,107.197
7.58896,1,107.591
7.5899,0,107.172
7.59084,1,107.517
7.59179,0,107.151
7.59273,1,107.453
7.59368,1,107.396
7.59462,0,107.132
7.59556,0,107.115
7.59651,1,107.347
7.59745,0,107.101
7.5984,0,107.088
7.59934,0,107.077
7.60028,1,107.303
7.60123,0,107.068
7.60217,0,107.059
7.60312,0,107.177
7.60406,0,107.28
7.605,1,107.39
7.60595,0,107.245
7.60689,1,107.342
7.60784,1,107.299
7.60878,1,107.261
7.60972,0,107.214
7.61067,1,107.229
7.61161,1,107.2
7.61256,1,107.175
7.6135,1,107.153
7.61444,1,107.134
7.61539,1,107.117
7.61633,1,107.103
7.61728,1,107.09
7.61822,1,107.079
7.61916,1,107.069
7.62011,1,107.185
7.62105,0,107.312
7.622,0,107.273
7.62294,0,107.239
7.62388,1,107.162
7.62483,1,107.142
7.62577,1,107.124
7.62672,1,107.109
7.62766,0,107.209
7.6286,0,107.183
7.62955,0,107.16
7.63049,0,107.14
7.63144,0,107.123
7.63238,0,107.107
7.63332,0,107.094
7.63427,0,107.082
7.63521,0,107.072
7.63616,0,107.063
7.6371,0,107.18
7.63804,0,107.283
7.63899,0,107.247
7.63993,1,107.095
7.64088,1,107.083
7.64182,1,107.073
7.64276,1,107.064
7.64371,1,107.056
7.64465,1,107.049
7.6456,1,107.043
7.64654,0,107.216
7.64748,1,107.037
7.64843,0,107.189
7.64937,1,107.033
7.65032,0,107.166
7.65126,1,107.029
7.6522,1,107.025
7.65315,0,107.145
7.65409,0,107.252
7.65504,0,107.345
7.65598,1,107.022
7.65692,0,107.302
7.65787,0,107.264
7.65881,1,107.019
7.65976,0,107.231
7.6607,1,107.017
7.66164,1,107.015
7.66259,1,107.013
7.66353,1,107.011
7.66448,0,107.202
7.66542,0,107.177
7.66636,0,107.155
7.66731,0,107.136
7.66825,0,107.119
7.6692,1,107.135
7.67014,1,107.243
7.67108,0,107.229
7.67203,1,107.338
7.67297,0,107.2
7.67392,0,107.175
7.67486,0,107.153
7.6758,1,107.295
7.67675,1,107.258
7.67769,0,107.134
7.67864,1,107.226
7.67958,1,107.323
7.68052,0,107.117
7.68147,1,107.408
7.68241,1,107.482
7.68336,0,107.103
7.6843,0,107.09
7.68524,1,107.546
7.68619,1,107.603
7.68713,0,107.204
7.68808,1,107.653
7.68902,1,107.696
7.68996,0,107.178
7.69091,0,107.156
7.69185,0,107.136
7.6928,1,107.609
7.69374,1,107.533
7.69468,0,107.119
7.69563,0,107.104
7.69657,1,107.591
7.69752,0,107.216
7.69846,1,107.642
7.6994,0,107.314
7.70035,1,107.687
7.70129,1,107.726
7.70224,0,107.4
7.70318,0,107.475
7.70412,1,107.76
7.70507,0,107.541
7.70601,0,107.598
7.70696,0,107.523
7.7079,1,107.665
7.70884,0,107.458
7.70979,0,107.401
7.71073,0,107.351
7.71168,0,107.307
7.71262,1,107.582
7.71356,0,107.393
7.71451,1,107.634
7.71545,1,107.68
7.7164,1,107.72
7.71734,0,107.469
7.71828,1,107.755
7.71923,1,107.786
7.72017,1,107.812
7.72112,1,107.836
7.72206,1,107.856
7.723,1,107.874
7.72395,1,107.765
7.72489,1,107.669
7.72584,1,107.586
7.72678,1,107.513
7.72772,1,107.448
7.72867,0,107.411
7.72961,0,107.484
7.73056,0,107.549
7.7315,1,107.517
7.73244,1,107.578
7.73339,1,107.631
7.73433,1,107.677
7.73528,0,107.605
7.73622,0,107.654
7.73716,0,107.698
7.73811,0,107.735
7.73905,0,107.769
7.74,0,107.672
7.74094,0,107.588
7.74188,0,107.515
7.74283,0,107.45
7.74377,0,107.394
7.74472,0,107.345
7.74566,0,107.302
7.7466,0,107.389
7.74755,1,107.717
7.74849,1,107.752
7.74944,1,107.783
7.75038,1,107.81
7.75132,1,107.834
7.75227,1,107.855
7.75321,1,107.873
7.75416,0,107.465
7.7551,1,107.889
7.75604,0,107.532
7.75699,1,107.778
7.75793,0,107.466
7.75888,1,107.681
7.75982,1,107.595
7.76076,0,107.408
7.76171,0,107.357
7.76265,0,107.437
7.76407,1,107.771
7.76454,0,107.632
7.76548,0,107.803
7.7669,1,107.8
7.76737,0,108.078
7.76879,1,107.825
7.76973,1,107.847
7.77068,1,107.866
7.77162,1,107.883
7.77209,0,108.693
7.77304,0,108.732
7.77398,0,108.64
7.77492,0,108.56
7.77587,0,108.49
7.77728,1,107.897
7.77823,1,107.91
7.7787,0,108.679
7.78012,1,107.921
7.78059,0,108.719
7.78153,0,108.754
7.78248,0,108.785
7.78389,1,107.931
7.78484,1,108.065
7.78578,0,109.062
7.78672,1,108.307
7.78767,1,108.393
7.78861,0,109.304
7.78956,1,108.594
7.7905,1,108.645
7.79144,0,109.516
7.79239,0,109.452
7.79333,1,108.939
7.79428,1,108.947
7.79522,0,109.645
7.79616,1,109.079
7.79711,1,109.069
7.79805,0,109.814
7.799,0,109.713
7.79994,0,109.624
7.80088,1,109.31
7.80183,1,109.271
7.80277,0,109.796
7.80372,0,109.696
7.80466,1,109.487
7.8056,0,109.734
7.80655,1,109.551
7.80749,0,109.767
7.80844,1,109.608
7.80938,1,109.532
7.81032,0,109.921
7.81127,0,109.806
7.81221,1,109.715
7.81316,0,109.83
7.8141,0,109.727
7.81504,0,109.636
7.81599,1,109.876
7.81693,0,109.681
7.81788,0,109.596
7.81882,0,109.522
7.81976,0,109.456
7.82071,1,110.266
7.82165,0,109.524
7.8226,1,110.233
7.82354,1,110.079
7.82448,1,109.944
7.82543,0,109.834
7.82637,1,109.951
7.82732,1,109.832
7.82826,1,109.728
7.8292,1,109.637
7.83015,1,109.557
7.83109,1,109.488
7.83204,1,109.427
7.83298,1,109.373
7.83392,1,109.327
7.83487,1,109.286
7.83581,1,109.25
7.83676,0,110.98
7.8377,0,110.732
7.83864,0,110.516
7.83959,1,109.594
7.84053,1,109.52
7.84148,1,109.455
7.84242,1,109.398
7.84336,0,110.826
7.84431,0,110.598
7.84525,0,110.398
7.8462,0,110.223
7.84714,0,110.07
7.84808,0,109.937
7.84903,0,109.945
7.84997,0,109.827
7.85092,0,109.723
7.85186,0,109.633
7.8528,0,109.554
7.85375,0,109.484
7.85469,0,109.424
7.85564,1,110.848
7.85658,1,110.617
7.85752,1,110.415
7.85847,1,110.238
7.85941,1,110.083
7.86036,1,109.948
7.8613,1,109.829
7.86224,0,110.246
7.86319,1,109.851
7.86413,0,110.215
7.86508,1,109.869
7.86602,0,110.188
7.86696,1,109.886
7.86791,1,109.775
7.86885,0,110.29
7.8698,0,110.129
7.87074,0,109.987
7.87168,1,110.053
7.87263,0,109.989
7.87357,0,109.865
7.87452,1,110.046
7.87546,0,109.882
7.8764,1,110.041
7.87735,1,109.911
7.87829,1,109.797
7.87924,1,109.697
7.88018,0,110.272
7.88112,0,110.113
7.88207,0,109.974
7.88301,0,109.977
7.88396,0,109.855
7.8849,1,110.11
7.88584,1,109.846
7.88679,0,109.998
7.88773,1,109.74
7.88868,0,109.998
7.88962,0,109.874
7.89056,0,109.764
7.89151,1,109.898
7.89245,1,109.786
7.8934,0,109.919
7.89434,1,109.812
7.89528,1,109.711
7.89623,0,110.054
7.89717,1,109.747
7.89812,1,109.654
7.89906,0,110.172
7.9,0,110.026
7.90095,1,109.697
7.90189,1,109.485
7.90284,0,110.022
7.90378,1,109.424
7.90472,1,109.246
7.90567,0,110.02
7.90661,0,109.767
7.90756,0,109.671
7.9085,1,109.465
7.90944,1,109.407
7.91039,0,109.837
7.91133,0,109.733
7.91228,1,109.606
7.91322,0,109.766
7.91416,1,109.656
7.91511,0,109.795
7.91605,1,109.699
7.917,1,109.486
7.91794,0,109.821
7.91888,0,109.593
7.91983,1,109.55
7.92077,0,109.519
7.92172,0,109.329
7.92266,0,109.163
7.9236,1,109.732
7.92455,0,109.143
7.92549,0,109.125
7.92644,0,109.109
7.92738,0,109.096
7.92832,1,110.14
7.92927,0,109.209
7.93021,1,110.123
7.93116,1,109.982
7.9321,1,109.86
7.93304,0,109.558
7.93399,1,109.752
7.93493,1,109.533
7.93588,1,109.341
7.93682,1,109.174
7.93776,1,109.027
7.93871,1,108.899
7.93965,1,108.786
7.9406,1,108.688
7.94154,1,108.727
7.94248,1,108.761
7.94343,1,108.791
7.94437,0,110.738
7.94532,0,110.521
7.94626,0,110.331
7.9472,1,109.192
7.94815,1,109.168
7.94909,1,109.147
7.95004,1,109.129
7.95098,0,110.539
7.95192,0,110.222
7.95287,0,109.944
7.95381,0,109.701
7.95476,0,109.488
7.9557,0,109.302
7.95664,0,109.14
7.95759,0,108.997
7.95853,0,108.998
7.95948,0,108.998
7.96042,0,108.998
7.96136,0,108.998
7.96231,0,108.999
7.96325,0,108.999
7.96372,1,110.613
7.96467,1,110.411
7.96561,1,110.235
7.96656,1,110.08
7.9675,1,109.945
7.96844,1,109.827
7.96939,1,109.724
7.9708,0,108.874
7.97128,1,109.758
7.97269,0,108.765
7.97316,1,109.788
7.97458,0,108.669
7.97505,1,109.815
7.976,1,109.713
7.97741,0,108.71
7.97836,0,108.747
7.9793,0,108.778
7.97977,1,109.999
7.98119,0,108.806
7.98213,0,108.83
7.9826,1,110.124
7.98402,0,108.851
7.98449,1,110.109
7.98544,1,109.97
7.98638,1,109.849
7.98732,1,109.743
7.98874,0,108.745
7.98968,0,108.652
7.99063,0,108.57
7.9911,1,110.025
7.99204,0,108.624
7.99346,1,109.897
7.9944,0,108.921
7.99535,1,109.91
7.99629,1,109.796
7.99676,0,109.056
7.99771,0,109.049
7.99865,0,109.043
8.00007,1,109.696
8.00101,0,109.287
8.00148,1,109.609
8.0029,1,109.408
8.00384,0,109.377
8.00479,1,109.357
8.00573,1,109.188
8.0062,0,109.454
8.00762,0,109.273
8.00856,1,109.289
8.00904,0,109.239
8.00998,1,109.253
8.0114,0,109.209
8.01187,1,109.346
8.01281,1,109.303
8.01423,0,109.183
8.01517,1,109.515
8.01564,0,109.16
8.01659,0,109.14
8.01753,1,109.451
8.01895,0,108.997
8.01989,1,109.519
8.02084,0,108.998
8.02178,0,108.873
8.02225,1,109.579
8.02367,0,108.764
8.02414,1,109.632
8.02508,1,109.553
8.0265,0,108.793
8.02744,1,109.734
8.02839,0,108.944
8.02933,0,108.951
8.0298,1,109.767
8.03075,0,108.957
8.03216,1,109.671
8.03264,0,109.088
8.03358,0,109.077
8.03452,0,109.067
8.03547,0,109.059
8.03688,1,109.462
8.03736,0,109.176
8.03877,1,109.28
8.03972,0,109.279
8.04019,1,109.245
8.0416,0,109.119
8.04208,1,109.339
8.04302,1,109.422
8.04396,1,109.369
8.04491,1,109.323
8.04585,1,109.282
8.0468,1,109.247
8.04774,1,109.216
8.04868,1,109.189
8.04963,1,109.166
8.05057,1,109.145
8.05152,1,109.127
8.05293,0,108.979
8.05388,1,109.236
8.05435,0,108.982
8.05576,1,109.081
8.05671,0,109.109
8.05718,1,109.071
8.05812,1,109.062
8.05954,0,109.096
8.06048,1,109.18
8.06096,0,109.084
8.0619,0,109.073
8.06284,0,109.064
8.06379,0,109.056
8.06473,0,109.049
8.06568,0,109.043
8.06662,0,109.038
8.06756,0,109.033
8.06851,0,109.029
8.06945,0,109.025
8.0704,0,109.022
8.07134,0,109.019
8.07228,1,109.157
8.07323,1,109.137
8.07417,1,109.12
8.07512,0,109.392
8.07606,1,109.23
8.077,1,109.326
8.07795,1,109.286
8.07936,0,109.343
8.07984,1,109.375
8.08125,0,109.3
8.08172,1,109.453
8.08314,0,109.263
8.08361,1,109.521
8.08456,1,109.456
8.08597,0,109.105
8.08692,0,108.967
8.08786,0,108.846
8.08833,1,109.899
8.08975,0,108.74
8.09022,1,110.037
8.09116,1,109.907
8.09211,0,108.898
8.09352,1,109.794
8.09447,0,109.035
8.09494,1,109.695
8.09588,1,109.608
8.0973,0,109.031
8.09824,1,109.782
8.09872,0,109.027
8.09966,0,109.024
8.1006,1,109.684
8.10155,0,109.021
8.10249,1,109.599
8.10391,1,109.399
8.10485,0,109.143
8.1058,1,109.349
8.10627,0,109.25
8.10721,0,109.344
8.10863,1,109.18
8.1091,0,109.551
8.11052,0,109.482
8.11099,1,109.158
8.11193,1,109.138
8.11288,0,109.422
8.11382,1,109.121
8.11476,0,109.244
8.11618,0,109.214
8.11665,1,109.356
8.11807,1,109.436
8.11901,0,109.312
8.11996,0,109.148
8.12043,1,109.632
8.12137,1,109.678
8.12279,0,109.004
8.12326,1,109.843
8.12468,1,109.738
8.12515,0,109.129
8.12609,1,109.645
8.12704,0,109.363
8.12845,1,109.565
8.12892,0,109.442
8.12987,0,109.387
8.13081,1,109.369
8.13176,0,109.464
8.1327,1,109.198
8.13412,1,109.173
8.13459,0,109.656
8.136,1,109.152
8.13648,0,109.699
8.13742,0,109.611
8.13836,1,109.133
8.13931,0,109.66
8.14072,1,108.991
8.1412,0,109.828
8.14214,0,109.849
8.14308,0,109.868
8.14403,0,109.884
8.14544,1,108.992
8.14592,0,109.899
8.14733,1,108.993
8.1478,0,109.912
8.14875,1,108.869
8.14969,0,109.923
8.15111,0,109.932
8.15158,1,108.885
8.15252,1,108.9
8.15347,1,109.037
8.15441,1,109.158
8.15536,1,109.263
8.1563,1,109.355
8.15724,1,109.436
8.15819,1,109.506
8.15913,1,109.568
8.16008,1,109.622
8.16149,0,109.816
8.16196,1,109.669
8.16291,0,109.589
8.16385,1,109.711
8.16527,0,109.515
8.16574,1,109.747
8.16668,1,109.653
8.1681,0,109.451
8.16857,1,109.697
8.16952,0,109.394
8.17093,1,109.735
8.1714,0,109.47
8.17235,0,109.536
8.17329,0,109.594
8.17424,0,109.77
8.17518,0,109.924
8.17612,0,110.058
8.17707,0,110.176
8.17801,0,110.279
8.17896,0,110.244
8.1799,0,110.214
8.18084,1,109.518
8.18226,1,109.453
8.1832,1,109.396
8.18368,0,110.562
8.18462,0,110.867
8.18556,1,109.347
8.18698,1,109.304
8.18745,0,111.008
8.18887,1,109.516
8.18934,0,110.882
8.19076,1,109.701
8.19123,0,110.772
8.19264,1,109.863
8.19359,1,110.131
8.19406,0,110.801
8.195,0,110.7
8.19595,0,110.488
8.19736,1,110.614
8.19831,0,110.552
8.19925,1,111.162
8.2002,0,110.608
8.20114,1,111.392
8.20208,1,111.468
8.20256,0,110.532
8.20397,1,111.535
8.20492,1,111.468
8.20539,0,110.59
8.2068,0,110.392
8.20728,1,111.659
8.20822,1,111.827
8.20916,0,110.468
8.21058,1,111.849
8.21105,0,110.659
8.21247,1,111.867
8.21341,0,110.827
8.21436,0,110.723
8.21483,1,111.884
8.21624,0,110.633
8.21672,1,112.024
8.21766,1,112.021
8.2186,0,110.679
8.22002,1,112.018
8.22049,0,110.719
8.22191,1,111.891
8.22285,0,110.879
8.2238,0,110.894
8.22427,1,112.029
8.22521,1,112.026
8.22616,0,111.032
8.2271,1,111.898
8.22804,0,111.153
8.22946,1,111.785
8.2304,0,111.134
8.23135,0,111.242
8.23182,1,111.687
8.23324,0,111.212
8.23371,1,111.726
8.23465,1,111.635
8.2356,0,111.061
8.23701,1,111.806
8.23748,0,110.928
8.2389,1,111.83
8.23984,0,110.937
8.24079,0,110.945
8.24126,1,111.977
8.24268,0,110.952
8.24315,1,112.104
8.24409,1,112.091
8.24504,0,110.958
8.24645,1,112.08
8.24692,0,110.838
8.24834,1,112.07
8.24928,0,110.983
8.25023,0,110.985
8.2507,1,112.061
8.25212,0,110.987
8.25306,0,110.989
8.25353,1,112.179
8.25495,0,110.99
8.25542,1,111.906
8.25684,0,111.116
8.25731,1,111.668
8.25825,0,111.352
8.25967,1,111.584
8.26061,1,111.261
8.26108,0,111.683
8.2625,1,111.104
8.26344,0,111.973
8.26439,1,111.091
8.26533,1,111.079
8.26628,1,111.069
8.26722,1,111.061
8.26816,1,111.053
8.26911,1,111.047
8.26958,0,112.726
8.271,0,112.26
8.27147,1,111.166
8.27241,1,111.27
8.27336,0,112.103
8.27477,1,111.486
8.27572,1,111.55
8.27619,0,111.965
8.2776,0,111.594
8.27808,1,111.732
8.27902,1,111.89
8.27996,0,111.395
8.28138,1,112.029
8.28185,0,111.221
8.28327,0,111.193
8.28421,0,111.169
8.28516,0,111.148
8.2861,0,111.129
8.28704,0,111.113
8.28799,0,110.974
8.28893,1,112.775
8.28988,0,110.977
8.29035,1,112.428
8.29129,0,111.23
8.29224,1,112.125
8.29365,0,111.576
8.2946,1,111.984
8.29554,0,111.629
8.29648,0,111.676
8.29696,1,111.861
8.2979,1,111.754
8.29884,0,111.591
8.29979,1,111.659
8.30073,0,111.517
8.30215,1,111.702
8.30309,0,111.578
8.30404,1,111.739
8.30498,0,111.38
8.30592,0,111.208
8.3064,1,111.897
8.30734,1,111.66
8.30828,0,111.432
8.30923,1,111.452
8.31017,0,111.503
8.31159,1,111.271
8.31253,0,111.565
8.31348,1,111.237
8.31442,1,111.207
8.31489,0,111.619
8.31584,0,111.417
8.31678,1,111.306
8.31772,0,111.365
8.31914,1,111.393
8.32008,0,111.319
8.32103,1,111.594
8.32197,0,111.154
8.32292,0,110.885
8.32339,1,111.77
8.32433,1,111.798
8.32528,0,110.899
8.32622,1,111.824
8.32716,0,110.912
8.32858,1,111.846
8.32952,0,110.923
8.33047,1,111.99
8.33141,0,110.933
8.33236,0,110.816
8.33283,1,111.991
8.33377,1,111.992
8.33472,0,110.839
8.33566,1,111.868
8.33708,0,110.859
8.33802,1,112.01
8.33896,0,110.752
8.33991,1,112.009
8.34085,1,111.882
8.34132,0,110.783
8.34227,0,110.81
8.34321,1,111.897
8.34416,0,110.834
8.34557,1,111.91
8.34652,0,110.854
8.34746,1,112.046
8.3484,0,110.873
8.34935,0,110.764
8.34982,1,112.04
8.35076,1,112.035
8.35171,0,110.793
8.35265,1,111.906
8.3536,0,110.819
8.35501,1,111.918
8.35596,0,110.717
8.3569,1,111.928
8.35784,0,110.752
8.35879,0,110.533
8.35926,1,112.062
8.3602,1,112.054
8.36115,0,110.591
8.36209,1,112.047
8.36351,0,110.642
8.36445,1,111.917
8.3654,0,110.812
8.36634,0,110.961
8.36681,1,111.802
8.36776,1,111.577
8.3687,0,111.091
8.36964,1,111.38
8.37059,0,111.204
8.372,1,111.457
8.37295,0,111.179
8.37389,1,111.4
8.37484,1,111.225
8.37578,1,111.072
8.37672,1,110.938
8.37767,0,111.531
8.37861,0,111.215
8.37908,1,111.071
8.3805,0,111.063
8.38097,1,111.187
8.38192,0,110.68
8.38286,1,111.413
8.3838,1,111.487
8.38475,0,110.345
8.38616,0,110.177
8.38664,1,111.801
8.38758,1,111.951
8.38852,0,110.03
8.38947,1,112.207
8.39041,0,109.901
8.39136,1,112.306
8.39277,1,112.393
8.39324,0,109.914
8.39419,0,109.924
8.3956,0,109.934
8.39655,0,109.942
8.39702,1,112.844
8.39796,1,112.363
8.39938,1,111.943
8.39985,0,110.199
8.4008,1,111.45
8.40174,0,110.674
8.40316,1,111.144
8.40363,0,111.09
8.40457,0,111.329
8.40552,1,110.876
8.40646,1,110.641
8.4074,0,111.663
8.40835,1,110.436
8.40929,0,111.955
8.41071,1,110.132
8.41118,0,112.336
8.4126,1,109.865
8.41307,0,112.669
8.41401,0,112.835
8.41496,1,109.632
8.41637,1,109.553
8.41684,0,112.856
8.41779,1,109.359
8.41873,0,112.999
8.42015,1,109.314
8.42062,0,113.249
8.42204,1,109.275
8.42298,0,113.343
8.42345,1,109.24
8.4244,0,113.425
8.42534,1,109.21
8.42628,0,113.497
8.4277,1,109.059
8.42817,0,113.56
8.42959,1,108.927
8.43006,0,113.74
8.431,0,113.772
8.43195,1,108.811
8.43289,1,108.709
8.43384,0,113.676
8.43478,1,108.621
8.43572,0,113.716
8.43714,1,108.668
8.43761,0,113.877
8.43903,1,108.71
8.4395,0,113.892
8.44044,0,113.781
8.44139,1,108.746
8.4428,1,108.778
8.44328,0,113.808
8.44422,1,108.806
8.44516,0,113.832
8.44658,1,108.705
8.44705,0,113.978
8.44847,1,108.742
8.44941,0,114.106
8.44988,1,108.774
8.45083,0,113.968
8.45177,1,108.677
8.45272,0,113.972
8.45413,1,108.718
8.4546,0,113.85
8.45602,1,108.753
8.45649,0,113.869
8.45744,0,113.76
8.45838,1,108.784
8.45932,1,108.811
8.46027,0,113.79
8.46121,1,108.834
8.46216,0,113.816
8.46357,1,108.73
8.46404,0,113.964
8.46546,1,108.764
8.46593,0,113.969
8.46688,0,113.848
8.46782,1,108.668
8.46924,1,108.71
8.46971,0,113.867
8.47065,1,108.621
8.4716,0,113.883
8.47301,1,108.668
8.47348,0,114.023
8.47443,0,113.895
8.47537,1,108.71
8.47632,1,108.746
8.47726,0,113.908
8.4782,1,108.778
8.47915,0,113.92
8.48056,1,108.681
8.48104,0,114.055
8.48245,1,108.721
8.4834,0,114.173
8.48387,1,108.756
8.48481,1,108.786
8.48576,0,114.276
8.48717,1,109.063
8.48764,0,114.367
8.48906,1,109.18
8.49,0,114.196
8.49095,0,113.921
8.49142,1,109.407
8.49284,0,113.681
8.49331,1,109.607
8.49425,1,109.781
8.4952,0,113.721
8.49661,1,109.808
8.49708,0,113.631
8.4985,1,109.957
8.49944,0,113.552
8.50039,0,113.358
8.50086,1,110.087
8.50228,0,113.188
8.50275,1,110.202
8.50369,1,110.301
8.50464,0,112.915
8.50605,1,110.139
8.507,0,112.8
8.50794,1,110.121
8.50888,0,112.825
8.50983,0,112.847
8.5103,1,110.231
8.51124,1,110.327
8.51219,0,112.866
8.5136,1,110.286
8.51408,0,112.883
8.51549,1,110.251
8.51644,0,112.898
8.51738,0,112.91
8.51785,1,110.344
8.51927,0,112.797
8.51974,1,110.426
8.52068,1,110.373
8.52163,0,112.697
8.52304,1,110.451
8.52352,0,112.61
8.52493,1,110.395
8.52588,0,112.534
8.52682,0,112.467
8.52729,1,110.471
8.52824,1,110.537
8.52918,0,112.534
8.53012,1,110.47
8.53107,0,112.592
8.53248,1,110.411
8.53343,0,112.643
8.53437,0,112.563
8.53484,1,110.485
8.53626,0,112.492
8.53673,1,110.549
8.53768,1,110.48
8.53862,0,112.431
8.54004,1,110.545
8.54051,0,112.377
8.54192,1,110.477
8.54287,0,112.33
8.54381,0,112.289
8.54428,1,110.668
8.5457,0,112.252
8.54617,1,110.834
8.54712,1,110.73
8.54806,0,112.346
8.54948,1,110.639
8.54995,0,112.303
8.55136,1,110.559
8.55231,0,112.39
8.55325,0,112.466
8.55372,1,110.614
8.55467,1,110.537
8.55561,0,112.408
8.55703,1,110.595
8.5575,0,112.357
8.55892,1,110.521
8.55986,0,112.312
8.5608,0,112.148
8.56128,1,110.706
8.56269,0,112.13
8.56316,1,110.867
8.56411,1,110.759
8.56505,0,112.238
8.56647,1,110.664
8.56694,0,112.209
8.56836,1,110.581
8.5693,0,112.308
8.57024,0,112.394
8.57072,1,110.633
8.57213,0,112.345
8.5726,1,110.679
8.57355,1,110.594
8.57449,0,112.302
8.57591,1,110.52
8.57685,0,112.264
8.5778,1,110.455
8.57874,0,112.356
8.57968,0,112.437
8.58016,1,110.523
8.5811,1,110.583
8.58204,0,112.507
8.58346,1,110.51
8.58393,0,112.444
8.58535,1,110.446
8.58629,0,112.513
8.58724,0,112.574
8.58771,1,110.515
8.58912,0,112.502
8.5896,1,110.576
8.59054,1,110.504
8.59148,0,112.689
8.5929,1,110.441
8.59337,0,112.853
8.59479,1,110.511
8.59573,0,112.997
8.59668,0,112.997
8.59715,1,110.822
8.59856,0,112.997
8.59904,1,110.969
8.59998,1,110.848
8.60092,0,112.998
8.60234,1,110.867
8.60328,0,112.998
8.60423,0,113.123
8.6047,1,110.884
8.60612,0,113.233
8.60659,1,111.023
8.60753,1,111.27
8.60848,0,113.204
8.60989,1,111.487
8.61036,0,113.178
8.61178,1,111.676
8.61272,0,113.156
8.61367,0,113.136
8.61414,1,111.966
8.61556,0,113.119
8.61603,1,112.22
8.61697,1,112.318
8.61792,0,113.105
8.61933,1,112.403
8.6198,0,113.091
8.62122,1,112.603
8.62216,0,113.205
8.62311,0,113.304
8.62358,1,112.652
8.62452,1,112.696
8.62547,0,113.266
8.62641,1,112.734
8.62736,0,113.233
8.62877,1,112.767
8.62972,0,113.204
8.63066,0,113.178
8.63113,1,112.921
8.63255,0,113.156
8.63302,1,113.056
8.63396,1,113.049
8.63491,0,113.137
8.63632,1,113.043
8.6368,0,113.12
8.63821,1,113.163
8.63916,0,113.23
8.6401,0,113.326
8.64057,1,113.142
8.64199,0,113.16
8.64246,1,113.249
8.6434,1,113.218
8.64435,0,113.14
8.64576,1,113.191
8.64671,0,113.123
8.64765,1,113.167
8.6486,0,113.232
8.64954,0,113.203
8.65001,1,113.271
8.65096,1,113.237
8.6519,0,113.178
8.65332,1,113.208
8.65379,0,113.156
8.6552,1,113.307
8.65615,0,113.261
8.65709,0,113.354
8.65756,1,113.268
8.65898,0,113.309
8.65945,1,113.235
8.6604,1,113.205
8.66134,0,113.271
8.66276,1,113.18
8.66323,0,113.362
8.66464,1,113.157
8.66559,0,113.317
8.66653,0,113.277
8.667,1,113.263
8.66842,0,113.242
8.66889,1,113.355
8.66984,1,113.185
8.67078,0,113.212
8.6722,1,113.287
8.67314,0,113.311
8.67408,0,113.397
8.67456,1,113.251
8.67597,0,113.347
8.67644,1,113.22
8.67739,1,113.192
8.67833,0,113.304
8.67975,1,113.168
8.68022,0,113.391
8.68164,1,113.147
8.68258,0,113.342
8.68352,0,113.299
8.684,1,113.129
8.68541,0,113.262
8.68588,1,113.113
8.68683,1,113.099
8.68777,0,113.229
8.68919,1,113.211
8.68966,0,113.2
8.69108,1,113.31
8.69202,0,113.3
8.69296,0,113.263
8.69344,1,113.271
8.69438,1,113.237
8.69532,0,113.23
8.69627,1,113.208
8.69721,0,113.326
8.69863,1,113.182
8.69957,0,113.285
8.70052,0,113.25
8.70099,1,113.159
8.7024,0,113.219
8.70288,1,113.139
8.70382,1,113.122
8.70476,0,113.191
8.70618,1,113.231
8.70665,0,113.167
8.70807,1,113.328
8.70901,0,113.271
8.70996,0,113.237
8.71043,1,113.287
8.71184,0,113.208
8.71232,1,113.251
8.71326,1,113.344
8.7142,0,113.307
8.71562,1,113.301
8.71609,0,113.268
8.71751,1,113.264
8.71845,0,113.36
8.7194,0,113.315
8.71987,1,113.231
8.72081,1,113.202
8.72176,0,113.276
8.72317,1,113.302
8.72364,0,113.241
8.72506,1,113.389
8.726,0,113.336
8.72695,0,113.294
8.72742,1,113.34
8.72884,0,113.257
8.72931,1,113.298
8.73025,1,113.386
8.7312,0,113.35
8.73261,1,113.337
8.73308,0,113.431
8.7345,1,113.295
8.73544,0,113.377
8.73639,0,113.33
8.73686,1,113.258
8.73828,0,113.289
8.73875,1,113.351
8.73969,1,113.307
8.74064,0,113.253
8.74205,1,113.394
8.743,0,113.221
8.74394,1,113.22
8.74488,0,113.319
8.74583,0,113.279
8.7463,1,113.192
8.74724,1,113.293
8.74819,0,113.369
8.7496,1,113.256
8.75008,0,113.448
8.75149,1,113.224
8.75244,0,113.392
8.75338,0,113.343
8.75385,1,113.196
8.75527,0,113.425
8.75574,1,113.172
8.75668,1,113.15
8.75763,0,113.372
8.75904,1,113.257
8.75952,0,113.325
8.76093,1,113.224
8.76188,0,113.285
8.76282,0,113.249
8.76329,1,113.196
8.76424,1,113.297
8.76518,0,113.343
8.76612,1,113.26
8.76707,0,113.425
8.76848,1,113.227
8.76943,0,113.372
8.77037,0,113.325
8.77084,1,113.199
8.77226,0,113.41
8.77273,1,113.174
8.77368,1,113.152
8.77462,0,113.359
8.77604,1,113.258
8.77651,0,113.314
8.77792,1,113.226
8.77887,0,113.275
8.77981,0,113.24
8.78028,1,113.198
8.7817,0,113.21
8.78217,1,113.298
8.78312,1,113.386
8.78406,0,113.309
8.78548,1,113.338
8.78595,0,113.145
8.78736,1,113.295
8.78831,0,113.252
8.78925,0,113.346
8.78972,1,113.258
8.79067,1,113.226
8.79161,0,113.302
8.79303,1,113.323
8.7935,0,113.265
8.79492,1,113.282
8.79586,0,113.232
8.7968,0,113.203
8.79728,1,113.372
8.79869,0,113.177
8.79916,1,113.451
8.80011,1,113.519
8.80105,0,113.28
8.80247,1,113.454
8.80294,0,113.245
8.80436,1,113.398
8.8053,0,113.214
8.80624,0,113.313
8.80672,1,113.348
8.80813,0,113.274
8.8086,1,113.429
8.80955,1,113.376
8.81049,0,113.239
8.81191,1,113.329
8.81285,0,113.209
8.8138,1,113.288
8.81474,0,113.308
8.81568,0,113.27
8.81616,1,113.377
8.8171,1,113.455
8.81804,0,113.361
8.81946,1,113.398
8.81993,0,113.316
8.82135,1,113.348
8.82229,0,113.276
8.82324,0,113.367
8.82371,1,113.305
8.82512,0,113.446
8.8256,1,113.266
8.82654,1,113.233
8.82748,0,113.39
8.8289,1,113.204
8.82937,0,113.341
8.83079,1,113.179
8.83173,0,113.299
8.83268,0,113.261
8.83315,1,113.281
8.83456,0,113.229
8.83504,1,113.496
8.83598,1,113.309
8.83692,0,113.2
8.83834,1,113.27
8.83928,0,113.175
8.84023,0,113.278
8.8407,1,113.237
8.84212,0,113.368
8.84259,1,113.207
8.84353,1,113.181
8.84448,0,113.322
8.84589,1,113.159
8.84636,0,113.282
8.84778,1,113.139
8.84872,0,113.247
8.84967,0,113.216
8.85014,1,113.246
8.85156,0,113.189
8.85203,1,113.341
8.85297,1,113.298
8.85392,0,113.165
8.85533,1,113.261
8.8558,0,113.145
8.85722,1,113.353
8.85816,0,113.252
8.85911,0,113.345
8.85958,1,113.309
8.86052,1,113.27
8.86147,0,113.302
8.86241,1,113.237
8.86336,0,113.264
8.86477,1,113.207
8.86572,0,113.231
8.86666,0,113.202
8.86713,1,113.306
8.86855,0,113.177
8.86902,1,113.393
8.86996,1,113.344
8.87091,0,113.155
8.87232,1,113.301
8.8728,0,113.136
8.87421,1,113.388
8.87516,0,113.244
8.8761,0,113.338
8.87657,1,113.34
8.87799,0,113.171
8.87846,1,113.422
8.8794,1,113.369
8.88035,0,113.15
8.88176,1,113.323
8.88271,0,113.131
8.88365,1,113.283
8.8846,0,113.239
8.88554,0,113.21
8.88601,1,113.372
8.88696,1,113.326
8.8879,0,113.183
8.88932,1,113.285
8.88979,0,113.16
8.8912,1,113.375
8.89215,0,113.265
8.89309,0,113.357
8.89356,1,113.328
8.89498,0,113.313
8.89545,1,113.287
8.8964,1,113.251
8.89734,0,113.273
8.89876,1,113.22
8.89923,0,113.364
8.90064,1,113.192
8.90159,0,113.319
8.90253,0,113.279
8.903,1,113.293
8.90442,0,113.244
8.90489,1,113.381
8.90584,1,113.209
8.90678,0,113.214
8.9082,1,113.308
8.90914,0,113.312
8.91008,0,113.398
8.91056,1,113.269
8.91197,0,113.348
8.91244,1,113.236
8.91339,1,113.206
8.91433,0,113.305
8.91575,1,113.18
8.91622,0,113.392
8.91764,1,113.158
8.91858,0,113.343
8.91952,0,113.3
8.92,1,113.138
8.92141,0,113.262
8.92188,1,113.121
8.92283,1,113.106
8.92377,0,113.23
8.92519,1,113.218
8.92566,0,113.201
8.92708,1,113.315
8.92802,0,113.301
8.92896,0,113.263
8.92944,1,113.276
8.93038,1,113.241
8.93132,0,113.23
8.93227,1,113.211
8.93321,0,113.326
8.93463,1,113.185
8.93557,0,113.286
8.93652,0,113.25
8.93699,1,113.162
8.9384,0,113.219
8.93888,1,113.142
8.93982,1,113.124
8.94076,0,113.191
8.94218,1,113.233
8.94265,0,113.167
8.94407,1,113.329
8.94501,0,113.272
8.94596,0,113.238
8.94643,1,113.288
8.94784,0,113.208
8.94832,1,113.252
8.94926,1,113.346
8.9502,0,113.307
8.95162,1,113.302
8.95209,0,113.269
8.95351,1,113.265
8.95445,0,113.36
8.9554,0,113.315
8.95587,1,113.231
8.95681,1,113.203
8.95776,0,113.276
8.95917,1,113.302
8.95964,0,113.241
8.96106,1,113.389
8.962,0,113.336
8.96295,0,113.294
8.96342,1,113.341
8.96484,0,113.257
8.96531,1,113.298
8.96625,1,113.386
8.9672,0,113.35
8.96861,1,113.338
8.96908,0,113.431
8.9705,1,113.295
8.97144,0,113.377
8.97239,0,113.33
8.97286,1,113.259
8.97428,0,113.289
8.97475,1,113.351
8.97569,1,113.307
8.97664,0,113.253
8.97805,1,113.394
8.979,0,113.221
8.97994,1,113.22
8.98088,0,113.319
8.98183,0,113.279
8.9823,1,113.192
8.98324,1,113.293
8.98419,0,113.369
8.9856,1,113.257
8.98608,0,113.448
8.98749,1,113.224
8.98844,0,113.392
8.98938,0,113.343
8.98985,1,113.196
8.99127,0,113.425
8.99174,1,113.172
8.99268,1,113.15
8.99363,0,113.372
8.99504,1,113.257
8.99552,0,113.325
8.99693,1,113.224
8.99788,0,113.285
8.99882,0,113.249
8.99929,1,113.196
9.00024,1,113.297
9.00118,0,113.343
9.00212,1,113.26
9.00307,0,113.425
9.00448,1,113.227
9.00543,0,113.372
9.00637,0,113.325
9.00684,1,113.199
9.00826,0,113.41
9.00873,1,113.174
9.00968,1,113.152
9.01062,0,113.359
9.01204,1,113.258
9.01251,0,113.314
9.01392,1,113.226
9.01487,0,113.275
9.01581,0,113.365
9.01628,1,113.198
9.0177,0,113.57
9.01817,1,113.298
9.01912,1,113.386
9.02006,0,113.873
9.02148,1,113.338
9.02195,0,114.014
9.02336,1,113.295
9.02431,0,114.137
9.02525,0,114.245
9.02572,1,113.258
9.02667,1,113.226
9.02761,0,114.465
9.02903,1,113.323
9.0295,0,114.532
9.03092,1,113.282
9.03186,0,114.59
9.0328,0,114.516
9.03328,1,113.622
9.03469,0,114.577
9.03516,1,113.919
9.03611,1,114.054
9.03705,0,114.755
9.03847,1,114.298
9.03894,0,114.785
9.04036,1,114.385
9.0413,0,114.937
9.04224,0,114.82
9.04272,1,114.462
9.04413,0,114.968
9.0446,1,114.529
9.04555,1,114.588
9.04649,0,114.972
9.04791,1,114.64
9.04885,0,114.975
9.0498,1,114.685
9.05074,0,114.978
9.05168,0,114.981
9.05216,1,114.849
9.0531,1,114.868
9.05404,0,115.108
9.05546,1,115.01
9.05593,0,115.095
9.05735,1,115.008
9.05829,0,115.208
9.05924,0,115.057
9.05971,1,115.007
9.06112,0,115.175
9.0616,1,115.006
9.06254,1,114.881
9.06348,0,115.278
9.0649,1,114.896
9.06537,0,115.243
9.06679,1,114.909
9.06773,0,115.213
9.06868,0,115.061
9.06915,1,115.045
9.07056,0,115.054
9.07104,1,115.164
9.07198,1,115.144
9.07292,0,115.047
9.07434,1,115.126
9.07528,0,115.166
9.07623,0,115.02
9.0767,1,115.11
9.07812,0,115.143
9.07859,1,115.096
9.07953,1,114.959
9.08048,0,115.25
9.08189,1,114.964
9.08236,0,115.219
9.08378,1,114.969
9.08472,0,115.191
9.08567,0,115.042
9.08614,1,115.098
9.08756,0,115.037
9.08803,1,115.211
9.08897,1,115.059
9.08992,0,115.032
9.09133,1,115.177
9.0918,0,115.028
9.09322,1,115.155
9.09416,0,115.15
9.09511,0,115.131
9.09558,1,115.26
9.09652,1,115.103
9.09747,0,115.24
9.09841,1,115.09
9.09936,0,115.21
9.10077,1,115.079
9.10172,0,115.184
9.10266,0,115.036
9.10313,1,115.194
9.10455,0,115.031
9.10502,1,115.295
9.10596,1,115.133
9.10691,0,115.027
9.10832,1,115.241
9.1088,0,115.024
9.11021,1,115.211
9.11116,0,115.146
9.1121,0,115.128
9.11257,1,115.31
9.11399,0,115.112
9.11446,1,115.271
9.1154,1,115.237
9.11635,0,115.098
9.11776,1,115.207
9.11871,0,115.086
9.11965,1,115.182
9.1206,0,115.075
9.12154,0,115.065
9.12201,1,115.284
9.12296,1,115.123
9.1239,0,115.057
9.12532,1,115.233
9.12579,0,115.05
9.1272,1,115.204
9.12815,0,115.169
9.12909,0,115.148
9.12956,1,115.303
9.13098,0,115.129
9.13145,1,115.265
9.1324,1,115.107
9.13334,0,115.238
9.13476,1,115.094
9.13523,0,115.208
9.13664,1,115.082
9.13759,0,115.307
9.13853,0,115.144
9.139,1,115.197
9.14042,0,115.126
9.14089,1,115.172
9.14184,1,115.151
9.14278,0,115.11
9.1442,1,115.132
9.14514,0,115.221
9.14608,0,115.194
9.14656,1,115.24
9.14797,0,115.17
9.14844,1,115.21
9.14939,1,115.059
9.15033,0,115.273
9.15175,1,115.052
9.15222,0,115.239
9.15364,1,115.045
9.15458,0,115.334
9.15552,0,115.167
9.156,1,115.04
9.15741,0,115.147
9.15788,1,115.035
9.15883,1,114.905
9.15977,0,115.128
9.16119,1,115.042
9.16166,0,115.112
9.16308,1,115.162
9.16402,0,115.223
9.16496,0,115.07
9.16544,1,115.267
9.16638,1,115.108
9.16732,0,115.186
9.16827,1,115.095
9.16921,0,115.163
9.17063,1,115.083
9.17157,0,115.268
9.17252,0,115.109
9.17299,1,115.073
9.1744,0,115.096
9.17488,1,115.063
9.17582,1,114.931
9.17676,0,115.084
9.17818,1,115.064
9.17865,0,115.073
9.18007,1,115.181
9.18101,0,115.189
9.18196,0,115.04
9.18243,1,115.284
9.18384,0,115.035
9.18432,1,115.248
9.18526,1,115.092
9.1862,0,115.156
9.18762,1,115.206
9.18809,0,115.261
9.18951,1,115.18
9.19045,0,115.229
9.1914,0,115.2
9.19187,1,115.157
9.19281,1,115.013
9.19376,0,115.175
9.19517,1,115.136
9.19564,0,115.153
9.19706,1,115.244
9.198,0,115.259
9.19895,0,115.102
9.19942,1,115.339
9.20084,0,115.089
9.20131,1,115.296
9.20225,1,115.134
9.2032,0,115.203
9.20461,1,115.242
9.20508,0,115.303
9.2065,1,115.212
9.20744,0,115.39
9.20839,0,115.216
9.20886,1,115.186
9.21028,0,115.189
9.21075,1,115.162
9.21169,1,115.142
9.21264,0,115.165
9.21405,1,115.249
9.215,0,115.145
9.21594,1,115.218
9.21688,0,115.127
9.21783,0,115.111
9.2183,1,115.191
9.21924,1,115.042
9.22019,0,115.222
9.2216,1,115.162
9.22208,0,115.319
9.22349,1,115.142
9.22444,0,115.404
9.22538,0,115.229
9.22585,1,115.124
9.22727,0,115.2
9.22774,1,115.108
9.22868,1,114.97
9.22963,0,115.3
9.23104,1,115.099
9.23152,0,115.263
9.23293,1,115.086
9.23388,0,115.23
9.23482,0,115.076
9.23529,1,115.2
9.23624,1,115.05
9.23718,0,115.192
9.23812,1,115.169
9.23907,0,115.293
9.24048,1,115.148
9.24143,0,115.381
9.24237,0,115.208
9.24284,1,115.129
9.24426,0,115.182
9.24473,1,115.113
9.24568,1,114.974
9.24662,0,115.285
9.24804,1,115.102
9.24851,0,115.249
9.24992,1,115.09
9.25087,0,115.218
9.25181,0,115.066
9.25228,1,115.203
9.2537,0,115.057
9.25417,1,115.178
9.25512,1,115.156
9.25606,0,115.175
9.25748,1,115.261
9.25795,0,115.153
9.25936,1,115.229
9.26031,0,115.134
9.26125,0,115.117
9.26172,1,115.2
9.26267,1,115.05
9.26361,0,115.228
9.26503,1,115.169
9.2655,0,115.199
9.26692,1,115.148
9.26786,0,115.174
9.2688,0,115.028
9.26928,1,115.254
9.27069,0,115.024
9.27116,1,115.347
9.27211,1,115.304
9.27305,0,115.146
9.27447,1,115.391
9.27494,0,115.128
9.27636,1,115.342
9.2773,0,115.237
9.27824,0,115.082
9.27872,1,115.299
9.28013,0,115.197
9.2806,1,115.262
9.28155,1,115.229
9.28249,0,115.172
9.28391,1,115.201
9.28485,0,115.151
9.2858,1,115.175
9.28674,0,115.132
9.28768,0,115.115
9.28816,1,115.279
9.2891,1,115.244
9.29004,0,115.226
9.29146,1,115.338
9.29193,0,115.198
9.29335,1,115.296
9.29429,0,115.298
9.29524,0,115.136
9.29571,1,115.259
9.29712,0,115.244
9.2976,1,115.227
9.29854,1,115.073
9.29948,0,115.338
9.3009,1,115.064
9.30137,0,115.296
9.30279,1,115.056
9.30373,0,115.259
9.30468,0,115.102
9.30515,1,115.174
9.30656,0,115.089
9.30704,1,115.277
9.30798,1,115.243
9.30892,0,115.078
9.31034,1,115.212
9.31128,0,115.193
9.31224,0,115.044
9.3127,1,115.186
9.31459,1,115.163
9.31553,1,115.017
9.31789,1,115.015
9.31978,1,115.013
9.32214,1,115.137
9.32403,1,115.244
9.32497,1,115.089
9.32733,1,115.203
9.32922,1,115.177
9.33158,1,115.28
9.33252,1,115.12
9.33441,1,115.105
9.33677,1,115.092
9.33913,1,115.206
9.34103,1,115.305
9.42928,0,115.038
9.43023,0,114.909
9.43212,0,114.795
9.43448,0,114.571
9.43636,0,114.124
9.43872,0,113.734
9.43967,0,113.142
9.44297,0,112.624
9.4458,0,112.296
9.44816,0,112.009
9.451,0,111.758
9.45288,1,114.767
9.45336,0,111.538
9.4543,1,114.171
9.45572,0,111.096
9.45619,1,113.65
9.45713,0,110.709
9.45808,1,112.943
9.45902,0,110.245
9.45996,1,112.075
9.46138,1,111.316
9.46185,0,109.715
9.46327,1,110.526
9.46374,0,109.25
9.46516,0,108.844
9.4661,1,109.836
9.46704,0,108.364
9.46799,1,109.106
9.46893,0,107.693
9.4694,1,108.343
9.47082,0,106.981
9.47129,1,107.675
9.47224,0,106.234
9.47318,1,106.841
9.47412,0,105.455
9.47507,1,105.986
9.47648,1,105.112
9.47696,0,104.773
9.47837,1,104.223
9.47884,0,104.176
9.48026,0,103.529
9.4812,1,103.445
9.48215,0,102.963
9.48309,1,102.89
9.48404,0,102.343
9.48451,1,102.154
9.48592,0,101.425
9.4864,1,101.384
9.48734,0,100.622
9.48828,1,100.586
9.48923,0,99.794
9.49017,1,99.763
9.49159,1,98.7926
9.49206,0,99.1947
9.49348,1,97.9436
9.49395,0,98.4204
9.49536,0,97.6178
9.49631,1,97.2006
9.49725,0,96.9156
9.4982,1,96.5505
9.49914,0,96.1762
9.49961,1,95.7317
9.50103,0,95.2791
9.5015,1,95.0152
9.50244,0,94.3692
9.50339,1,94.1383
9.50433,0,93.4481
9.50528,1,93.246
9.50669,1,92.3403
9.50716,0,92.7671
9.50858,0,91.9212
9.50952,1,91.5478
9.51047,0,91.181
9.51141,0,90.4084
9.51188,1,90.8543
9.5133,0,89.6074
9.51424,0,88.9064
9.51519,1,90.3725
9.51613,0,88.5431
9.51708,1,89.8259
9.51802,0,88.2252
9.51896,1,89.2227
9.51944,0,87.8221
9.52085,1,88.4449
9.52132,0,87.4693
9.52227,0,87.0357
9.52368,1,87.7642
9.52463,1,87.0437
9.5251,0,86.9062
9.52652,1,86.4133
9.52746,0,86.6679
9.5284,1,85.9866
9.52888,0,86.2094
9.53029,1,85.3633
9.53124,1,84.8179
9.53171,0,85.8083
9.53312,1,84.4656
9.53407,1,84.1574
9.53454,0,85.5822
9.53548,0,85.1344
9.53643,1,83.8877
9.53784,0,84.7426
9.53832,1,83.9018
9.53973,0,84.3998
9.5402,1,83.9141
9.54162,0,84.0998
9.54209,1,83.9248
9.54304,1,83.9342
9.54445,0,83.9624
9.54492,1,83.8174
9.54634,0,83.8421
9.54728,0,83.6118
9.54776,1,83.8402
9.54917,0,83.4103
9.54964,1,83.7352
9.55106,0,83.359
9.55153,1,83.7683
9.55295,0,83.1892
9.55342,1,83.7973
9.55484,0,83.0405
9.55531,1,83.8226
9.55672,0,82.9104
9.5572,1,83.8448
9.55814,1,83.7392
9.55908,1,83.6468
9.56003,0,83.0466
9.56097,1,83.4409
9.56192,0,83.0408
9.56286,0,82.9107
9.5638,1,83.2608
9.56475,0,82.7969
9.56569,1,83.1032
9.56664,0,82.6973
9.56758,1,83.0903
9.56852,0,82.7351
9.56947,1,83.079
9.57041,0,82.7682
9.57136,1,83.0691
9.5723,0,82.7972
9.57324,1,83.0605
9.57419,1,83.0529
9.57513,0,82.8225
9.57608,1,83.0463
9.57702,0,82.9697
9.57796,0,82.8485
9.57938,1,83.0405
9.57985,0,82.9924
9.58127,1,83.0355
9.58174,0,83.1184
9.58316,1,83.156
9.58363,0,83.2286
9.58504,1,83.2615
9.58552,0,83.325
9.58693,1,83.2288
9.5874,0,83.5344
9.58882,1,83.2002
9.58976,1,83.1752
9.59024,0,83.8426
9.59118,0,83.8623
9.5926,1,83.1533
9.59307,0,84.0045
9.59401,0,84.0039
9.59543,1,83.2591
9.5959,0,84.0034
9.59684,0,83.878
9.59826,1,83.2267
9.59873,0,83.8933
9.60015,1,83.1984
9.60062,0,83.9066
9.60204,1,83.2986
9.60298,0,83.9183
9.60392,1,83.5113
9.60487,0,84.0535
9.60581,0,84.0468
9.60676,1,83.8224
9.6077,1,83.8446
9.60864,0,84.2909
9.60959,1,83.989
9.61053,0,84.3796
9.61148,1,84.1154
9.61242,0,84.4571
9.61336,1,84.2259
9.61431,1,84.1977
9.61525,0,84.775
9.6162,1,84.298
9.61714,1,84.2607
9.61808,0,85.0531
9.61903,0,85.0465
9.61997,1,84.3531
9.62092,0,85.0407
9.62186,1,84.434
9.6228,0,85.0356
9.62375,0,84.9061
9.62422,1,84.6298
9.62564,0,84.7929
9.62611,1,84.801
9.62705,1,84.8259
9.62847,0,84.6938
9.62894,1,84.8477
9.63036,0,84.607
9.6313,0,84.5312
9.63177,1,85.1167
9.63319,0,84.4648
9.63366,1,85.2271
9.63508,0,84.4067
9.63555,1,85.3237
9.63696,0,84.3558
9.63744,1,85.4083
9.63885,0,84.3114
9.63932,1,85.4822
9.64074,0,84.2724
9.64121,1,85.5469
9.64216,1,85.4786
9.6431,1,85.4188
9.64452,0,84.2384
9.64499,1,85.3664
9.6464,0,84.3336
9.64735,0,84.4169
9.64782,1,85.5706
9.64876,1,85.4993
9.64971,0,84.4898
9.65065,1,85.4369
9.6516,0,84.5535
9.65254,1,85.3823
9.65348,0,84.6094
9.65443,1,85.3345
9.65537,0,84.6582
9.65632,1,85.2927
9.65726,0,84.7009
9.6582,1,85.2561
9.65915,1,85.2241
9.66009,0,84.7383
9.66104,1,85.1961
9.66198,0,84.646
9.66292,0,84.6903
9.66387,1,85.0466
9.66481,0,84.729
9.66576,1,84.9157
9.6667,0,84.7629
9.66764,1,84.8013
9.66859,0,84.7925
9.67,1,84.8261
9.67048,0,85.0684
9.67189,1,84.8478
9.67236,0,85.3099
9.67378,1,84.8669
9.67472,1,84.8835
9.6752,0,85.6461
9.67614,0,85.6904
9.67756,1,84.8981
9.67803,0,85.8541
9.67897,0,85.7473
9.68039,1,84.9108
9.68086,0,85.7789
9.6818,0,85.8065
9.68322,1,84.922
9.68369,0,85.9557
9.68511,1,84.9317
9.68558,0,86.0863
9.687,1,84.8152
9.68747,0,86.2005
9.68888,1,84.8383
9.68936,0,86.3004
9.6903,0,86.2629
9.69172,1,84.8585
9.69266,1,85.0012
9.6936,0,86.48
9.69455,1,85.2511
9.69549,0,86.545
9.69644,1,85.4697
9.69738,0,86.6019
9.69832,1,85.661
9.69927,1,85.7034
9.70021,0,86.7766
9.70116,1,85.8654
9.7021,1,85.8823
9.70304,0,86.9296
9.70399,0,86.6884
9.70493,1,86.022
9.70588,0,86.6023
9.70682,1,86.1442
9.70776,0,86.652
9.70871,0,86.5705
9.70965,1,86.3762
9.7106,0,86.6242
9.71154,1,86.4542
9.71248,1,86.3974
9.71343,0,86.7962
9.71437,0,86.6967
9.71484,1,86.4727
9.71626,0,86.6096
9.7172,0,86.5334
9.71768,1,86.7886
9.71909,0,86.4667
9.71956,1,86.9401
9.72098,0,86.2834
9.72145,1,87.0725
9.72287,0,86.2479
9.72334,1,87.1885
9.72476,0,86.217
9.72523,1,87.2899
9.72664,0,86.1898
9.72712,1,87.3787
9.72806,1,87.3313
9.729,1,87.2899
9.73042,0,86.1661
9.73089,1,87.2537
9.73231,0,86.1453
9.73325,0,86.1272
9.73372,1,87.472
9.73467,1,87.413
9.73608,0,86.2363
9.73656,1,87.4864
9.73797,0,86.2067
9.73844,1,87.5506
9.73939,1,87.4817
9.74033,0,86.3059
9.74128,1,87.4215
9.74222,0,86.3927
9.74316,1,87.3688
9.74411,0,86.4686
9.74505,1,87.3227
9.746,1,87.1574
9.74694,0,86.41
9.74788,1,87.0127
9.74883,0,86.4838
9.74977,0,86.5483
9.75072,1,87.0111
9.75166,0,86.6047
9.7526,1,87.0097
9.75355,0,86.6542
9.75449,1,87.0085
9.75544,0,86.6974
9.75638,1,86.8824
9.75732,0,86.7352
9.75827,1,86.8971
9.75921,0,86.7683
9.76016,1,86.91
9.7611,1,86.9212
9.76204,0,86.7973
9.76299,0,86.8226
9.7644,1,86.9311
9.76488,0,86.9698
9.76582,0,86.9736
9.76724,1,86.9397
9.76771,0,87.2269
9.76865,0,87.3235
9.77007,1,86.9472
9.77054,0,87.5331
9.77196,1,86.8288
9.77243,0,87.7164
9.77384,1,86.8502
9.77432,0,87.8769
9.77573,1,86.869
9.7762,0,88.0173
9.77715,0,88.0151
9.77856,1,86.8853
9.77951,1,86.8997
9.77998,0,88.1382
9.7814,1,86.9122
9.78187,0,88.1209
9.78328,1,86.9232
9.78376,0,88.1058
9.78517,1,86.9328
9.78612,1,87.0662
9.78706,0,88.3426
9.788,1,87.3079
9.78895,1,87.2694
9.78989,0,88.4248
9.79084,0,88.2467
9.79178,1,87.4857
9.79272,0,88.3408
9.79367,1,87.675
9.79461,0,88.4232
9.79556,0,88.3703
9.7965,1,87.9656
9.79744,0,88.449
9.79839,1,88.0949
9.79933,1,88.0831
9.80028,0,88.6429
9.80122,0,88.5625
9.80216,1,88.3227
9.80311,0,88.6172
9.80405,0,88.5401
9.805,1,88.5324
9.80594,0,88.4726
9.80688,1,88.5908
9.80783,0,88.4135
9.80877,1,88.642
9.80972,0,88.4868
9.81066,0,88.426
9.81113,1,88.8117
9.81255,0,88.3727
9.81302,1,88.9602
9.81444,0,88.3261
9.81491,1,88.9652
9.81585,1,88.8446
9.8168,1,88.739
9.81821,0,88.2854
9.81868,1,88.7716
9.8201,0,88.2497
9.82104,0,88.2185
9.82152,1,89.0502
9.82246,1,89.0439
9.82388,0,88.0662
9.82435,1,89.1634
9.82576,0,88.0579
9.82624,1,89.268
9.82718,1,89.2345
9.8286,0,88.0507
9.82907,1,89.3302
9.83048,0,88.0443
9.83096,1,89.2889
9.83237,0,88.0388
9.83284,1,89.2528
9.83379,1,89.0962
9.83473,1,89.0842
9.83568,0,88.1589
9.83662,1,89.0736
9.83756,0,88.2641
9.83851,0,88.3561
9.83945,1,89.0644
9.8404,0,88.4365
9.84134,1,89.0564
9.84228,0,88.507
9.84323,1,89.0493
9.84417,0,88.5686
9.84512,1,89.0432
9.84606,0,88.6225
9.847,1,89.0378
9.84795,0,88.5447
9.84889,1,88.908
9.84984,1,88.7945
9.85078,0,88.4766
9.85172,0,88.542
9.85267,1,88.6952
9.85361,0,88.5993
9.85456,0,88.6494
9.8555,1,88.6083
9.85644,0,88.6932
9.85739,0,88.7316
9.85833,1,88.5323
9.85928,0,88.7651
9.86069,1,88.5907
9.86116,0,89.0445
9.86258,1,88.6419
9.86305,0,89.2889
9.86447,1,88.6867
9.86494,0,89.3778
9.86588,0,89.3306
9.8673,1,88.7258
9.86824,1,88.7601
9.86872,0,89.5392
9.87013,1,88.7901
9.8706,0,89.7218
9.87202,1,88.8163
9.87249,0,89.8816
9.87391,1,88.7143
9.87485,1,88.625
9.87532,0,90.1464
9.87674,1,88.5469
9.87768,1,88.6035
9.87816,0,90.2531
9.8791,0,90.2215
9.88052,1,88.6531
9.88099,0,90.1938
9.8824,1,88.6964
9.88288,0,90.1696
9.88382,0,90.0234
9.88524,1,88.7344
9.88618,0,90.1454
9.88712,1,89.0176
9.88807,1,89.1404
9.88901,0,90.3773
9.88996,0,90.2051
9.8909,1,89.3728
9.89184,0,90.1795
9.89279,0,90.032
9.89373,1,89.5762
9.89468,0,90.028
9.89562,1,89.7542
9.89656,0,90.1495
9.89751,1,89.9099
9.89845,0,90.2558
9.8994,0,90.2239
9.90034,1,90.1712
9.90128,0,90.3209
9.90223,1,90.2748
9.90317,0,90.4058
9.90412,1,90.3654
9.90506,1,90.4448
9.906,1,90.5142
9.90695,0,90.605
9.90789,1,90.5749
9.90884,0,90.5294
9.90978,0,90.3382
9.91072,0,90.171
9.9112,1,90.878
9.91214,1,90.8933
9.91356,0,90.1496
9.91403,1,91.0316
9.91544,0,90.1309
9.91592,1,91.0277
9.91686,1,90.8992
9.91828,0,90.1145
9.91875,1,90.9118
9.92016,0,90.1002
9.92064,1,90.9228
9.92205,0,90.0877
9.92252,1,91.0575
9.92347,1,91.0503
9.92441,1,91.044
9.92583,0,90.0767
9.9263,1,91.1635
9.92772,0,90.0671
9.92866,0,90.0587
9.92913,1,91.3931
9.93055,0,90.0514
9.93102,1,91.4689
9.93244,0,90.045
9.93291,1,91.4103
9.93432,0,90.0393
9.9348,1,91.359
9.93574,1,91.1891
9.93668,0,90.0344
9.93763,1,91.0405
9.93857,0,90.1551
9.93952,1,91.0354
9.94046,1,91.031
9.9414,0,90.2607
9.94235,0,90.3531
9.94329,1,91.0271
9.94424,0,90.434
9.94518,0,90.5047
9.94612,1,91.0237
9.94707,0,90.5667
9.94801,0,90.6208
9.94896,1,90.8958
9.9499,0,90.5432
9.95084,1,90.7838
9.95179,0,90.4753
9.95273,1,90.6858
9.95368,0,90.4159
9.95462,1,90.6001
9.95556,0,90.4889
9.95651,0,90.5528
9.95745,1,90.5251
9.9584,1,90.4594
9.95934,0,90.6087
9.96028,1,90.402
9.96123,0,90.6576
9.96217,1,90.3518
9.96312,0,90.7004
9.96453,1,90.4328
9.96548,1,90.5037
9.96595,0,90.9879
9.96736,1,90.5657
9.96831,1,90.62
9.96878,0,91.2394
9.96972,0,91.2095
9.97114,1,90.6675
9.97161,0,91.3083
9.97303,1,90.7091
9.9735,0,91.5197
9.97444,0,91.5798
9.97586,1,90.6204
9.97633,0,91.7573
9.97775,1,90.5429
9.97869,1,90.475
9.97916,0,91.9126
9.98011,0,91.7986
9.98152,1,90.5406
9.982,0,91.8237
9.98294,0,91.7208
9.98436,1,90.5981
9.98483,0,91.7557
9.98624,1,90.6483
9.98719,0,91.9112
9.98813,1,90.9423
9.98908,0,92.0473
9.99002,0,92.0414
9.99096,1,91.1995
9.99191,0,92.0362
9.99285,1,91.2995
9.9938,0,92.0317
9.99474,1,91.3871
9.99568,1,91.3387
9.99663,1,91.2964
9.99757,0,92.2777
9.99852,1,91.3843
9.99946,0,92.368
10.0004,0,92.322
10.0013,0,92.2818
10.0023,1,91.8363
10.0032,1,91.8568
10.0042,0,92.4965
10.0051,1,91.9997
10.0061,0,92.5595
10.007,1,92.1247
10.008,1,92.1091
10.0089,0,92.6145
10.0098,1,92.2205
10.0108,0,92.5377
10.0117,1,92.3179
10.0127,0,92.4705
10.0136,1,92.4032
10.0146,1,92.3528
10.0155,1,92.3087
10.0165,0,92.6617
10.0174,0,92.579
10.0179,1,92.3951
10.0193,0,92.5066
10.0202,0,92.4433
10.0207,1,92.5957
10.0221,0,92.3879
10.0226,1,92.6462
10.024,0,92.3394
10.0245,1,92.6905
10.0259,0,92.172
10.0264,1,92.8542
10.0273,1,92.8724
10.0287,0,92.1505
10.0292,1,93.0133
10.0306,0,92.1317
10.0311,1,93.1367
10.032,1,93.1196
10.0334,0,92.1152
10.0344,0,92.1008
10.0349,1,93.2296
10.0363,0,92.0882
10.0372,0,92.0772
10.0377,1,93.3259
10.0391,0,92.0675
10.0401,0,92.0591
10.0405,1,93.4102
10.0415,1,93.3589
10.0424,0,92.1767
10.0434,1,93.314
10.0443,0,92.2796
10.0452,1,93.2748
10.0462,0,92.3697
10.0471,1,93.2404
10.0481,0,92.4485
10.049,0,92.5174
10.05,1,93.0854
10.0509,1,92.9497
10.0519,0,92.4527
10.0528,1,92.831
10.0537,0,92.3961
10.0547,1,92.7271
10.0556,0,92.3466
10.0566,1,92.6362
10.0575,1,92.5567
10.0585,0,92.4283
10.0594,1,92.4871
10.0603,1,92.4262
10.0613,0,92.4998
10.0622,0,92.5623
10.0632,1,92.3729
10.0641,0,92.617
10.0651,1,92.3263
10.066,0,92.6649
10.067,0,92.5818
10.0679,1,92.2855
10.0688,0,92.509
10.0698,1,92.2498
10.0707,1,92.2186
10.0717,0,92.4454
10.0726,0,92.5147
10.074,1,92.3163
10.0745,0,92.7004
10.0755,0,92.8628
10.0769,1,92.2768
10.0773,0,93.13
10.0788,1,92.2422
10.0792,0,93.3637
10.0806,1,92.2119
10.0811,0,93.4433
10.0821,0,93.3879
10.0835,1,92.3104
10.0839,0,93.3394
10.0854,1,92.3966
10.0858,0,93.422
10.0873,1,92.472
10.0882,1,92.538
10.0891,1,92.5958
10.0896,0,93.7442
10.091,1,92.6463
10.0915,0,93.7762
10.0924,0,93.6792
10.0934,0,93.5943
10.0948,1,92.5655
10.0957,1,92.6198
10.0967,0,93.77
10.0976,1,92.7923
10.0986,0,93.7987
10.0995,1,92.9433
10.1005,1,92.9504
10.1014,0,93.9489
10.1024,1,93.2066
10.1033,0,94.0803
10.1042,1,93.4308
10.1052,0,94.1952
10.1061,1,93.6269
10.1071,1,93.6736
10.108,1,93.7144
10.109,0,94.4208
10.1099,0,94.2432
10.1109,1,93.8751
10.1118,0,94.2128
10.1127,0,94.0612
10.1137,1,94.1407
10.1146,0,94.0536
10.1156,1,94.2481
10.1165,0,94.0469
10.1175,1,94.3421
10.1184,0,94.041
10.1193,1,94.4243
10.1203,1,94.3713
10.1212,0,94.2859
10.1222,1,94.4499
10.1231,0,94.3752
10.1241,1,94.5186
10.125,1,94.4538
10.126,0,94.4533
10.1269,0,94.2716
10.1278,0,94.1126
10.1283,1,94.6471
10.1297,0,93.9736
10.1307,0,93.8519
10.1311,1,94.9412
10.1326,0,93.7454
10.1335,0,93.6522
10.134,1,95.0735
10.1349,1,94.9394
10.1363,0,93.6957
10.1368,1,94.9469
10.1382,0,93.7337
10.1387,1,94.9536
10.1401,0,93.767
10.1406,1,94.9594
10.142,0,93.7961
10.1429,0,93.6966
10.1434,1,95.0894
10.1444,1,95.0783
10.1458,0,93.7345
10.1463,1,95.1935
10.1477,0,93.7677
10.1481,1,95.2943
10.1496,0,93.7968
10.15,1,95.3825
10.151,1,95.2097
10.1519,1,95.0585
10.1529,0,93.8222
10.1538,1,94.9262
10.1547,1,94.8104
10.1557,0,93.8444
10.1566,0,93.8638
10.1576,1,94.7091
10.1585,0,93.8809
10.1595,1,94.6205
10.1604,0,93.8958
10.1614,0,94.0338
10.1623,1,94.6679
10.1632,0,94.1546
10.1642,1,94.7094
10.1651,1,94.7457
10.1661,0,94.2602
10.167,0,94.3527
10.168,1,94.5275
10.1689,0,94.3086
10.1699,0,94.27
10.1708,1,94.4616
10.1717,0,94.2363
10.1727,1,94.4039
10.1736,0,94.2068
10.1746,1,94.3534
10.1755,0,94.1809
10.1765,0,94.1583
10.1774,1,94.3092
10.1783,0,94.2635
10.1793,1,94.2706
10.1802,0,94.3556
10.1812,1,94.2367
10.1821,1,94.2072
10.1831,1,94.1813
10.184,0,94.4361
10.1854,1,94.1586
10.1859,0,94.6316
10.1868,0,94.6777
10.1878,0,94.7179
10.1892,1,94.2638
10.1901,1,94.3558
10.1906,0,95.0032
10.192,1,94.4363
10.1925,0,95.1278
10.1939,1,94.3818
10.1949,1,94.3341
10.1953,0,95.3618
10.1968,1,94.2923
10.1972,0,95.4416
10.1986,1,94.2558
10.1991,0,95.5114
10.2005,1,94.2238
10.2015,1,94.1958
10.2024,1,94.1713
10.2029,0,95.6975
10.2038,0,95.6103
10.2053,1,94.2749
10.2057,0,95.659
10.2067,0,95.5766
10.2081,1,94.3656
10.209,0,95.7545
10.21,1,94.5699
10.2109,0,95.7852
10.2119,1,94.7486
10.2128,0,95.8121
10.2137,1,94.9051
10.2147,1,94.9169
10.2156,0,95.9606
10.2166,1,95.0523
10.2175,0,95.9655
10.2185,1,95.1708
10.2194,1,95.1494
10.2204,0,96.0948
10.2213,0,96.083
10.2222,0,96.0726
10.2232,1,95.5057
10.2241,0,96.1885
10.2251,0,96.1649
10.226,1,95.8175
10.227,0,96.1443
10.2279,0,96.0013
10.2289,1,95.9653
10.2298,1,95.9697
10.2307,0,96.1261
10.2317,1,96.0985
10.2326,0,96.1104
10.2336,1,96.2111
10.2345,0,96.0966
10.2355,1,96.3098
10.2364,0,96.0845
10.2373,0,95.9489
10.2383,1,96.521
10.2392,1,96.4559
10.2402,0,96.2053
10.2411,1,96.5239
10.2421,0,96.3047
10.243,0,96.2666
10.2435,1,96.5834
10.2449,0,96.1082
10.2454,1,96.6355
10.2463,1,96.5561
10.2473,1,96.6116
10.2487,0,96.0947
10.2491,1,96.7851
10.2501,1,96.812
10.2515,0,96.0829
10.2525,0,96.0725
10.2529,1,96.9605
10.2543,0,96.0635
10.2548,1,96.9654
10.2562,0,96.0555
10.2572,0,96.0486
10.2576,1,97.0947
10.2591,0,96.0425
10.2595,1,97.0829
10.2605,1,96.9475
10.2619,0,95.9122
10.2628,0,95.7982
10.2633,1,97.0791
10.2647,0,95.8234
10.2657,0,95.8455
10.2661,1,97.3192
10.2676,0,95.8648
10.268,1,97.4043
10.269,1,97.2288
10.2699,0,95.8817
10.2709,1,97.0752
10.2718,0,95.8965
10.2727,0,95.9094
10.2737,1,96.9408
10.2746,0,95.9207
10.2756,1,96.8232
10.2765,0,95.9306
10.2775,1,96.7203
10.2784,1,96.6302
10.2794,1,96.5515
10.2803,0,95.9393
10.2812,1,96.4825
10.2822,0,96.0719
10.2831,0,96.1879
10.2841,0,96.2894
10.285,1,96.4222
10.286,1,96.2444
10.2869,0,96.2532
10.2879,1,96.0889
10.2888,0,96.2216
10.2897,1,96.0778
10.2907,1,96.068
10.2916,0,96.1939
10.2926,1,96.0595
10.2935,0,96.1697
10.2945,1,96.0521
10.2954,0,96.1484
10.2963,1,96.0456
10.2973,1,96.0399
10.2982,1,96.0349
10.2992,0,96.2549
10.3001,0,96.348
10.3011,1,96.0305
10.302,0,96.4295
10.303,0,96.3758
10.3039,1,95.9017
10.3048,0,96.2039
10.3063,1,96.039
10.3067,0,96.3034
10.3081,1,96.1591
10.3086,0,96.5154
10.31,1,96.2642
10.311,1,96.2312
10.3115,0,96.826
10.3129,1,96.2023
10.3133,0,96.9728
10.3148,1,96.177
10.3157,1,96.1549
10.3162,0,97.2262
10.3171,0,97.1979
10.3181,0,97.1732
10.3195,1,96.1355
10.3199,0,97.1515
10.3209,0,97.0076
10.3223,1,96.1186
10.3228,0,97.0066
10.3237,0,97.0058
10.3251,1,96.2288
10.3261,1,96.3252
10.3266,0,97.2551
10.328,1,96.2845
10.3289,0,97.3482
10.3299,1,96.499
10.3308,0,97.4297
10.3317,1,96.6866
10.3327,0,97.501
10.3336,0,97.4383
10.3346,1,96.9758
10.3355,1,96.9788
10.3365,0,97.6335
10.3374,1,97.1064
10.3384,0,97.6794
10.3393,0,97.5944
10.3402,1,97.3431
10.3412,0,97.6451
10.3421,1,97.5502
10.3431,1,97.6065
10.344,1,97.6557
10.345,0,97.9395
10.3459,1,97.6987
10.3469,1,97.6114
10.3478,0,98.0721
10.3487,0,97.938
10.3497,1,97.7849
10.3506,0,97.9458
10.3516,1,97.9368
10.3525,0,97.9526
10.3535,0,97.8335
10.3544,1,98.1947
10.3553,0,97.8543
10.3563,1,98.2954
10.3572,1,98.2585
10.3582,0,97.9975
10.3591,0,97.9978
10.3601,1,98.4761
10.361,0,98.1231
10.362,0,97.9827
10.3629,1,98.5416
10.3638,0,97.9849
10.3648,1,98.4739
10.3657,1,98.2897
10.3667,0,98.1118
10.3676,1,98.3785
10.3686,0,98.2228
10.3695,0,98.1949
10.3705,0,98.1706
10.3709,1,98.5812
10.3723,0,98.1493
10.3728,1,98.6335
10.3742,0,98.1306
10.3747,1,98.6793
10.3756,1,98.5944
10.3766,1,98.5201
10.378,0,98.1143
10.3785,1,98.5801
10.3799,0,97.975
10.3808,0,97.8531
10.3818,0,97.7465
10.3823,1,98.8826
10.3832,1,98.7723
10.3846,0,97.7782
10.3851,1,98.9257
10.3865,0,97.8059
10.387,1,98.935
10.3879,1,98.8181
10.3893,0,97.8302
10.3898,1,98.8409
10.3912,0,97.8514
10.3917,1,98.8608
10.3926,1,98.7532
10.3936,0,97.87
10.3945,1,98.659
10.3955,1,98.5766
10.3964,1,98.5046
10.3974,0,97.8862
10.3983,0,97.9004
10.3992,1,98.4415
10.4002,0,97.9129
10.4011,0,98.0488
10.4021,1,98.5113
10.403,0,98.1677
10.404,1,98.3224
10.4049,0,98.1467
10.4059,1,98.1571
10.4068,0,98.1284
10.4077,1,98.0125
10.4087,1,98.0109
10.4096,0,98.1123
10.4106,1,98.0095
10.4115,0,98.0983
10.4125,1,98.0083
10.4134,1,98.0073
10.4143,0,98.086
10.4153,0,98.0752
10.4162,0,98.0658
10.4172,1,98.0064
10.4181,0,98.1826
10.4191,0,98.2848
10.42,1,98.0056
10.421,0,98.2492
10.4219,0,98.218
10.4228,1,97.8799
10.4238,1,97.7699
10.4247,0,98.1908
10.4257,1,97.7987
10.4266,0,98.1669
10.4276,1,97.8238
10.4285,0,98.1461
10.4295,1,97.8459
10.4304,0,98.1278
10.4313,0,98.1118
10.4323,1,97.8651
10.4332,1,97.882
10.4342,0,98.0979
10.4356,1,97.8967
10.4361,0,98.3356
10.437,0,98.4187
10.4384,1,97.9096
10.4389,0,98.4913
10.4403,1,97.9209
10.4413,1,97.9308
10.4422,1,97.9395
10.4427,0,98.8049
10.4441,1,98.072
10.445,1,98.188
10.4455,0,99.0793
10.4464,0,99.0694
10.4479,1,98.1645
10.4483,0,99.1857
10.4497,1,98.144
10.4502,0,99.2875
10.4512,0,99.2516
10.4526,1,98.126
10.4531,0,99.3451
10.4545,1,98.1102
10.4554,1,98.0964
10.4559,0,99.427
10.4568,0,99.2486
10.4582,1,98.0844
10.4592,0,99.3425
10.4601,0,99.2997
10.4611,1,98.4488
10.462,0,99.5122
10.463,1,98.6427
10.4639,1,98.6874
10.4649,0,99.6982
10.4658,1,98.8515
10.4667,0,99.7359
10.4677,0,99.6439
10.4686,0,99.5635
10.4696,1,99.245
10.4705,0,99.618
10.4715,1,99.4644
10.4724,0,99.6658
10.4733,1,99.6564
10.4743,1,99.6993
10.4752,1,99.7369
10.4762,0,99.9575
10.4771,1,99.8948
10.4781,0,99.9629
10.479,0,99.9675
10.48,0,99.8466
10.4809,1,100.158
10.4818,1,100.013
10.4828,0,99.9907
10.4837,1,100.012
10.4847,0,99.9919
10.4856,1,100.01
10.4866,1,100.009
10.4875,0,100.118
10.4885,1,100.133
10.4894,0,100.103
10.4903,1,100.241
10.4913,1,100.211
10.4922,0,100.215
10.4932,1,100.31
10.4941,1,100.271
10.4951,1,100.237
10.496,0,100.563
10.4969,0,100.368
10.4979,1,100.332
10.4988,0,100.322
10.4998,0,100.157
10.5007,1,100.416
10.5017,0,100.137
10.5026,0,99.995
10.5031,1,100.489
10.5045,0,99.9956
10.505,1,100.553
10.5064,0,99.9962
10.5069,1,100.609
10.5078,1,100.533
10.5092,0,99.9966
10.5097,1,100.591
10.5111,0,99.9971
10.5116,1,100.642
10.5125,1,100.562
10.5139,0,99.8724
10.5149,0,99.7634
10.5158,0,99.6679
10.5163,1,100.867
10.5177,0,99.5845
10.5187,0,99.5114
10.5191,1,101.008
10.5205,0,99.5725
10.5215,0,99.6259
10.522,1,101.007
10.5229,1,100.881
10.5243,0,99.6727
10.5248,1,100.896
10.5257,1,100.784
10.5267,0,99.7136
10.5276,1,100.686
10.5286,0,99.7494
10.5295,1,100.6
10.5305,0,99.7807
10.5314,0,99.8081
10.5323,1,100.525
10.5333,1,100.46
10.5342,0,99.8321
10.5352,1,100.402
10.5361,0,99.8531
10.5371,0,99.8715
10.538,1,100.352
10.539,0,99.8875
10.5399,1,100.183
10.5408,1,100.035
10.5418,1,99.9057
10.5427,0,99.9016
10.5437,1,99.7925
10.5446,1,99.6934
10.5456,0,99.9139
10.5465,0,99.9246
10.5475,1,99.7317
10.5484,0,99.9341
10.5493,1,99.7653
10.5503,0,99.9423
10.5512,0,99.9495
10.5522,1,99.7946
10.5531,0,99.9558
10.5541,1,99.8203
10.555,1,99.8427
10.5559,0,99.9614
10.5569,0,99.9662
10.5578,1,99.7374
10.5588,0,99.8454
10.5597,0,99.7397
10.5607,1,99.6452
10.5616,0,99.6473
10.5626,1,99.6896
10.5635,1,99.7284
10.5644,0,99.6914
10.5654,1,99.7623
10.5663,0,99.7299
10.5673,0,99.7637
10.5682,0,99.7932
10.5692,1,99.792
10.5701,0,99.8191
10.5711,1,99.818
10.572,0,99.7167
10.5734,1,99.8408
10.5744,1,99.8607
10.5753,1,99.8781
10.5758,0,100.127
10.5772,1,99.8933
10.5777,0,100.236
10.5786,0,100.207
10.5795,0,100.181
10.581,1,99.9067
10.5819,1,99.9183
10.5824,0,100.533
10.5838,1,99.9285
10.5843,0,100.717
10.5857,1,99.9375
10.5866,1,99.9453
10.5871,0,101.002
10.5885,1,99.9521
10.589,0,101.002
10.5904,1,99.9581
10.5913,1,99.9633
10.5918,0,101.127
10.5932,1,99.9679
10.5942,1,99.9719
10.5951,1,99.9754
10.5956,0,101.361
10.5965,0,101.191
10.598,1,99.9785
10.5989,0,101.292
10.5998,0,101.255
10.6008,1,100.356
10.6017,0,101.348
10.6027,0,101.305
10.6036,1,100.687
10.6046,0,101.392
10.6055,1,100.851
10.6065,0,101.468
10.6074,1,101.119
10.6083,1,101.23
10.6093,0,101.659
10.6102,1,101.451
10.6112,0,101.702
10.6121,1,101.644
10.6131,1,101.689
10.614,0,101.864
10.6149,0,101.756
10.6159,0,101.662
10.6168,1,101.978
10.6178,0,101.704
10.6187,0,101.616
10.6197,1,102.106
10.6206,0,101.664
10.6216,0,101.581
10.6225,1,102.217
10.6234,1,102.19
10.6244,0,101.758
10.6253,1,102.291
10.6263,1,102.255
10.6272,0,101.914
10.6282,1,102.348
10.6291,0,102.049
10.6301,1,102.43
10.631,0,102.043
10.6319,0,101.913
10.6329,1,102.501
10.6338,1,102.313
10.6348,0,102.049
10.6357,1,102.274
10.6367,0,102.043
10.6376,0,101.912
10.6385,1,102.365
10.6395,0,101.923
10.6404,1,102.319
10.6414,1,102.279
10.6423,1,102.244
10.6433,0,102.308
10.6442,1,102.339
10.6452,1,102.297
10.6461,0,102.519
10.647,0,102.454
10.648,0,102.273
10.6485,1,102.509
10.6499,0,102.114
10.6503,1,102.571
10.6518,0,101.974
10.6527,0,101.853
10.6532,1,102.749
10.6546,0,101.746
10.6551,1,102.781
10.656,1,102.683
10.6574,0,101.778
10.6584,0,101.806
10.6588,1,102.723
10.6603,0,101.83
10.6612,0,101.851
10.6617,1,102.882
10.6631,0,101.87
10.6636,1,102.897
10.6645,1,102.785
10.6659,0,101.761
10.6664,1,102.812
10.6678,0,101.666
10.6688,0,101.583
10.6697,0,101.51
10.6702,1,103.085
10.6711,1,102.95
10.6721,0,101.571
10.673,1,102.831
10.6739,0,101.625
10.6749,1,102.602
10.6758,1,102.402
10.6768,1,102.227
10.6777,0,101.672
10.6787,1,102.073
10.6796,0,101.713
10.6806,0,101.749
10.6815,0,101.78
10.6824,1,102.064
10.6834,1,102.056
10.6843,0,101.808
10.6853,1,102.049
10.6862,0,101.832
10.6872,1,102.043
10.6881,1,102.038
10.6891,0,101.853
10.69,1,101.908
10.6909,0,101.871
10.6919,1,101.794
10.6928,1,101.695
10.6938,0,101.887
10.6947,1,101.608
10.6957,1,101.532
10.6966,1,101.466
10.6975,0,101.901
10.6985,0,101.914
10.6994,1,101.532
10.7004,0,101.924
10.7013,0,101.934
10.7023,1,101.591
10.7032,0,101.942
10.7042,0,101.949
10.7051,1,101.642
10.706,0,101.956
10.707,1,101.562
10.7079,0,101.836
10.7089,1,101.492
10.7098,1,101.43
10.7108,0,101.732
10.7117,1,101.376
10.7127,0,101.64
10.7136,1,101.329
10.7145,1,101.288
10.7155,0,101.56
10.7164,0,101.615
10.7174,0,101.663
10.7183,1,101.377
10.7193,0,101.705
10.7202,0,101.742
10.7211,1,101.455
10.7221,0,101.774
10.723,0,101.803
10.7245,1,101.523
10.7254,1,101.583
10.7259,0,102.077
10.7273,1,101.635
10.7282,1,101.681
10.7287,0,102.318
10.7301,1,101.72
10.7306,0,102.403
10.732,1,101.755
10.7325,0,102.478
10.7334,0,102.543
10.7348,1,101.786
10.7358,1,101.813
10.7363,0,102.85
10.7377,1,101.836
10.7381,0,102.994
10.7391,0,102.995
10.7405,1,101.857
10.741,0,102.995
10.7424,1,101.875
10.7433,1,101.89
10.7443,1,101.904
10.7447,0,103.246
10.7462,1,101.916
10.7471,1,101.926
10.7481,0,103.465
10.749,0,103.282
10.7499,0,103.122
10.7509,1,102.311
10.7518,0,103.231
10.7528,1,102.522
10.7537,0,103.328
10.7547,0,103.287
10.7556,1,102.832
10.7565,0,103.376
10.7575,1,102.978
10.7584,1,102.98
10.7594,0,103.579
10.7603,0,103.506
10.7613,1,103.233
10.7622,0,103.568
10.7632,0,103.497
10.7641,1,103.579
10.765,0,103.56
10.766,1,103.631
10.7669,1,103.552
10.7679,0,103.615
10.7688,1,103.608
10.7698,0,103.663
10.7707,0,103.58
10.7717,0,103.508
10.7726,1,103.907
10.7735,1,103.794
10.7745,0,103.694
10.7754,1,103.82
10.7764,0,103.732
10.7773,1,103.842
10.7783,1,103.862
10.7792,1,103.879
10.7801,0,104.141
10.7811,1,104.019
10.782,0,104.248
10.783,0,104.092
10.7839,0,103.956
10.7849,1,104.267
10.7858,1,104.109
10.7868,0,104.086
10.7877,1,104.095
10.7886,0,104.075
10.7896,1,104.083
10.7905,1,103.948
10.7915,0,104.191
10.7924,1,103.954
10.7934,0,104.167
10.7943,1,104.085
10.7953,1,104.074
10.7962,0,104.396
10.7971,1,104.19
10.7981,1,104.166
10.799,1,104.146
10.8,0,104.597
10.8009,0,104.397
10.8019,1,104.252
10.8028,0,104.347
10.8037,0,104.179
10.8047,0,104.032
10.8052,1,104.471
10.8066,0,103.903
10.8075,0,103.79
10.808,1,104.537
10.8094,0,103.691
10.8099,1,104.47
10.8113,0,103.73
10.8118,1,104.536
10.8127,1,104.469
10.8141,0,103.764
10.8146,1,104.535
10.816,0,103.793
10.8165,1,104.594
10.8174,1,104.519
10.8189,0,103.694
10.8198,0,103.607
10.8207,0,103.531
10.8212,1,104.829
10.8226,0,103.465
10.8236,0,103.407
10.824,1,104.976
10.8255,0,103.356
10.8264,0,103.311
10.8269,1,104.979
10.8278,1,104.731
10.8288,1,104.515
10.8297,0,103.398
10.8307,1,104.326
10.8316,1,104.16
10.8325,0,103.473
10.8335,1,104.015
10.8344,0,103.539
10.8354,1,103.888
10.8363,0,103.596
10.8373,0,103.647
10.8382,1,103.902
10.8391,1,103.914
10.8401,0,103.691
10.841,1,103.925
10.842,0,103.605
10.8429,0,103.529
10.8439,1,103.809
10.8448,0,103.588
10.8458,1,103.708
10.8467,1,103.62
10.8476,1,103.542
10.8486,0,103.639
10.8495,1,103.474
10.8505,1,103.415
10.8514,0,103.559
10.8524,0,103.615
10.8533,0,103.663
10.8543,1,103.488
10.8552,0,103.705
10.8561,1,103.552
10.8571,0,103.742
10.858,0,103.774
10.859,1,103.483
10.8599,0,103.677
10.8609,1,103.423
10.8618,1,103.37
10.8627,0,103.593
10.8637,0,103.519
10.8646,1,103.324
10.8656,0,103.454
10.8665,0,103.397
10.8675,1,103.283
10.8684,0,103.347
10.8694,1,103.373
10.8703,1,103.451
10.8712,0,103.429
10.8722,1,103.52
10.8731,0,103.5
10.8741,0,103.563
10.875,0,103.617
10.876,1,103.455
10.8769,1,103.398
10.8779,0,103.54
10.8788,1,103.348
10.8797,0,103.473
10.8807,1,103.305
10.8816,1,103.267
10.8826,1,103.233
10.8835,0,103.414
10.8845,1,103.204
10.8854,0,103.362
10.8863,0,103.442
10.8873,0,103.511
10.8882,1,103.304
10.8892,1,103.391
10.8901,0,103.573
10.8915,1,103.467
10.892,0,103.876
10.8934,1,103.533
10.8944,1,103.592
10.8948,0,104.141
10.8963,1,103.643
10.8967,0,104.249
10.8981,1,103.687
10.8991,1,103.727
10.8996,0,104.468
10.901,1,103.636
10.9019,1,103.556
10.9029,1,103.487
10.9033,0,104.784
10.9043,0,104.811
10.9057,1,103.551
10.9062,0,104.96
10.9071,0,104.965
10.9081,0,104.969
10.9095,1,103.607
10.9099,0,104.973
10.9109,0,104.851
10.9123,1,103.781
10.9128,0,104.87
10.9142,1,103.933
10.9151,0,105.011
10.9161,1,104.317
10.917,1,104.527
10.918,0,105.135
10.9189,1,104.711
10.9199,0,105.118
10.9208,1,104.872
10.9217,1,104.888
10.9227,0,105.228
10.9236,0,105.2
10.9246,0,105.175
10.9255,1,105.277
10.9265,0,105.278
10.9274,0,105.243
10.9284,1,105.493
10.9293,0,105.338
10.9302,0,105.296
10.9312,1,105.681
10.9321,1,105.721
10.9331,1,105.756
10.934,0,105.634
10.935,1,105.786
10.9359,1,105.688
10.9369,0,105.804
10.9378,1,105.727
10.9387,0,105.829
10.9397,1,105.761
10.9406,0,105.85
10.9416,0,105.744
10.9425,1,105.916
10.9435,1,105.802
10.9444,0,105.901
10.9453,1,105.826
10.9463,0,105.913
10.9472,0,105.924
10.9482,1,105.973
10.9491,0,106.059
10.9501,1,106.101
10.951,1,106.089
10.952,1,105.953
10.9529,0,106.301
10.9538,1,105.959
10.9548,1,105.839
10.9557,0,106.389
10.9567,0,106.215
10.9576,0,106.063
10.9586,1,106.109
10.9595,0,106.055
10.9605,1,106.095
10.9614,0,106.048
10.9623,0,105.917
10.9633,1,106.208
10.9642,0,105.928
10.9652,1,106.307
10.9661,1,106.269
10.9671,0,106.187
10.968,0,106.163
10.9689,1,106.36
10.9699,0,106.143
10.9708,0,106
10.9718,1,106.44
10.9727,0,106
10.9737,1,106.385
10.9746,1,106.212
10.9756,0,106.125
10.9765,1,106.186
10.9774,0,106.109
10.9784,0,105.971
10.9793,0,105.849
10.9803,0,105.743
10.9807,1,106.412
10.9817,1,106.361
10.9831,0,105.775
10.9836,1,106.441
10.985,0,105.678
10.9855,1,106.511
10.9864,1,106.447
10.9874,1,106.391
10.9888,0,105.594
10.9892,1,106.467
10.9907,0,105.519
10.9916,0,105.454
10.9925,0,105.398
10.993,1,106.784
10.994,1,106.561
10.9954,0,105.348
10.9959,1,106.491
10.9973,0,105.304
10.9977,1,106.429
10.9987,1,106.251
11.0001,0,105.391
11.0006,1,106.219
11.002,0,105.342
11.0025,1,106.192
11.0034,1,106.043
11.0043,1,105.913
11.0053,0,105.425
11.0062,1,105.923
11.0072,1,105.933
11.0081,1,105.941
11.0091,0,105.497
11.01,0,105.56
11.011,1,105.824
11.0119,0,105.49
11.0128,0,105.428
11.0138,0,105.375
11.0147,1,105.721
11.0157,0,105.453
11.0166,0,105.521
11.0176,1,105.631
11.0185,0,105.581
11.0195,1,105.552
11.0204,0,105.509
11.0213,1,105.483
11.0223,1,105.422
11.0232,0,105.57
11.0242,1,105.495
11.0251,0,105.624
11.0261,1,105.558
11.027,1,105.613
11.0279,0,105.546
11.0289,0,105.478
11.0298,0,105.418
11.0308,1,105.536
11.0317,0,105.366
11.0327,0,105.32
11.0336,1,105.469
11.0346,0,105.28
11.0355,0,105.245
11.0364,1,105.411
11.0374,1,105.359
11.0383,1,105.314
11.0393,0,105.214
11.0402,1,105.4
11.0412,1,105.475
11.0421,0,105.313
11.0431,1,105.541
11.044,0,105.273
11.0449,1,105.473
11.0459,0,105.239
11.0468,0,105.209
11.0478,1,105.414
11.0487,1,105.362
11.0497,0,105.183
11.0506,1,105.317
11.0515,0,105.16
11.0525,0,105.14
11.0534,1,105.277
11.0544,0,105.123
11.0553,1,105.243
11.0563,1,105.212
11.0572,1,105.311
11.0582,0,105.232
11.0591,1,105.397
11.06,1,105.472
11.061,0,105.203
11.0619,0,105.178
11.0629,0,105.156
11.0638,1,105.413
11.0648,0,105.136
11.0657,1,105.362
11.0667,0,105.119
11.0676,0,105.104
11.0685,1,105.316
11.0695,0,105.091
11.0704,1,105.277
11.0714,1,105.242
11.0723,0,105.08
11.0733,0,105.07
11.0747,1,105.337
11.0751,0,105.311
11.0761,0,105.522
11.0775,1,105.42
11.078,0,105.707
11.0794,1,105.492
11.0803,1,105.556
11.0808,0,105.994
11.0822,1,105.611
11.0827,0,106.119
11.0836,0,106.104
11.0846,0,106.091
11.0855,0,106.08
11.0869,1,105.66
11.0879,1,105.702
11.0884,0,106.32
11.0898,1,105.74
11.0903,0,106.405
11.0917,1,105.772
11.0926,1,105.801
11.0936,1,105.826
11.094,0,106.854
11.0954,1,105.847
11.0959,0,106.873
11.0969,0,106.763
11.0978,0,106.668
11.0992,1,105.866
11.1002,1,106.008
11.1011,0,106.96
11.1021,1,106.382
11.103,0,106.965
11.1039,1,106.584
11.1049,1,106.636
11.1058,0,107.094
11.1068,1,106.807
11.1077,0,107.082
11.1087,1,106.956
11.1096,1,106.961
11.1105,1,106.966
11.1115,0,107.447
11.1124,1,107.095
11.1134,1,107.084
11.1143,1,107.073
11.1153,0,107.766
11.1162,0,107.67
11.1172,1,107.314
11.1181,0,107.712
11.119,0,107.748
11.12,0,107.654
11.1209,1,107.65
11.1219,0,107.697
11.1228,0,107.61
11.1238,1,107.818
11.1247,0,107.659
11.1257,1,107.841
11.1266,0,107.702
11.1275,1,107.861
11.1285,1,107.753
11.1294,0,107.864
11.1304,1,107.784
11.1313,0,107.881
11.1323,1,107.811
11.1332,1,107.71
11.1341,0,108.021
11.1351,0,108.018
11.136,0,108.016
11.137,1,107.871
11.1379,0,108.014
11.1389,0,107.887
11.1398,1,108.012
11.1408,0,107.901
11.1417,0,107.789
11.1426,1,108.136
11.1436,1,107.994
11.1445,1,107.869
11.1455,0,108.065
11.1464,1,107.886
11.1474,1,107.775
11.1483,0,108.182
11.1493,1,107.803
11.1502,0,108.159
11.1511,1,107.828
11.1521,0,108.264
11.153,0,108.231
11.154,1,107.974
11.1549,1,107.853
11.1559,0,108.327
11.1568,1,107.871
11.1577,0,108.286
11.1587,0,108.126
11.1596,1,108.012
11.1606,0,108.11
11.1615,1,108.011
11.1625,1,107.884
11.1634,1,107.774
11.1644,0,108.346
11.1653,1,107.802
11.1662,1,107.702
11.1672,0,108.428
11.1681,0,108.374
11.1691,0,108.328
11.17,1,107.989
11.171,0,108.287
11.1719,1,107.99
11.1729,0,108.251
11.1738,0,108.094
11.1747,1,108.117
11.1757,0,108.083
11.1766,0,107.947
11.1771,1,108.227
11.178,1,108.199
11.1795,0,107.829
11.1804,0,107.725
11.1809,1,108.299
11.1823,0,107.635
11.1832,0,107.555
11.1837,1,108.386
11.1851,0,107.611
11.1856,1,108.338
11.1865,1,108.171
11.188,0,107.535
11.1884,1,108.15
11.1898,0,107.468
11.1908,0,107.409
11.1917,0,107.358
11.1927,0,107.313
11.1931,1,108.506
11.1941,1,108.443
11.1955,0,107.274
11.196,1,108.387
11.1974,0,107.24
11.1979,1,108.339
11.1988,1,108.172
11.1998,1,108.025
11.2007,1,107.897
11.2016,0,107.21
11.2026,1,107.785
11.2035,0,107.309
11.2045,0,107.395
11.2054,0,107.471
11.2064,1,107.687
11.2073,1,107.601
11.2083,0,107.412
11.2092,1,107.526
11.2101,0,107.485
11.2111,1,107.585
11.212,1,107.637
11.213,0,107.425
11.2139,1,107.557
11.2149,0,107.372
11.2158,1,107.488
11.2167,1,107.427
11.2177,1,107.373
11.2186,0,107.325
11.2196,1,107.327
11.2205,1,107.286
11.2215,1,107.25
11.2224,0,107.285
11.2234,0,107.249
11.2243,1,107.219
11.2252,0,107.218
11.2262,0,107.191
11.2271,0,107.292
11.2281,1,107.316
11.229,0,107.38
11.23,0,107.333
11.2309,1,107.277
11.2319,0,107.291
11.2328,1,107.242
11.2337,0,107.255
11.2347,1,107.212
11.2356,1,107.186
11.2366,0,107.223
11.2375,1,107.162
11.2385,0,107.195
11.2394,1,107.142
11.2403,1,107.124
11.2413,0,107.171
11.2422,0,107.149
11.2432,0,107.131
11.2441,1,107.234
11.2451,0,107.239
11.246,0,107.334
11.247,1,107.205
11.2479,0,107.293
11.2488,0,107.256
11.2498,1,107.179
11.2507,1,107.157
11.2517,1,107.137
11.2526,0,107.224
11.2536,1,107.12
11.2545,1,107.105
11.2555,0,107.196
11.2564,1,107.092
11.2573,0,107.172
11.2583,1,107.08
11.2592,0,107.15
11.2602,0,107.131
11.2611,1,107.195
11.2621,1,107.296
11.263,0,107.24
11.2639,1,107.259
11.2649,0,107.21
11.2658,0,107.184
11.2668,1,107.227
11.2677,0,107.161
11.2687,1,107.198
11.2696,1,107.173
11.2706,1,107.152
11.2715,0,107.141
11.2724,1,107.133
11.2734,1,107.116
11.2743,0,107.123
11.2753,0,107.108
11.2762,0,107.094
11.2772,1,107.102
11.2781,0,107.207
11.2791,1,107.214
11.28,0,107.182
11.2809,0,107.159
11.2819,1,107.187
11.2828,0,107.139
11.2838,0,107.122
11.2847,1,107.164
11.2857,1,107.143
11.2866,0,107.106
11.2875,0,107.218
11.289,1,107.25
11.2894,0,107.441
11.2904,0,107.511
11.2918,1,107.344
11.2923,0,107.697
11.2937,1,107.426
11.2946,1,107.498
11.2951,0,107.985
11.2965,1,107.561
11.297,0,108.112
11.2979,0,108.098
11.2989,0,108.086
11.2998,0,108.075
11.3012,1,107.616
11.3022,1,107.664
11.3027,0,108.315
11.3041,1,107.831
11.3045,0,108.401
11.306,1,107.852
11.3069,1,107.87
11.3078,1,107.887
11.3088,1,107.901
11.3093,0,108.851
11.3107,1,107.913
11.3116,0,108.995
11.3126,0,108.995
11.3135,0,108.996
11.3145,1,108.424
11.3154,1,108.496
11.3163,0,109.246
11.3173,1,108.684
11.3182,0,109.341
11.3192,1,108.848
11.3201,1,108.867
11.3211,0,109.548
11.322,1,109.009
11.3229,0,109.604
11.3239,1,109.133
11.3248,1,109.116
11.3258,1,109.102
11.3267,0,109.904
11.3277,1,109.214
11.3286,1,109.187
11.3296,1,109.164
11.3305,0,110.166
11.3314,0,110.02
11.3324,1,109.393
11.3333,0,110.018
11.3343,0,109.89
11.3352,0,109.779
11.3362,1,109.719
11.3371,0,109.807
11.3381,0,109.706
11.339,1,109.754
11.3399,0,109.743
11.3409,1,109.785
11.3418,0,109.775
11.3428,1,109.812
11.3437,1,109.71
11.3447,0,109.928
11.3456,1,109.747
11.3465,0,109.937
11.3475,1,109.778
11.3484,1,109.681
11.3494,0,110.07
11.3503,0,109.936
11.3513,0,109.819
11.3522,1,109.971
11.3532,0,109.842
11.3541,0,109.737
11.355,1,110.1
11.356,0,109.644
11.3569,0,109.564
11.3579,1,110.212
11.3588,1,110.061
11.3598,1,109.928
11.3607,0,109.868
11.3617,1,109.937
11.3626,1,109.82
11.3635,0,110.01
11.3645,1,109.842
11.3654,0,110.009
11.3664,1,109.862
11.3673,0,110.008
11.3683,0,109.882
11.3692,1,110.004
11.3701,1,109.879
11.3711,0,110.021
11.372,1,109.894
11.373,0,109.894
11.3739,0,109.782
11.3749,1,110.032
11.3758,0,109.809
11.3768,1,110.028
11.3777,1,109.9
11.3786,1,109.787
11.3796,0,110.083
11.3805,1,109.814
11.3815,1,109.712
11.3824,0,110.198
11.3834,0,110.048
11.3843,0,109.917
11.3853,1,109.998
11.3862,0,109.927
11.3871,1,109.998
11.3881,0,109.936
11.389,0,109.944
11.39,1,109.999
11.3909,0,109.951
11.3919,0,109.832
11.3928,1,110.124
11.3937,1,109.983
11.3947,0,109.978
11.3956,0,109.856
11.3966,1,110.11
11.3975,0,109.874
11.3985,0,109.765
11.3994,1,110.222
11.4004,0,109.794
11.4013,1,110.194
11.4022,1,110.045
11.4032,0,109.945
11.4041,1,110.039
11.4051,0,109.952
11.406,0,109.958
11.407,0,109.838
11.4079,0,109.733
11.4089,0,109.642
11.4093,1,110.409
11.4103,1,110.233
11.4112,0,109.561
11.4122,1,110.204
11.4136,0,109.491
11.414,1,110.178
11.415,1,110.031
11.4159,1,109.902
11.4169,1,109.789
11.4178,0,109.305
11.4188,1,109.816
11.4202,0,109.267
11.4211,0,109.233
11.4221,0,109.204
11.4225,1,110.089
11.4235,1,109.953
11.4249,0,109.054
11.4254,1,109.959
11.4268,0,108.922
11.4273,1,109.964
11.4282,1,109.843
11.4296,0,108.807
11.4301,1,109.863
11.4315,0,108.831
11.432,1,109.755
11.4329,1,109.661
11.4339,1,109.578
11.4353,0,108.852
11.4358,1,109.631
11.4367,1,109.552
11.4376,1,109.483
11.4391,0,108.871
11.44,1,109.673
11.4405,0,108.887
11.4419,0,108.776
11.4428,1,109.714
11.4433,0,108.804
11.4447,1,109.499
11.4452,0,108.953
11.4461,0,108.959
11.4476,1,109.437
11.448,0,109.089
11.4494,0,109.203
11.4504,1,109.507
11.4513,1,109.444
11.4518,0,109.303
11.4532,0,109.265
11.4537,1,109.513
11.4551,0,109.232
11.4556,1,109.574
11.4565,1,109.502
11.4579,0,109.078
11.4589,0,108.943
11.4598,0,108.825
11.4603,1,109.815
11.4612,1,109.713
11.4622,0,108.847
11.4636,1,109.499
11.4641,0,108.991
11.465,0,109.117
11.4664,1,109.436
11.4674,1,109.382
11.4683,1,109.334
11.4688,0,109.478
11.4697,0,109.418
11.4707,1,109.292
11.4721,0,109.366
11.4726,1,109.381
11.474,1,109.333
11.4749,0,109.32
11.4759,0,109.155
11.4763,1,109.417
11.4778,1,109.239
11.4787,0,109.261
11.4792,1,109.21
11.4806,1,109.058
11.4811,0,109.353
11.482,0,109.434
11.4834,1,109.051
11.4839,0,109.505
11.4853,1,109.045
11.4863,0,109.692
11.4867,1,109.039
11.4877,1,109.034
11.4886,0,109.605
11.4896,1,109.03
11.491,0,109.404
11.4919,1,109.151
11.4924,0,109.354
11.4938,1,109.007
11.4943,0,109.435
11.4957,1,108.881
11.4962,0,109.505
11.4971,0,109.442
11.4985,1,108.896
11.499,0,109.512
11.4999,0,109.448
11.5014,1,108.909
11.5023,0,109.642
11.5028,1,108.921
11.5037,0,109.562
11.5051,1,108.93
11.5056,0,109.616
11.5066,0,109.539
11.508,1,108.814
11.5084,0,109.597
11.5099,1,108.712
11.5108,0,109.647
11.5113,1,108.748
11.5127,1,108.655
11.5132,0,109.691
11.5141,0,109.605
11.5151,0,109.529
11.516,0,109.463
11.5169,0,109.405
11.5179,1,108.573
11.5188,1,108.501
11.5198,0,109.605
11.5207,1,108.439
11.5217,0,109.654
11.5226,1,108.384
11.524,1,108.586
11.525,1,108.638
11.5254,0,109.947
11.5264,0,109.829
11.5273,1,108.933
11.5287,0,109.6
11.5297,1,109.191
11.5302,0,109.525
11.5311,1,109.167
11.5325,0,109.585
11.533,1,109.146
11.5339,1,109.003
11.5349,0,109.637
11.5358,1,108.878
11.5368,0,109.682
11.5382,1,109.018
11.5391,0,110.097
11.5401,1,109.141
11.541,0,110.335
11.542,1,109.248
11.5429,1,109.342
11.5434,0,110.543
11.5448,1,109.549
11.5457,1,109.606
11.5467,1,109.655
11.5471,0,110.725
11.5486,0,110.509
11.549,1,109.948
11.55,1,109.83
11.5509,0,110.446
11.5523,1,109.851
11.5533,0,110.64
11.5542,1,109.87
11.5547,0,110.685
11.5561,1,109.761
11.5566,0,110.724
11.5575,0,110.759
11.5589,1,109.541
11.5599,0,110.789
11.5608,1,109.598
11.5618,1,109.648
11.5623,0,111.065
11.5637,1,109.692
11.5641,0,111.307
11.5651,0,111.394
11.566,1,109.856
11.5674,0,111.47
11.5684,1,110.124
11.5693,1,109.983
11.5698,0,111.536
11.5712,0,111.719
11.5717,1,109.985
11.5731,0,112.004
11.5741,0,112.004
11.5745,1,110.112
11.5755,1,109.973
11.5764,1,109.852
11.5778,0,112.128
11.5788,1,109.87
11.5797,0,112.362
11.5807,1,109.886
11.5816,0,112.442
11.5821,1,109.901
11.5835,0,112.637
11.5844,1,110.038
11.5854,0,112.682
11.5859,1,109.908
11.5868,0,112.597
11.5882,1,110.045
11.5892,0,112.772
11.5901,1,110.164
11.591,0,112.801
11.592,0,112.451
11.5925,1,110.394
11.5934,1,110.344
11.5943,0,112.394
11.5958,1,110.301
11.5962,0,112.47
11.5977,1,110.389
11.5986,0,112.411
11.5995,0,112.235
11.6,1,110.715
11.6014,0,112.08
11.6019,1,110.876
11.6028,1,110.891
11.6038,0,111.945
11.6052,1,111.03
11.6057,0,111.827
11.6071,1,111.151
11.608,0,111.849
11.609,0,111.743
11.6095,1,111.132
11.6109,1,110.866
11.6118,0,111.775
11.6128,0,111.928
11.6132,1,110.882
11.6146,0,111.937
11.6156,0,111.945
11.6161,1,110.897
11.6175,0,111.952
11.6179,1,110.785
11.6189,0,111.958
11.6203,1,110.812
11.6213,0,112.088
11.6222,1,110.835
11.6231,0,112.202
11.6241,0,112.052
11.625,0,111.92
11.626,1,111.106
11.6269,1,110.843
11.6274,0,111.93
11.6288,1,110.737
11.6297,0,112.189
11.6307,1,110.645
11.6316,0,112.54
11.6326,0,112.598
11.6331,1,110.69
11.634,1,110.478
11.6349,0,112.648
11.6359,1,110.544
11.6368,0,112.442
11.6382,1,110.601
11.6392,0,112.512
11.6401,0,112.448
11.6406,1,110.651
11.642,0,112.392
11.6425,1,110.694
11.6434,1,110.732
11.6444,0,112.343
11.6458,1,110.891
11.6463,0,112.3
11.6477,1,111.03
11.6486,0,112.263
11.6496,0,111.98
11.65,1,111.151
11.651,1,111.007
11.6519,0,111.732
11.6529,1,111.006
11.6543,1,111.13
11.6552,0,111.766
11.6562,1,111.239
11.6567,0,111.42
11.6581,1,111.459
11.659,0,111.367
11.66,1,111.652
11.6609,1,111.57
11.6614,0,111.322
11.6628,0,111.031
11.6637,1,111.874
11.6647,0,110.902
11.6651,1,112.015
11.6666,0,110.79
11.6675,1,112.138
11.6685,1,112.121
11.6689,0,110.816
11.6703,1,112.106
11.6713,0,110.964
11.6722,0,110.843
11.6727,1,112.092
11.6741,0,110.738
11.6746,1,112.206
11.6755,1,112.18
11.6765,0,110.771
11.6779,1,112.033
11.6784,0,110.799
11.6798,1,111.904
11.6807,0,110.824
11.6817,0,110.721
11.6821,1,112.041
11.6836,0,110.631
11.684,1,112.161
11.685,1,111.89
11.6859,0,110.677
11.6873,1,111.904
11.6878,0,110.593
11.6887,0,110.394
11.6897,1,112.041
11.6911,0,110.344
11.6916,1,112.161
11.693,0,110.176
11.6939,1,112.266
11.6949,1,112.233
11.6954,0,110.154
11.6968,1,112.204
11.6977,0,110.26
11.6987,0,110.103
11.6991,1,112.428
11.7005,0,109.965
11.701,1,112.5
11.702,1,112.312
11.7029,0,110.094
11.7043,1,112.273
11.7048,0,110.082
11.7062,1,112.364
11.7072,0,110.197
11.7081,0,110.172
11.7086,1,112.443
11.71,0,110.151
11.7109,1,112.513
11.7119,1,112.324
11.7123,0,110.257
11.7138,1,112.283
11.7142,0,110.35
11.7152,0,110.306
11.7161,1,112.498
11.7175,0,110.143
11.718,1,112.561
11.719,1,112.366
11.7199,0,110.25
11.7213,1,112.32
11.7218,0,110.219
11.7232,1,112.405
11.7241,0,110.441
11.7251,0,110.511
11.7256,1,112.354
11.727,0,110.572
11.7275,1,112.185
11.7284,1,112.037
11.7293,0,110.751
11.7308,1,111.782
11.7312,0,111.032
11.7326,1,111.56
11.7331,0,111.153
11.7345,1,111.24
11.7355,0,111.259
11.7359,1,110.96
11.7374,1,110.715
11.7378,0,111.476
11.7393,0,111.792
11.7402,1,110.625
11.7407,0,111.943
11.7416,1,110.297
11.743,0,112.2
11.7435,1,110.26
11.7444,1,110.103
11.7454,0,112.425
11.7468,1,109.84
11.7473,0,112.747
11.7482,0,112.904
11.7492,1,109.735
11.7501,0,113.041
11.7511,1,109.643
11.7525,0,113.036
11.7529,1,109.563
11.7544,1,109.492
11.7548,0,113.156
11.7562,1,109.431
11.7567,0,113.262
11.7577,0,113.229
11.7586,1,109.252
11.76,0,113.325
11.7605,1,109.345
11.7614,1,109.302
11.7624,0,113.41
11.7633,1,109.264
11.7643,0,113.608
11.7657,1,109.231
11.7666,0,113.782
11.7676,1,109.202
11.7685,0,113.685
11.7695,0,113.599
11.7699,1,109.302
11.7709,1,109.389
11.7718,0,113.399
11.7728,1,109.341
11.7737,0,113.224
11.7751,1,109.423
11.7761,0,113.321
11.777,1,109.495
11.778,0,113.281
11.7789,0,113.121
11.7794,1,109.683
11.7803,1,109.723
11.7813,0,113.106
11.7822,1,109.758
11.7836,0,112.968
11.7846,1,109.788
11.7855,0,112.972
11.7865,0,112.85
11.7869,1,109.939
11.7879,1,109.947
11.7888,0,112.744
11.7898,1,109.954
11.7907,0,112.651
11.7921,1,109.959
11.7931,0,112.695
11.794,1,109.964
11.7949,0,112.733
11.7959,0,112.641
11.7964,1,110.219
11.7973,1,110.192
11.7983,0,112.686
11.7992,1,110.168
11.8001,0,112.725
11.8016,1,110.147
11.8025,0,112.885
11.8034,1,110.128
11.8044,1,110.112
11.8049,0,112.899
11.8058,0,112.912
11.8067,1,110.098
11.8077,0,112.798
11.8091,1,110.086
11.8101,0,112.823
11.811,1,109.95
11.8119,0,112.845
11.8129,0,112.739
11.8134,1,110.206
11.8143,1,110.181
11.8152,0,112.772
11.8162,1,110.158
11.8171,0,112.801
11.8185,1,110.138
11.8195,0,112.7
11.8204,1,110.121
11.8214,0,112.738
11.8223,0,112.771
11.8228,1,110.231
11.8237,1,110.202
11.8247,0,112.674
11.8256,1,110.052
11.8266,0,112.59
11.828,1,109.92
11.8289,0,112.641
11.8299,0,112.561
11.8303,1,110.18
11.8313,1,110.158
11.8322,0,112.616
11.8332,1,110.138
11.8341,0,112.664
11.8355,1,110.121
11.8365,0,112.581
11.8374,1,110.106
11.8384,0,112.633
11.8393,0,112.679
11.8398,1,110.217
11.8407,1,110.19
11.8417,0,112.594
11.8426,1,110.166
11.8436,0,112.52
11.845,1,110.146
11.8459,0,112.455
11.8469,1,110.252
11.8478,0,112.398
11.8488,0,112.223
11.8492,1,110.471
11.8502,1,110.412
11.8511,0,112.445
11.8521,1,110.486
11.8535,0,112.64
11.8544,1,110.55
11.8554,0,112.935
11.8563,0,112.943
11.8568,1,110.731
11.8577,1,110.765
11.8587,0,112.95
11.8596,1,110.669
11.8606,0,112.956
11.862,1,110.585
11.8629,0,113.087
11.8639,1,110.637
11.8648,0,113.201
11.8657,0,113.176
11.8662,1,110.808
11.8672,1,110.832
11.8681,0,113.279
11.8691,1,110.853
11.87,0,113.244
11.8714,1,110.871
11.8724,0,113.463
11.8733,1,111.012
11.8742,0,113.531
11.8752,0,113.464
11.8757,1,111.386
11.8766,1,111.587
11.8775,0,113.406
11.879,1,111.764
11.8799,0,113.355
11.8809,1,111.919
11.8818,0,113.311
11.8827,0,113.272
11.8832,1,112.179
11.8842,1,112.406
11.8851,0,113.363
11.886,1,112.606
11.887,0,113.318
11.8884,1,112.655
11.8893,0,113.278
11.8903,1,112.698
11.8912,0,113.368
11.8922,0,113.447
11.8927,1,112.736
11.8936,1,112.769
11.8945,0,113.391
11.8955,1,112.798
11.8964,0,113.342
11.8978,1,112.823
11.8988,0,113.3
11.8997,1,112.845
11.9007,1,112.864
11.9011,0,113.512
11.9021,0,113.573
11.903,1,113.006
11.904,0,113.501
11.9054,1,113.006
11.9063,0,113.439
11.9073,1,113.005
11.9082,0,113.509
11.9092,0,113.57
11.9096,1,113.004
11.9106,1,113.004
11.9115,0,113.499
11.9125,1,113.003
11.9134,0,113.437
11.9148,1,113.003
11.9158,0,113.382
11.9167,1,113.003
11.9177,0,113.334
11.9186,0,113.293
11.9191,1,113.252
11.92,1,113.346
11.921,0,113.256
11.9219,1,113.177
11.9233,0,113.224
11.9243,1,113.28
11.9252,0,113.321
11.9262,0,113.406
11.9266,1,113.245
11.9276,1,113.215
11.9285,0,113.355
11.9295,1,113.188
11.9304,0,113.311
11.9318,1,113.164
11.9328,0,113.272
11.9337,1,113.144
11.9347,0,113.238
11.9356,0,113.208
11.9361,1,113.251
11.937,1,113.344
11.938,0,113.182
11.9389,1,113.301
11.9399,0,113.159
11.9413,1,113.389
11.9422,0,113.264
11.9432,1,113.34
11.9441,0,113.481
11.945,0,113.421
11.9455,1,113.423
11.9465,1,113.37
11.9474,0,113.369
11.9488,1,113.324
11.9498,0,113.322
11.9507,1,113.283
11.9517,0,113.282
11.9526,0,113.247
11.9531,1,113.373
11.954,1,113.451
11.955,0,113.216
11.9559,1,113.395
11.9568,0,113.189
11.9583,1,113.47
11.9592,0,113.29
11.9601,1,113.537
11.9611,0,113.379
11.962,0,113.457
11.9625,1,113.47
11.9635,1,113.411
11.9644,0,113.4
11.9653,1,113.359
11.9663,0,113.35
11.9677,1,113.315
11.9686,0,113.306
11.9696,1,113.275
11.9705,1,113.241
11.971,0,113.518
11.9719,0,113.453
11.9729,1,113.211
11.9738,0,113.396
11.9753,1,113.309
11.9762,0,113.472
11.9771,1,113.396
11.9781,0,113.538
11.979,0,113.596
11.9795,1,113.346
11.9804,1,113.303
11.9814,0,113.521
11.9823,1,113.265
11.9833,0,113.581
11.9847,1,113.232
11.9856,0,113.508
11.9866,1,113.203
11.9875,0,113.445
11.9885,0,113.389
11.9889,1,113.178
11.9899,1,113.155
11.9908,0,113.341
11.9918,1,113.136
11.9927,0,113.298
11.9941,1,113.244
11.9951,0,113.386
11.996,0,113.463
11.9965,1,113.213
11.9974,1,113.187
11.9984,0,113.405
11.9993,1,113.163
12.0003,0,113.479
12.0017,1,113.143
12.0026,0,113.419
12.0036,1,113.125
12.0045,0,113.367
12.0055,0,113.321
12.0059,1,113.109
12.0069,1,113.096
12.0078,0,113.281
12.0088,1,113.084
12.0097,0,113.246
12.0111,1,113.198
12.0121,0,113.34
12.013,1,113.299
12.014,0,113.173
12.0149,0,113.026
12.0154,1,113.511
12.0163,1,113.447
12.0173,0,113.148
12.0182,1,113.391
12.0196,0,113.129
12.0206,1,113.342
12.0215,0,113.113
12.0225,0,113.099
12.0229,1,113.3
12.0239,1,113.262
12.0248,0,113.087
12.0258,1,113.229
12.0267,0,113.076
12.0281,1,113.326
12.0291,0,113.191
12.03,1,113.41
12.0309,0,113.167
12.0319,0,113.146
12.0324,1,113.359
12.0333,1,113.314
12.0343,0,113.253
12.0352,1,113.4
12.0361,0,113.222
12.0376,1,113.35
12.0385,0,113.194
12.0394,1,113.306
12.0404,1,113.268
12.0409,0,113.295
12.0418,0,113.258
12.0427,1,113.234
12.0437,0,113.226
12.0451,1,113.33
12.0461,0,113.322
12.047,1,113.289
12.0479,0,113.282
12.0489,0,113.247
12.0494,1,113.253
12.0503,1,113.221
12.0512,0,113.341
12.0522,1,113.318
12.0531,0,113.423
12.0545,1,113.279
12.0555,0,113.37
12.0564,1,113.244
12.0574,0,113.324
12.0583,0,113.284
12.0588,1,113.213
12.0597,1,113.187
12.0607,0,113.248
12.0616,1,113.163
12.0626,0,113.217
12.064,1,113.143
12.0649,0,113.19
12.0659,0,113.166
12.0663,1,113.125
12.0673,1,113.109
12.0682,0,113.27
12.0692,1,113.221
12.0701,0,113.362
12.0715,1,113.193
12.0725,0,113.316
12.0734,1,113.169
12.0744,0,113.277
12.0753,0,113.242
12.0758,1,113.148
12.0767,1,113.129
12.0777,0,113.212
12.0786,1,113.113
12.0796,0,113.185
12.081,1,113.099
12.0819,0,113.162
12.0829,1,113.087
12.0838,0,113.017
12.0848,0,113.015
12.0852,1,113.326
12.0862,1,113.41
12.0871,0,113.138
12.0881,1,113.359
12.0895,0,113.121
12.0904,1,113.314
12.0914,0,113.106
12.0923,0,113.092
12.0928,1,113.275
12.0937,1,113.24
12.0947,0,113.081
12.0956,1,113.21
12.0966,0,113.071
12.098,1,113.184
12.0989,0,113.062
12.0999,1,113.161
12.1008,0,113.054
12.1017,0,113.047
12.1022,1,113.266
12.1032,1,113.358
12.1041,0,113.166
12.1051,1,113.438
12.106,0,113.146
12.1074,1,113.383
12.1084,0,113.127
12.1093,1,113.335
12.1102,0,113.237
12.1112,0,113.207
12.1117,1,113.418
12.1126,1,113.366
12.1135,0,113.181
12.115,1,113.32
12.1159,0,113.158
12.1169,1,113.28
12.1178,0,113.139
12.1187,0,113.121
12.1192,1,113.37
12.1202,1,113.449
12.1211,0,113.231
12.122,1,113.518
12.123,0,113.202
12.1244,1,113.453
12.1253,0,113.177
12.1263,1,113.396
12.1272,0,113.28
12.1282,0,113.37
12.1287,1,113.347
12.1296,1,113.304
12.1305,0,113.324
12.1315,1,113.266
12.1324,0,113.283
12.1338,1,113.232
12.1348,0,113.248
12.1357,1,113.203
12.1367,1,113.178
12.1371,0,113.467
12.1381,0,113.533
12.139,1,113.281
12.14,0,113.467
12.1414,1,113.246
12.1423,0,113.408
12.1433,1,113.215
12.1442,0,113.482
12.1452,0,113.547
12.1456,1,113.188
12.1466,1,113.165
12.1475,0,113.479
12.1485,1,113.144
12.1494,0,113.419
12.1508,1,113.126
12.1518,0,113.366
12.1527,1,113.11
12.1537,0,113.321
12.1546,0,113.281
12.1551,1,113.346
12.156,1,113.428
12.157,0,113.246
12.1579,1,113.25
12.1593,0,113.215
12.1603,1,113.343
12.1612,0,113.313
12.1622,0,113.399
12.1626,1,113.3
12.1636,1,113.263
12.1645,0,113.349
12.1655,1,113.23
12.1664,0,113.305
12.1678,1,113.201
12.1688,0,113.267
12.1697,1,113.176
12.1707,0,113.234
12.1716,0,113.205
12.1721,1,113.279
12.173,1,113.369
12.174,0,113.179
12.1749,1,113.323
12.1759,0,113.157
12.1773,1,113.408
12.1782,0,113.262
12.1792,1,113.357
12.1801,0,113.479
12.181,0,113.419
12.1815,1,113.437
12.1825,1,113.382
12.1834,0,113.367
12.1848,1,113.335
12.1858,0,113.321
12.1867,1,113.293
12.1877,0,113.281
12.1886,0,113.246
12.1891,1,113.381
12.19,1,113.459
12.191,0,113.215
12.1919,1,113.401
12.1928,0,113.188
12.1943,1,113.476
12.1952,0,113.29
12.1961,1,113.542
12.1971,0,113.378
12.198,0,113.456
12.1985,1,113.474
12.1995,1,113.415
12.2004,0,113.399
12.2013,1,113.363
12.2023,0,113.349
12.2037,1,113.317
12.2046,0,113.306
12.2056,1,113.278
12.2065,1,113.243
12.207,0,113.517
12.2079,0,113.453
12.2089,1,113.213
12.2098,0,113.396
12.2113,1,113.311
12.2122,0,113.472
12.2131,1,113.397
12.2141,0,113.538
12.215,0,113.595
12.2155,1,113.348
12.2164,1,113.304
12.2174,0,113.521
12.2183,1,113.266
12.2193,0,113.581
12.2207,1,113.233
12.2216,0,113.508
12.2226,1,113.204
12.2235,0,113.445
12.2245,0,113.389
12.2249,1,113.178
12.2259,1,113.156
12.2268,0,113.341
12.2278,1,113.136
12.2287,0,113.298
12.2301,1,113.244
12.2311,0,113.386
12.232,0,113.462
12.2325,1,113.214
12.2334,1,113.187
12.2344,0,113.405
12.2353,1,113.164
12.2363,0,113.479
12.2377,1,113.143
12.2386,0,113.419
12.2396,1,113.125
12.2405,0,113.367
12.2415,0,113.321
12.2419,1,113.11
12.2429,1,113.096
12.2438,0,113.281
12.2448,1,113.084
12.2457,0,113.246
12.2471,1,113.198
12.2481,0,113.34
12.249,1,113.299
12.25,0,113.173
12.2509,0,113.026
12.2514,1,113.511
12.2523,1,113.447
12.2533,0,113.148
12.2542,1,113.391
12.2556,0,113.129
12.2566,1,113.343
12.2575,0,113.113
12.2585,0,113.099
12.2589,1,113.3
12.2599,1,113.262
12.2608,0,113.087
12.2618,1,113.229
12.2627,0,113.076
12.2641,1,113.326
12.2651,0,113.191
12.266,1,113.41
12.2669,0,113.167
12.2679,0,113.146
12.2684,1,113.359
12.2693,1,113.314
12.2703,0,113.253
12.2712,1,113.4
12.2721,0,113.222
12.2736,1,113.35
12.2745,0,113.194
12.2754,1,113.306
12.2764,1,113.268
12.2769,0,113.295
12.2778,0,113.258
12.2787,1,113.234
12.2797,0,113.226
12.2811,1,113.33
12.2821,0,113.322
12.283,1,113.289
12.2839,0,113.282
12.2849,0,113.247
12.2854,1,113.253
12.2863,1,113.221
12.2872,0,113.341
12.2882,1,113.318
12.2891,0,113.423
12.2905,1,113.279
12.2915,0,113.37
12.2924,1,113.244
12.2934,0,113.324
12.2943,0,113.284
12.2948,1,113.213
12.2957,1,113.187
12.2967,0,113.248
12.2976,1,113.163
12.2986,0,113.467
12.3,1,113.143
12.3009,0,113.659
12.3019,0,113.701
12.3023,1,113.125
12.3033,1,113.109
12.3042,0,113.989
12.3052,1,113.221
12.3061,0,114.24
12.3075,1,113.193
12.3085,0,114.46
12.3094,1,113.169
12.3104,0,114.528
12.3113,0,114.462
12.3118,1,113.148
12.3127,1,113.129
12.3137,0,114.529
12.3146,1,113.113
12.3156,0,114.588
12.317,1,113.099
12.3179,0,114.639
12.3189,1,113.087
12.3198,0,114.684
12.3208,0,114.474
12.3212,1,113.451
12.3222,1,113.769
12.3231,0,114.665
12.3241,1,114.048
12.3255,0,114.832
12.3264,1,114.167
12.3274,0,114.853
12.3283,0,114.746
12.3288,1,114.271
12.3297,1,114.237
12.3307,0,114.778
12.3316,1,114.333
12.3326,0,114.806
12.334,1,114.416
12.3349,0,114.83
12.3359,1,114.489
12.3368,0,114.851
12.3377,0,114.745
12.3382,1,114.678
12.3392,1,114.718
12.3401,0,114.902
12.3411,1,114.878
12.342,0,114.914
12.3434,1,115.019
12.3444,0,115.05
12.3453,1,115.016
12.3462,0,115.043
12.3472,0,115.038
12.3477,1,115.014
12.3486,1,115.012
12.3495,0,115.033
12.351,1,115.011
12.3519,0,115.029
12.3529,1,115.01
12.3538,0,115.025
12.3547,0,114.897
12.3552,1,115.133
12.3562,1,115.117
12.3571,0,115.035
12.358,1,115.227
12.359,0,115.031
12.3604,1,115.324
12.3613,0,115.152
12.3623,1,115.283
12.3632,0,115.133
12.3642,0,115.116
12.3647,1,115.248
12.3656,1,115.092
12.3665,0,115.227
12.3675,1,115.08
12.3684,0,115.198
12.3698,1,115.07
12.3708,0,115.174
12.3717,1,115.062
12.3727,1,114.929
12.3731,0,115.277
12.3741,0,115.367
12.375,1,115.063
12.376,0,115.321
12.3774,1,115.18
12.3783,0,115.406
12.3793,1,115.157
12.3802,0,115.355
12.3812,0,115.311
12.3816,1,115.138
12.3826,1,114.996
12.3835,0,115.397
12.3845,1,114.996
12.3854,0,115.347
12.3868,1,114.997
12.3878,0,115.304
12.3887,1,114.997
12.3897,0,115.266
12.3906,0,115.108
12.3911,1,115.122
12.392,1,115.232
12.393,0,115.094
12.3939,1,115.203
12.3953,0,115.208
12.3963,1,115.178
12.3972,0,115.182
12.3982,0,115.159
12.3986,1,115.28
12.3996,1,115.12
12.4005,0,115.264
12.4015,1,115.105
12.4024,0,115.231
12.4038,1,115.092
12.4048,0,115.202
12.4057,1,115.081
12.4067,0,115.177
12.4076,0,115.03
12.4081,1,115.196
12.409,1,115.171
12.41,0,115.026
12.4109,1,115.15
12.4119,0,115.023
12.4133,1,115.256
12.4142,0,115.145
12.4152,1,115.349
12.4161,0,115.252
12.417,0,115.345
12.4175,1,115.305
12.4185,1,115.267
12.4194,0,115.302
12.4208,1,115.234
12.4218,0,115.264
12.4227,1,115.205
12.4237,0,115.231
12.4246,0,115.077
12.4251,1,115.304
12.426,1,115.266
12.427,0,115.068
12.4279,1,115.233
12.4288,0,115.059
12.4303,1,115.329
12.4312,0,115.177
12.4321,1,115.413
12.4331,0,115.28
12.434,0,115.245
12.4345,1,115.486
12.4355,1,115.3
12.4364,0,115.339
12.4373,1,115.263
12.4383,0,115.297
12.4397,1,115.23
12.4406,0,115.26
12.4416,1,115.201
12.4425,1,115.051
12.443,0,115.352
12.4439,0,115.308
12.4449,1,115.045
12.4458,0,115.27
12.4473,1,115.164
12.4482,0,115.361
12.4491,1,115.269
12.4501,0,115.441
12.451,0,115.386
12.4515,1,115.36
12.4524,1,115.19
12.4534,0,115.463
12.4543,1,115.166
12.4553,0,115.405
12.4567,1,115.145
12.4576,0,115.479
12.4586,1,115.127
12.4595,0,115.419
12.4605,0,115.242
12.4609,1,115.111
12.4619,1,114.972
12.4628,0,115.212
12.4638,1,114.976
12.4647,0,115.185
12.4661,1,115.104
12.4671,0,115.287
12.468,0,115.251
12.4685,1,115.216
12.4694,1,115.064
12.4704,0,115.345
12.4713,1,115.056
12.4723,0,115.302
12.4737,1,115.049
12.4746,0,115.389
12.4756,1,115.043
12.4765,0,115.34
12.4775,0,115.173
12.4779,1,115.037
12.4789,1,114.908
12.4798,0,115.151
12.4808,1,114.919
12.4817,0,115.132
12.4831,1,115.054
12.4841,0,115.241
12.485,1,115.173
12.486,0,115.211
12.4869,0,114.934
12.4874,1,115.276
12.4883,1,115.367
12.4893,0,114.943
12.4902,1,115.321
12.4916,0,115.075
12.4926,1,115.281
12.4935,0,115.065
12.4945,0,114.932
12.4949,1,115.246
12.4959,1,115.09
12.4968,0,114.941
12.4978,1,115.079
12.4987,0,114.948
12.5001,1,115.194
12.5011,0,115.08
12.502,1,115.295
12.5029,0,115.07
12.5039,0,114.936
12.5044,1,115.383
12.5053,1,115.21
12.5063,0,115.069
12.5072,1,115.184
12.5081,0,115.185
12.5096,1,115.286
12.5105,0,115.162
12.5114,1,115.25
12.5124,1,115.094
12.5129,0,115.142
12.5138,0,115.124
12.5147,1,115.082
12.5157,0,115.109
12.5171,1,115.197
12.5181,0,115.22
12.519,1,115.172
12.5199,0,115.193
12.5209,0,115.043
12.5214,1,115.276
12.5223,1,115.116
12.5232,0,115.163
12.5242,1,115.102
12.5251,0,115.268
12.5265,1,115.214
12.5275,0,115.359
12.5284,1,115.187
12.5294,0,115.314
12.5303,0,115.15
12.5308,1,115.164
12.5317,1,115.018
12.5327,0,115.131
12.5336,1,115.016
12.5346,0,115.115
12.536,1,115.014
12.5369,0,115.1
12.5379,0,114.963
12.5383,1,115.137
12.5393,1,114.995
12.5402,0,115.093
12.5412,1,114.996
12.5421,0,115.206
12.5435,1,115.121
12.5445,0,115.305
12.5454,1,115.106
12.5464,0,115.267
12.5473,0,115.109
12.5478,1,115.093
12.5487,1,114.956
12.5497,0,115.095
12.5506,1,114.962
12.5516,0,115.083
12.553,1,114.966
12.5539,0,115.073
12.5549,1,114.971
12.5558,0,115.064
12.5568,0,114.806
12.5572,1,115.099
12.5582,1,115.212
12.5591,0,114.955
12.5601,1,115.31
12.5615,0,115.086
12.5624,1,115.272
12.5634,0,115.075
12.5643,0,114.941
12.5648,1,115.238
12.5657,1,115.083
12.5667,0,114.948
12.5676,1,115.073
12.5686,0,114.955
12.57,1,115.064
12.5709,0,114.96
12.5719,1,115.056
12.5728,0,114.965
12.5737,0,114.845
12.5742,1,115.174
12.5752,1,115.152
12.5761,0,114.989
12.5771,1,115.258
12.578,0,114.99
12.5794,1,115.351
12.5804,0,115.117
12.5813,1,115.307
12.5822,0,115.102
12.5832,0,115.089
12.5837,1,115.268
12.5846,1,115.235
12.5855,0,115.078
12.587,1,115.206
12.5879,0,115.068
12.5889,1,115.18
12.5898,0,115.06
12.5907,0,114.927
12.5912,1,115.282
12.5922,1,115.247
12.5931,0,115.061
12.594,1,115.341
12.595,0,115.054
12.5964,1,115.424
12.5973,0,115.172
12.5983,1,115.371
12.5992,0,115.151
12.6002,0,115.132
12.6007,1,115.324
12.6016,1,115.159
12.6025,0,115.24
12.6035,1,115.139
12.6044,0,115.21
12.6058,1,115.122
12.6068,0,115.184
12.6077,1,115.106
12.6087,1,114.968
12.6091,0,115.286
12.6101,0,115.375
12.611,1,115.097
12.612,0,115.328
12.6134,1,115.21
12.6143,0,115.412
12.6153,1,115.184
12.6162,0,115.361
12.6172,0,115.316
12.6176,1,115.161
12.6186,1,115.016
12.6195,0,115.401
12.6205,1,115.014
12.6214,0,115.351
12.6228,1,115.012
12.6238,0,115.307
12.6247,1,115.01
12.6257,0,115.269
12.6266,0,115.11
12.6271,1,115.134
12.628,1,115.242
12.629,0,115.096
12.6299,1,115.212
12.6313,0,115.209
12.6323,1,115.186
12.6332,0,115.183
12.6342,0,115.16
12.6346,1,115.287
12.6356,1,115.126
12.6365,0,115.265
12.6375,1,115.111
12.6384,0,115.232
12.6398,1,115.097
12.6408,0,115.203
12.6417,1,115.085
12.6427,0,115.178
12.6436,0,115.03
12.6441,1,115.199
12.645,1,115.174
12.646,0,115.027
12.6469,1,115.152
12.6479,0,115.023
12.6493,1,115.258
12.6502,0,115.145
12.6512,1,115.351
12.6521,0,115.252
12.653,0,115.346
12.6535,1,115.307
12.6545,1,115.269
12.6554,0,115.302
12.6568,1,115.235
12.6578,0,115.265
12.6587,1,115.206
12.6597,0,115.232
12.6606,0,115.078
12.6611,1,115.305
12.662,1,115.267
12.663,0,115.068
12.6639,1,115.234
12.6648,0,115.059
12.6663,1,115.329
12.6672,0,115.177
12.6681,1,115.413
12.6691,0,115.28
12.67,0,115.245
12.6705,1,115.487
12.6715,1,115.301
12.6724,0,115.339
12.6733,1,115.263
12.6743,0,115.297
12.6757,1,115.23
12.6766,0,115.26
12.6776,1,115.201
12.6785,1,115.051
12.679,0,115.352
12.6799,0,115.308
12.6809,1,115.045
12.6818,0,115.27
12.6833,1,115.164
12.6842,0,115.361
12.6851,1,115.269
12.6861,0,115.441
12.687,0,115.386
12.6875,1,115.36
12.6884,1,115.19
12.6894,0,115.463
12.6903,1,115.166
12.6913,0,115.405
12.6927,1,115.146
12.6936,0,115.479
12.6946,1,115.127
12.6955,0,115.419
12.6965,0,115.242
12.6969,1,115.111
12.6979,1,114.973
12.6988,0,115.212
12.6998,1,114.976
12.7007,0,115.185
12.7021,1,115.104
12.7031,0,115.287
12.704,0,115.251
12.7045,1,115.216
12.7054,1,115.064
12.7064,0,115.345
12.7073,1,115.056
12.7083,0,115.302
12.7097,1,115.049
12.7106,0,115.389
12.7116,1,115.043
12.7125,0,115.34
12.7135,0,115.173
12.7139,1,115.037
12.7149,1,114.908
12.7158,0,115.151
12.7168,1,114.919
12.7177,0,115.132
12.7191,1,115.054
12.7201,0,115.241
12.721,1,115.173
12.722,0,115.211
12.7229,0,114.934
12.7234,1,115.276
12.7243,1,115.367
12.7253,0,114.943
12.7262,1,115.321
12.7276,0,115.075
12.7286,1,115.281
12.7295,0,115.065
12.7309,1,115.246
12.7319,1,115.09
12.7338,1,115.079
12.7361,1,115.194
12.738,1,115.295
12.7404,1,115.383
12.7413,1,115.21
12.7432,1,115.184
12.7456,1,115.286
12.7474,1,115.25
12.7484,1,115.094
12.7507,1,115.082
12.8456,0,115.057
12.8475,0,115.05
12.8485,0,114.794
12.8508,0,114.445
12.8527,0,114.014
12.8551,0,113.637
12.8569,0,113.183
12.8593,0,112.785
12.8621,0,112.562
12.8645,0,112.241
12.8659,1,114.697
12.8669,1,114.235
12.8673,0,112.086
12.8683,1,113.705
12.8692,0,111.7
12.8702,1,112.992
12.8711,0,111.238
12.8721,1,112.368
12.873,0,110.708
12.8739,1,111.572
12.8754,0,110.245
12.8763,1,111.001
12.8772,0,109.714
12.8782,1,110.376
12.8791,0,109.25
12.8801,1,109.829
12.881,0,108.719
12.882,1,109.1
12.8829,0,108.129
12.8834,1,108.338
12.8843,0,107.363
12.8853,1,107.545
12.8862,0,106.567
12.8872,1,106.727
12.8881,0,105.871
12.889,1,106.011
12.8905,0,105.137
12.8914,1,105.26
12.8923,0,104.495
12.8933,1,104.477
12.8942,0,103.808
12.8952,1,103.793
12.8961,0,103.207
12.8971,1,103.194
12.898,0,102.556
12.8985,1,102.419
12.8994,0,101.612
12.9004,1,101.492
12.9013,0,100.785
12.9023,1,100.68
12.9032,0,99.9372
12.9041,1,99.8454
12.9056,0,99.0701
12.9065,1,98.9897
12.9075,0,98.3113
12.9084,1,98.241
12.9093,0,97.6474
12.9103,1,97.5859
12.9112,0,96.9415
12.9122,1,96.8877
12.9131,0,96.1988
12.9136,1,96.0267
12.9145,0,95.2989
12.9155,1,95.0234
12.9164,0,94.3866
12.9174,1,94.1454
12.9183,0,93.5882
12.9193,1,93.2523
12.9207,0,92.7647
12.9216,1,92.4707
12.9226,0,92.0441
12.923,1,91.6619
12.9244,0,91.1636
12.9254,1,90.9542
12.9263,0,90.5182
12.9273,1,90.2099
12.9282,0,89.8284
12.9292,0,89.0998
12.9296,1,89.5586
12.9306,0,88.3374
12.9315,0,87.7952
12.9329,1,88.8638
12.9334,0,87.4458
12.9348,1,88.1308
12.9353,0,87.1401
12.9367,1,87.3645
12.9372,0,86.8726
12.9386,0,86.3885
12.9395,1,86.8189
12.9405,0,86.0899
12.9414,1,86.3416
12.9424,1,85.6739
12.9429,0,85.7037
12.9443,1,85.0896
12.9452,0,85.3657
12.9462,1,84.7034
12.9471,1,84.3655
12.948,1,84.0698
12.949,0,85.195
12.9499,1,83.9361
12.9509,0,84.9206
12.9518,0,84.5556
12.9523,1,83.9441
12.9537,0,84.2361
12.9542,1,83.9511
12.9556,0,84.0816
12.9561,1,83.9572
12.9575,0,83.8214
12.958,1,83.9625
12.9594,0,83.5937
12.9598,1,83.8422
12.9613,0,83.3945
12.9617,1,83.7369
12.9631,0,83.2202
12.9636,1,83.6448
12.965,0,83.1927
12.9655,1,83.6892
12.9669,0,83.0436
12.9674,1,83.7281
12.9688,0,82.9131
12.9693,1,83.7621
12.9707,0,82.799
12.9712,1,83.7918
12.9721,1,83.6928
12.9731,0,82.8241
12.974,1,83.6062
12.9749,0,82.7211
12.9759,1,83.4054
12.9768,0,82.631
12.9778,1,83.2298
12.9787,0,82.5521
12.9797,1,83.076
12.9806,0,82.4831
12.9816,1,83.0665
12.9825,0,82.5477
12.9834,1,83.0582
12.9844,0,82.6042
12.9853,1,83.0509
12.9863,0,82.6537
12.9872,1,83.0446
12.9882,0,82.697
12.9891,1,83.039
12.9901,0,82.7349
12.991,1,82.9091
12.9919,0,82.643
12.9929,1,82.7955
12.9938,0,82.5626
12.9948,1,82.696
12.9957,0,82.4923
12.9971,1,82.859
12.9976,0,82.6808
12.999,1,83.0017
12.9995,0,82.9707
13.0009,1,83.0015
13.0014,0,83.2243
13.0028,1,83.0013
13.0033,0,83.4463
13.0047,1,83.0011
13.0052,0,83.6405
13.0066,1,83.001
13.007,0,83.8104
13.0085,1,83.0009
13.0089,0,83.8341
13.0103,1,83.0007
13.0108,0,83.8549
13.0118,0,83.748
13.0132,1,83.1257
13.0137,0,83.7795
13.0146,0,83.8071
13.016,1,83.2349
13.017,0,83.9562
13.0179,1,83.4556
13.0188,0,84.0867
13.0198,1,83.6486
13.0207,0,84.2008
13.0217,0,84.1757
13.0226,1,83.9426
13.0236,0,84.2788
13.0245,1,84.0747
13.0255,1,84.0654
13.0264,0,84.4939
13.0273,1,84.1822
13.0283,0,84.6822
13.0292,1,84.2844
13.0302,1,84.2489
13.0311,1,84.2178
13.0321,0,84.9719
13.033,1,84.3156
13.0339,0,84.9754
13.0349,0,84.8535
13.0358,1,84.5261
13.0368,0,84.8718
13.0377,1,84.5853
13.0387,0,84.8878
13.0396,0,84.7768
13.0401,1,84.7622
13.0415,0,84.6797
13.042,1,84.7919
13.0434,0,84.5948
13.0439,1,84.9429
13.0453,0,84.5204
13.0457,1,85.075
13.0472,0,84.4554
13.0476,1,85.1907
13.0491,0,84.3984
13.0495,1,85.2918
13.0509,0,84.3486
13.0514,1,85.3804
13.0528,0,84.3051
13.0533,1,85.4578
13.0547,0,84.2669
13.0552,1,85.5256
13.0561,1,85.4599
13.0575,0,84.2336
13.058,1,85.5274
13.0594,0,84.3294
13.0599,1,85.4615
13.0609,1,85.4038
13.0618,0,84.4132
13.0627,1,85.3533
13.0637,0,84.4865
13.0646,1,85.3091
13.0656,0,84.5507
13.0665,1,85.2705
13.0675,0,84.6069
13.0684,1,85.2367
13.0693,0,84.656
13.0703,1,85.2071
13.0712,0,84.699
13.0722,1,85.1812
13.0731,0,84.7366
13.0741,1,85.1586
13.075,0,84.7696
13.076,1,85.1387
13.0769,0,84.7984
13.0778,1,85.1214
13.0788,0,84.8236
13.0797,1,85.1062
13.0807,0,84.8456
13.0816,1,84.9679
13.0826,0,84.8649
13.0835,1,84.847
13.0845,0,84.8818
13.0859,1,84.8661
13.0863,0,85.1466
13.0878,1,84.8828
13.0882,0,85.3783
13.0896,1,84.8975
13.0901,0,85.581
13.0915,1,84.9103
13.092,0,85.7584
13.0934,1,84.9215
13.0939,0,85.7886
13.0953,1,84.9313
13.0958,0,85.94
13.0967,0,85.9475
13.0981,1,84.9399
13.0986,0,86.0791
13.0996,0,86.0692
13.101,1,84.8224
13.1014,0,86.1855
13.1029,1,84.8446
13.1033,0,86.2873
13.1047,1,84.864
13.1057,0,86.3764
13.1066,0,86.3294
13.1076,1,85.256
13.1085,0,86.4132
13.1095,1,85.474
13.1104,1,85.5398
13.1114,0,86.6115
13.1123,1,85.7223
13.1132,0,86.6601
13.1142,1,85.882
13.1151,1,85.8968
13.1161,1,85.9097
13.117,0,86.9526
13.118,1,85.921
13.1189,0,86.8335
13.1199,0,86.7293
13.1208,1,86.0558
13.1217,0,86.7632
13.1227,1,86.1739
13.1236,0,86.7928
13.1246,0,86.6937
13.1255,1,86.4021
13.1265,0,86.732
13.1274,1,86.4769
13.1283,0,86.7655
13.1293,1,86.6672
13.1302,0,86.7948
13.1312,0,86.6954
13.1317,1,86.8338
13.1331,0,86.6085
13.1335,1,86.9796
13.135,0,86.4074
13.1354,1,87.1072
13.1368,0,86.3565
13.1373,1,87.2188
13.1387,0,86.3119
13.1392,1,87.3164
13.1406,0,86.273
13.1411,1,87.4019
13.142,1,87.3516
13.1435,0,86.2388
13.1439,1,87.3077
13.1453,0,86.209
13.1458,1,87.2692
13.1468,1,87.2356
13.1482,0,86.3079
13.1486,1,87.3311
13.1501,0,86.3944
13.1505,1,87.4147
13.1519,0,86.3451
13.1524,1,87.4879
13.1534,1,87.4269
13.1543,0,86.4269
13.1553,1,87.3735
13.1562,0,86.4986
13.1571,1,87.3268
13.1581,0,86.5613
13.159,1,87.286
13.16,0,86.4911
13.1609,1,87.1252
13.1619,0,86.4297
13.1628,1,87.1096
13.1637,0,86.501
13.1647,1,87.0959
13.1656,0,86.5634
13.1666,1,87.0839
13.1675,0,86.6179
13.1685,1,87.0734
13.1694,0,86.6657
13.1704,1,87.0642
13.1713,0,86.7075
13.1722,1,87.0562
13.1732,0,86.7441
13.1741,1,87.0492
13.1751,0,86.776
13.176,1,87.043
13.177,0,86.679
13.1779,1,86.9127
13.1789,0,86.5942
13.1803,1,86.9236
13.1807,0,86.7699
13.1822,1,86.9331
13.1826,0,87.0487
13.1836,0,87.1676
13.185,1,86.8165
13.1855,0,87.3966
13.1864,0,87.472
13.1878,1,86.8394
13.1883,0,87.663
13.1897,1,86.8595
13.1902,0,87.8302
13.1916,1,86.8771
13.1921,0,87.9764
13.193,0,87.9793
13.1944,1,86.8924
13.1949,0,87.9819
13.1963,1,86.9059
13.1973,1,86.9176
13.1977,0,88.1092
13.1991,1,86.9279
13.2001,0,88.2205
13.201,1,87.1869
13.202,1,87.1636
13.2029,1,87.1431
13.2039,0,88.443
13.2048,1,87.2502
13.2058,0,88.3876
13.2067,0,88.3391
13.2076,1,87.594
13.2086,0,88.4218
13.2095,1,87.7697
13.2105,0,88.494
13.2114,0,88.4323
13.2124,1,88.0485
13.2133,0,88.5032
13.2143,1,88.1674
13.2152,0,88.5653
13.2161,1,88.2715
13.2171,0,88.6197
13.218,0,88.5422
13.219,1,88.3626
13.2199,0,88.4744
13.2209,1,88.4422
13.2218,0,88.4151
13.2227,1,88.512
13.2237,0,88.4882
13.2246,1,88.573
13.2256,0,88.5522
13.2265,0,88.4832
13.227,1,88.6263
13.2284,0,88.4228
13.2289,1,88.6731
13.2298,1,88.5889
13.2312,0,88.3699
13.2317,1,88.6403
13.2331,0,88.3237
13.2336,1,88.8103
13.2345,1,88.834
13.236,0,88.1582
13.2364,1,88.9797
13.2379,0,88.0135
13.2383,1,89.1073
13.2397,0,88.0118
13.2402,1,89.2189
13.2412,1,89.1915
13.2426,0,88.0103
13.243,1,89.2926
13.2445,0,88.009
13.2449,1,89.256
13.2463,0,88.0079
13.2468,1,89.224
13.2478,1,89.071
13.2487,0,88.1319
13.2497,1,89.0621
13.2506,0,88.2404
13.2515,1,89.0544
13.2525,0,88.3354
13.2534,1,89.0476
13.2544,0,88.4184
13.2553,1,89.0416
13.2563,0,88.4911
13.2572,1,89.0364
13.2581,0,88.5547
13.2591,1,89.0319
13.26,0,88.6104
13.261,1,88.9029
13.2619,0,88.5341
13.2629,1,88.79
13.2638,0,88.4673
13.2648,1,88.6913
13.2657,0,88.5339
13.2666,1,88.7299
13.2676,0,88.5922
13.2685,1,88.6386
13.2695,0,88.6432
13.2704,1,88.5588
13.2714,0,88.6878
13.2723,0,88.7268
13.2733,1,88.6139
13.2742,0,88.7609
13.2751,0,88.7908
13.2761,1,88.6622
13.277,0,88.817
13.2784,1,88.7044
13.2789,0,88.9648
13.2803,1,88.7414
13.2808,0,89.0942
13.2817,0,89.0825
13.2832,1,88.7737
13.2836,0,89.1972
13.2851,1,88.802
13.286,1,88.7017
13.2865,0,89.5475
13.2879,1,88.614
13.2884,0,89.7291
13.2898,1,88.5373
13.2907,1,88.5951
13.2917,1,88.6457
13.2921,0,90.0129
13.2935,1,88.69
13.294,0,90.1363
13.295,0,89.9943
13.2964,1,88.7288
13.2973,0,90.12
13.2983,1,89.0127
13.2992,0,90.23
13.3002,0,90.2012
13.3011,1,89.3861
13.302,0,90.3011
13.303,1,89.4628
13.3039,0,90.2635
13.3049,1,89.53
13.3058,0,90.2305
13.3068,0,90.0767
13.3077,1,89.7137
13.3087,0,90.0671
13.3096,1,89.8745
13.3105,0,90.1837
13.3115,1,90.0152
13.3124,0,90.2858
13.3134,1,90.1383
13.3143,0,90.375
13.3153,0,90.3282
13.3162,1,90.371
13.3171,0,90.4121
13.3181,1,90.5746
13.319,1,90.6278
13.32,0,90.4856
13.3209,1,90.6743
13.3219,0,90.4249
13.3228,1,90.715
13.3238,1,90.6257
13.3247,0,90.4968
13.3256,1,90.6724
13.3266,0,90.5597
13.3275,0,90.4897
13.328,1,90.8384
13.3294,0,90.4285
13.3299,1,90.8586
13.3308,1,90.7513
13.3323,0,90.375
13.3327,1,90.7824
13.3341,0,90.3281
13.3346,1,90.8096
13.336,0,90.2871
13.3365,1,90.9584
13.3374,1,90.9636
13.3389,0,90.2512
13.3393,1,91.0931
13.3407,0,90.2198
13.3412,1,91.2065
13.3426,0,90.1923
13.3431,1,91.3057
13.3445,0,90.1683
13.345,1,91.2675
13.3464,0,90.1472
13.3469,1,91.234
13.3478,1,91.0798
13.3488,0,90.1288
13.3497,1,90.9448
13.3507,0,90.1127
13.3516,1,90.9517
13.3525,0,90.2236
13.3535,1,90.9577
13.3544,0,90.3207
13.3554,1,90.963
13.3563,0,90.4056
13.3573,1,90.9676
13.3582,0,90.4799
13.3592,1,90.9717
13.3601,0,90.5449
13.361,1,90.9752
13.362,0,90.4768
13.3629,0,90.4172
13.3639,1,90.8533
13.3648,0,90.365
13.3658,0,90.3194
13.3667,1,90.7467
13.3677,0,90.2795
13.3686,1,90.6533
13.3695,0,90.3696
13.3705,1,90.5717
13.3714,0,90.4484
13.3724,0,90.5173
13.3733,1,90.5002
13.3743,0,90.5776
13.3752,1,90.4377
13.3761,1,90.508
13.3771,0,90.6304
13.378,1,90.5695
13.379,0,90.5516
13.3804,1,90.6233
13.3813,1,90.6704
13.3823,1,90.7116
13.3828,0,90.9827
13.3842,1,90.7476
13.3846,0,91.1098
13.3856,0,91.0961
13.387,1,90.7792
13.3875,0,91.3341
13.3889,1,90.6818
13.3894,0,91.4173
13.3903,0,91.3652
13.3917,1,90.5966
13.3922,0,91.4445
13.3936,1,90.647
13.3941,0,91.514
13.3955,1,90.6911
13.396,0,91.5747
13.3969,0,91.5029
13.3983,1,90.7297
13.3993,0,91.69
13.4002,1,91.0135
13.4012,0,91.8538
13.4021,1,91.2618
13.4031,0,91.997
13.404,1,91.3541
13.4049,0,91.9974
13.4059,0,91.8727
13.4068,1,91.5598
13.4078,0,91.8886
13.4087,1,91.6148
13.4097,1,91.538
13.4106,0,92.0276
13.4115,1,91.5957
13.4125,0,92.1491
13.4134,1,91.7713
13.4144,1,91.7999
13.4153,0,92.3805
13.4163,1,91.9499
13.4172,0,92.4579
13.4182,0,92.4007
13.4191,1,92.2061
13.42,0,92.4756
13.421,1,92.1804
13.4219,1,92.1578
13.4229,0,92.5411
13.4238,1,92.2631
13.4248,0,92.4735
13.4257,1,92.3552
13.4267,0,92.4143
13.4276,1,92.4358
13.4285,1,92.3813
13.4295,0,92.4875
13.4304,1,92.4587
13.4314,0,92.5516
13.4323,0,92.4826
13.4328,1,92.5263
13.4342,0,92.4223
13.4347,1,92.5855
13.4361,0,92.3695
13.4366,1,92.6373
13.438,0,92.1983
13.4385,1,92.8077
13.4394,1,92.8317
13.4408,0,92.1735
13.4413,1,92.9778
13.4427,0,92.1518
13.4432,1,93.1055
13.4446,0,92.1329
13.4451,1,93.2173
13.4465,0,92.1163
13.4469,1,93.1902
13.4484,0,92.1017
13.4488,1,93.1664
13.4503,0,92.089
13.4507,1,93.1456
13.4521,0,92.0779
13.4526,1,93.1274
13.4536,1,92.9865
13.4545,0,92.1931
13.4554,0,92.294
13.4564,1,92.9882
13.4573,0,92.3822
13.4583,0,92.4595
13.4592,1,92.9896
13.4602,0,92.527
13.4611,1,92.9909
13.4621,0,92.5862
13.463,1,92.8671
13.4639,0,92.5129
13.4649,0,92.4488
13.4658,1,92.7587
13.4668,0,92.3927
13.4677,1,92.6639
13.4687,1,92.5809
13.4696,0,92.3436
13.4705,1,92.5083
13.4715,0,92.4256
13.4724,1,92.4447
13.4734,1,92.3891
13.4743,1,92.3405
13.4753,0,92.4974
13.4762,1,92.2979
13.4772,0,92.5603
13.4781,0,92.6152
13.479,1,92.2607
13.48,0,92.5383
13.4809,1,92.2281
13.4819,0,92.471
13.4828,0,92.4122
13.4838,1,92.1996
13.4847,0,92.3606
13.4857,1,92.1746
13.4866,0,92.3156
13.488,1,92.2778
13.4885,0,92.5261
13.4894,0,92.7103
13.4908,1,92.2431
13.4913,0,92.9966
13.4927,1,92.2127
13.4932,0,93.122
13.4946,1,92.1861
13.4951,0,93.2317
13.4965,1,92.2878
13.497,0,93.2028
13.4979,0,93.1774
13.4993,1,92.3769
13.4998,0,93.2802
13.5012,1,92.4548
13.5022,1,92.5229
13.5026,0,93.4952
13.5041,1,92.5825
13.5045,0,93.5583
13.5059,1,92.5097
13.5069,1,92.446
13.5078,0,93.7385
13.5088,1,92.6403
13.5097,0,93.7712
13.5107,0,93.6748
13.5116,1,92.9352
13.5126,0,93.7155
13.5135,1,93.0683
13.5144,1,93.1848
13.5154,0,93.876
13.5163,1,93.4117
13.5173,0,94.0165
13.5182,1,93.6102
13.5192,0,94.1395
13.5201,1,93.7839
13.5211,1,93.811
13.522,0,94.247
13.5229,1,93.8346
13.5239,0,94.2161
13.5248,0,94.0641
13.5258,1,93.9803
13.5267,0,94.0561
13.5277,1,94.1077
13.5286,0,94.0491
13.5295,1,94.2193
13.5305,0,94.043
13.5314,1,94.3169
13.5324,1,94.2772
13.5333,0,94.2876
13.5343,1,94.3676
13.5352,0,94.3766
13.5362,1,94.4466
13.5371,0,94.4546
13.538,1,94.5158
13.539,0,94.3977
13.5399,1,94.4513
13.5409,0,94.348
13.5418,1,94.5199
13.5428,0,94.3045
13.5437,0,94.1415
13.5442,1,94.7049
13.5456,0,93.9988
13.5461,1,94.8668
13.547,1,94.8835
13.5484,0,93.9989
13.5494,0,93.9991
13.5498,1,95.023
13.5513,0,93.9992
13.5522,0,93.9993
13.5527,1,95.1451
13.5541,0,93.9994
13.5546,1,95.127
13.556,0,93.8744
13.5565,1,95.1111
13.5579,0,93.8901
13.5588,0,93.9039
13.5593,1,95.3472
13.5607,0,93.9159
13.5612,1,95.4288
13.5621,1,95.3752
13.5631,1,95.3283
13.564,0,94.0514
13.5649,1,95.1623
13.5659,0,94.045
13.5668,1,95.017
13.5678,1,94.8899
13.5687,1,94.7786
13.5697,0,94.0394
13.5706,1,94.6813
13.5716,0,94.0344
13.5725,0,94.0301
13.5734,1,94.5961
13.5744,0,94.1514
13.5753,1,94.6466
13.5763,0,94.2574
13.5772,0,94.3503
13.5782,1,94.6908
13.5791,0,94.4315
13.5801,1,94.7294
13.581,0,94.3775
13.5819,1,94.5133
13.5829,0,94.3303
13.5838,0,94.2891
13.5848,1,94.4491
13.5857,0,94.2529
13.5867,1,94.393
13.5876,0,94.2213
13.5885,1,94.3438
13.5895,0,94.1936
13.5904,1,94.3009
13.5914,0,94.2944
13.5923,0,94.3826
13.5933,1,94.2633
13.5942,0,94.4598
13.5952,1,94.2303
13.5961,1,94.2016
13.597,0,94.5273
13.598,1,94.0514
13.5989,0,94.4614
13.5999,1,94.0449
13.6008,1,94.0393
13.6018,0,94.4037
13.6032,1,94.1594
13.6037,0,94.6033
13.6046,0,94.6529
13.606,1,94.2645
13.6065,0,94.8212
13.6079,1,94.2314
13.6088,1,94.2025
13.6093,0,95.0936
13.6107,1,94.1772
13.6112,0,95.2069
13.6126,1,94.155
13.6131,0,95.306
13.6145,1,94.1357
13.6155,1,94.1187
13.6159,0,95.3928
13.6173,1,94.2289
13.6178,0,95.4687
13.6188,0,95.4101
13.6202,1,94.3253
13.6211,0,95.6088
13.6221,1,94.6596
13.623,0,95.7827
13.6239,1,94.8271
13.6249,0,95.8099
13.6258,1,94.9738
13.6268,1,94.977
13.6277,0,95.9587
13.6287,1,95.1049
13.6296,0,95.9638
13.6306,1,95.2168
13.6315,0,95.9683
13.6324,1,95.3147
13.6334,0,95.9723
13.6343,1,95.4004
13.6353,0,96.1008
13.6362,1,95.6003
13.6372,0,96.2132
13.6381,0,96.1865
13.6391,1,95.9003
13.64,0,96.1632
13.6409,1,95.9127
13.6419,1,95.7986
13.6428,0,96.2678
13.6438,0,96.1093
13.6447,1,95.9488
13.6457,0,96.0957
13.6466,0,95.9587
13.6475,1,96.2052
13.6485,0,95.9639
13.6494,1,96.3046
13.6504,0,95.9684
13.6513,1,96.3915
13.6523,0,96.0973
13.6532,0,96.0852
13.6542,1,96.5926
13.6551,0,96.1995
13.656,1,96.6435
13.657,1,96.438
13.6579,1,96.2583
13.6589,0,96.4246
13.6598,0,96.2465
13.6603,1,96.351
13.6617,0,96.2157
13.6622,1,96.5571
13.6631,1,96.6125
13.6641,1,96.6609
13.6655,0,96.1887
13.666,1,96.7033
13.6674,0,96.1651
13.6683,0,96.1445
13.6688,1,96.8654
13.6702,0,96.1264
13.6707,1,96.8822
13.6721,0,96.1106
13.673,0,96.0968
13.6735,1,97.0219
13.6749,0,95.9597
13.6754,1,97.0192
13.6768,0,95.9647
13.6773,1,97.0168
13.6787,0,95.9691
13.6796,0,95.973
13.6801,1,97.2647
13.6811,1,97.2316
13.682,0,96.1014
13.6829,1,97.0777
13.6839,0,96.0887
13.6848,1,96.943
13.6858,0,96.0776
13.6867,1,96.8251
13.6877,0,96.0679
13.6886,0,96.0594
13.6896,1,96.7219
13.6905,0,96.052
13.6914,1,96.6317
13.6924,1,96.5527
13.6933,0,96.0455
13.6943,1,96.6086
13.6952,0,96.1648
13.6962,1,96.6576
13.6971,1,96.7004
13.6981,0,96.2692
13.699,1,96.4878
13.6999,0,96.2356
13.7009,0,96.2061
13.7018,1,96.3018
13.7028,0,96.1803
13.7037,1,96.2641
13.7047,1,96.2311
13.7056,0,96.1578
13.7065,1,96.2022
13.7075,0,96.1381
13.7084,1,96.1769
13.7094,0,96.1208
13.7103,1,96.1548
13.7113,1,96.1355
13.7122,0,96.2307
13.7132,1,96.1185
13.7141,0,96.3269
13.715,0,96.411
13.716,1,95.9787
13.7169,0,96.2346
13.7179,1,95.8564
13.7188,0,96.0803
13.7198,1,95.8743
13.7207,0,96.0703
13.7221,1,96.015
13.7231,1,96.1382
13.7235,0,96.4365
13.725,1,96.1209
13.7254,0,96.6319
13.7268,1,96.1058
13.7273,0,96.8029
13.7287,1,96.0926
13.7292,0,96.9526
13.7306,1,96.081
13.7311,0,97.0835
13.7325,1,96.0709
13.733,0,97.0731
13.7339,0,96.9389
13.7353,1,96.062
13.7358,0,96.9466
13.7372,1,96.1793
13.7382,1,96.2818
13.7386,0,97.2032
13.7396,0,97.1778
13.741,1,96.3716
13.7419,0,97.2806
13.7429,0,97.2455
13.7438,1,96.7002
13.7448,0,97.3398
13.7457,1,96.8626
13.7467,0,97.4224
13.7476,1,97.0048
13.7486,0,97.4946
13.7495,0,97.4327
13.7504,1,97.2542
13.7514,0,97.5036
13.7523,1,97.3474
13.7533,1,97.304
13.7542,1,97.391
13.7552,0,97.8157
13.7561,0,97.8387
13.7571,1,97.7171
13.758,0,97.8589
13.7589,1,97.7525
13.7599,1,97.6584
13.7608,1,97.5761
13.7618,0,98.1265
13.7627,1,97.6291
13.7637,0,98.1107
13.7646,0,97.9719
13.7655,1,97.9255
13.7665,0,97.9754
13.7674,1,98.0598
13.7684,0,97.9785
13.7693,0,97.8562
13.7703,1,98.3023
13.7712,0,97.8741
13.7722,1,98.3895
13.7731,0,98.0149
13.774,1,98.4658
13.775,0,98.013
13.7759,0,97.8864
13.7769,1,98.5326
13.7778,1,98.341
13.7788,0,98.0256
13.7797,1,98.2984
13.7807,0,98.0224
13.7816,1,98.3861
13.7825,0,98.1446
13.7835,1,98.4628
13.7844,0,98.2515
13.7854,0,98.2201
13.7863,0,98.1926
13.7868,1,98.655
13.7882,0,98.1685
13.7887,1,98.6981
13.7896,1,98.6108
13.791,0,98.1474
13.7915,1,98.6595
13.7929,0,98.004
13.7934,1,98.702
13.7943,1,98.6143
13.7958,0,97.8785
13.7962,1,98.6625
13.7976,0,97.8937
13.7986,0,97.907
13.7991,1,98.9547
13.8005,0,97.9186
13.8009,1,98.9604
13.8019,1,98.8403
13.8033,0,97.9288
13.8038,1,98.8603
13.8052,0,97.9377
13.8057,1,98.8777
13.8066,1,98.768
13.8076,0,97.9455
13.8085,1,98.672
13.8094,1,98.588
13.8104,0,97.9523
13.8113,1,98.5145
13.8123,0,97.9582
13.8132,0,97.9635
13.8142,1,98.5752
13.8151,0,98.093
13.8161,1,98.6283
13.817,0,98.0814
13.8179,1,98.5498
13.8189,0,98.0712
13.8198,1,98.356
13.8208,1,98.1865
13.8217,0,98.0623
13.8227,1,98.1632
13.8236,0,98.0545
13.8245,1,98.1428
13.8255,0,98.0477
13.8264,1,98.125
13.8274,0,98.0418
13.8283,1,98.1093
13.8293,0,98.0365
13.8302,1,98.0957
13.8312,0,98.157
13.8321,0,98.2623
13.833,1,98.0837
13.834,0,98.2296
13.8349,1,97.9482
13.8359,1,97.8297
13.8368,0,98.2009
13.8378,0,98.1757
13.8387,1,97.726
13.8397,0,98.1538
13.8406,0,98.1346
13.8415,1,97.7603
13.8425,0,98.1177
13.8434,1,97.7902
13.8444,0,98.103
13.8453,1,97.8164
13.8463,0,98.0901
13.8472,0,98.0789
13.8481,1,97.8394
13.8491,0,98.069
13.8505,1,97.8595
13.8515,1,97.877
13.8524,1,97.8924
13.8529,0,98.4354
13.8538,0,98.381
13.8552,1,97.9058
13.8557,0,98.4583
13.8571,1,98.0426
13.8581,1,98.1623
13.859,1,98.267
13.8595,0,98.901
13.8609,1,98.2336
13.8614,0,99.0384
13.8623,0,99.0336
13.8637,1,98.2044
13.8642,0,99.1544
13.8656,1,98.1789
13.8661,0,99.2601
13.867,0,99.2276
13.8684,1,98.1565
13.8689,0,99.1991
13.8703,1,98.1369
13.8713,0,99.2993
13.8722,1,98.3698
13.8732,0,99.3868
13.8741,0,99.4635
13.8751,1,98.6986
13.876,1,98.7363
13.8769,0,99.6556
13.8779,1,98.8942
13.8788,0,99.6986
13.8798,1,99.0325
13.8807,0,99.7363
13.8817,1,99.1534
13.8826,0,99.7692
13.8835,0,99.6731
13.8845,0,99.589
13.8854,1,99.5092
13.8864,0,99.6403
13.8873,1,99.6956
13.8883,1,99.7336
13.8892,0,99.8103
13.8902,1,99.8919
13.8911,0,99.834
13.892,1,100.03
13.893,1,99.9016
13.8939,0,99.9798
13.8949,1,99.9139
13.8958,0,99.9823
13.8968,0,99.8595
13.8977,1,100.05
13.8987,0,99.8771
13.8996,1,100.043
13.9005,1,100.038
13.9015,0,100.017
13.9024,1,100.158
13.9034,0,100.015
13.9043,1,100.263
13.9053,1,100.231
13.9062,0,100.138
13.9071,1,100.327
13.9081,1,100.286
13.909,0,100.371
13.91,1,100.25
13.9109,0,100.325
13.9119,0,100.159
13.9128,1,100.344
13.9138,0,100.139
13.9147,1,100.301
13.9156,0,100.122
13.9166,1,100.263
13.9175,0,100.232
13.9185,0,100.203
13.9189,1,100.355
13.9199,1,100.311
13.9213,0,100.177
13.9218,1,100.397
13.9232,0,100.155
13.9237,1,100.472
13.9251,0,100.136
13.9256,1,100.538
13.927,0,99.9938
13.9274,1,100.596
13.9289,0,99.8696
13.9293,1,100.647
13.9307,0,99.7609
13.9317,0,99.6658
13.9322,1,100.816
13.9336,0,99.7075
13.9341,1,100.839
13.935,1,100.734
13.9364,0,99.7441
13.9374,0,99.7761
13.9378,1,100.892
13.9388,1,100.781
13.9397,0,99.8041
13.9407,0,99.8286
13.9416,1,100.683
13.9425,0,99.85
13.9435,1,100.598
13.9444,0,99.8687
13.9454,1,100.523
13.9463,0,99.8851
13.9473,0,99.8995
13.9482,1,100.458
13.9492,0,99.9121
13.9501,1,100.4
13.951,1,100.35
13.952,1,100.182
13.9529,0,99.9231
13.9539,0,99.9327
13.9548,1,100.034
13.9558,0,99.9411
13.9567,1,99.9046
13.9577,1,99.7916
13.9586,1,99.6926
13.9595,0,99.9485
13.9605,1,99.731
13.9614,0,99.9549
13.9624,0,99.9605
13.9633,1,99.7647
13.9643,0,99.9655
13.9652,1,99.7941
13.9661,0,99.9698
13.9671,0,99.9736
13.968,1,99.8198
13.969,0,99.9769
13.9699,1,99.7173
13.9709,0,99.8548
13.9718,1,99.6277
13.9728,0,99.7479
13.9737,0,99.6544
13.9746,1,99.5492
13.9756,1,99.6056
13.9765,0,99.6976
13.9775,1,99.6549
13.9784,0,99.7354
13.9794,1,99.698
13.9803,0,99.7685
13.9813,1,99.7358
13.9822,0,99.7974
13.9831,0,99.8227
13.9841,0,99.8449
13.985,1,99.7688
13.986,0,99.7393
13.9869,1,99.6727
13.9879,1,99.5886
13.9888,0,99.6469
13.9902,1,99.64
13.9907,0,99.816
13.9921,1,99.685
13.9931,1,99.8494
13.9935,0,100.089
13.9949,1,99.8682
13.9954,0,100.328
13.9964,0,100.412
13.9978,1,99.8847
13.9982,0,100.61
13.9997,1,99.8991
14.0006,1,99.9117
14.0011,0,100.909
14.0025,1,99.9228
14.003,0,100.92
14.0044,1,99.9324
14.0053,1,99.9409
14.0058,0,101.055
14.0072,1,99.9482
14.0082,1,99.9547
14.0086,0,101.173
14.01,1,100.085
14.011,0,101.152
14.0119,0,101.133
14.0129,1,100.45
14.0138,0,101.241
14.0148,1,100.643
14.0157,0,101.336
14.0167,1,100.813
14.0176,0,101.419
14.0185,0,101.367
14.0195,1,101.086
14.0204,1,101.201
14.0214,0,101.571
14.0223,1,101.426
14.0233,0,101.624
14.0242,1,101.622
14.0251,0,101.671
14.0261,1,101.795
14.027,0,101.712
14.028,1,101.82
14.0289,0,101.748
14.0299,1,101.843
14.0308,0,101.78
14.0318,0,101.682
14.0327,1,101.987
14.0336,0,101.722
14.0346,1,101.989
14.0355,1,101.865
14.0365,0,101.882
14.0374,0,101.772
14.0384,1,102.132
14.0393,1,102.116
14.0403,0,101.925
14.0412,0,101.935
14.0421,1,102.351
14.0431,0,102.068
14.044,1,102.432
14.045,0,102.059
14.0459,1,102.378
14.0469,0,102.052
14.0478,0,101.92
14.0487,1,102.456
14.0497,0,101.93
14.0506,1,102.399
14.0516,1,102.224
14.0525,1,102.071
14.0535,0,102.189
14.0544,0,102.165
14.0554,1,102.312
14.0563,0,102.27
14.0572,1,102.398
14.0582,1,102.348
14.0591,1,102.305
14.0601,0,102.611
14.061,1,102.392
14.062,0,102.535
14.0629,0,102.343
14.0639,0,102.175
14.0643,1,102.593
14.0657,0,102.028
14.0662,1,102.644
14.0676,0,101.9
14.0686,0,101.787
14.069,1,102.813
14.0705,0,101.814
14.0709,1,102.712
14.0723,0,101.837
14.0728,1,102.748
14.0742,0,101.857
14.0752,0,101.875
14.0757,1,102.904
14.0766,1,102.791
14.078,0,101.891
14.0785,1,102.817
14.0799,0,101.779
14.0804,1,102.84
14.0818,0,101.682
14.0823,1,102.86
14.0832,1,102.753
14.0841,0,101.722
14.0851,0,101.757
14.086,0,101.787
14.087,1,102.534
14.0879,0,101.814
14.0889,1,102.467
14.0898,1,102.408
14.0908,0,101.837
14.0917,1,102.232
14.0926,0,101.857
14.0936,1,102.078
14.0945,1,101.944
14.0955,0,101.875
14.0964,1,101.951
14.0974,0,101.891
14.0983,0,101.904
14.0993,1,101.957
14.1002,0,101.916
14.1011,1,101.962
14.1021,1,101.967
14.103,0,101.927
14.104,1,101.846
14.1049,0,101.936
14.1059,1,101.74
14.1068,1,101.648
14.1077,0,101.944
14.1087,1,101.567
14.1096,1,101.496
14.1106,0,101.951
14.1115,1,101.434
14.1125,0,101.957
14.1134,0,101.962
14.1144,1,101.505
14.1153,0,101.967
14.1162,1,101.567
14.1172,0,101.971
14.1181,1,101.621
14.1191,0,101.975
14.12,0,101.978
14.121,1,101.543
14.1219,1,101.475
14.1229,0,101.856
14.1238,1,101.416
14.1247,0,101.749
14.1257,1,101.364
14.1266,0,101.655
14.1276,1,101.318
14.1285,0,101.573
14.1295,1,101.404
14.1304,0,101.627
14.1313,1,101.478
14.1323,0,101.673
14.1332,0,101.714
14.1342,1,101.543
14.1351,0,101.75
14.1361,1,101.6
14.137,1,101.65
14.138,0,101.656
14.1389,0,101.574
14.1403,1,101.694
14.1413,1,101.732
14.1417,0,101.877
14.1427,0,101.893
14.1441,1,101.766
14.1446,0,102.031
14.146,1,101.67
14.1465,0,102.152
14.1479,1,101.711
14.1483,0,102.383
14.1493,0,102.46
14.1507,1,101.747
14.1512,0,102.653
14.1526,1,101.779
14.1535,1,101.807
14.1545,1,101.831
14.1549,0,102.946
14.1559,0,102.828
14.1573,1,101.852
14.1578,0,102.849
14.1592,1,101.87
14.1601,1,101.887
14.1611,1,102.026
14.162,0,103.243
14.163,1,102.148
14.1639,0,103.213
14.1649,0,103.186
14.1658,0,103.163
14.1667,1,102.504
14.1677,0,103.268
14.1686,1,102.691
14.1696,0,103.359
14.1705,0,103.314
14.1715,1,102.98
14.1724,0,103.4
14.1734,1,103.107
14.1743,0,103.475
14.1752,1,103.344
14.1762,0,103.541
14.1771,0,103.473
14.1781,1,103.676
14.179,1,103.716
14.18,0,103.539
14.1809,1,103.752
14.1819,0,103.472
14.1828,1,103.783
14.1837,0,103.538
14.1847,1,103.81
14.1856,1,103.709
14.1866,0,103.72
14.1875,0,103.63
14.1885,0,103.552
14.1894,1,103.995
14.1903,0,103.608
14.1913,1,104.121
14.1922,1,104.106
14.1932,0,103.907
14.1941,1,104.217
14.1951,0,104.043
14.196,1,104.315
14.197,1,104.151
14.1979,0,104.163
14.1988,1,104.132
14.1998,0,104.143
14.2007,0,104
14.2017,1,104.241
14.2026,0,104
14.2036,1,104.21
14.2045,1,104.059
14.2055,0,104.125
14.2064,1,104.052
14.2073,0,104.109
14.2083,1,104.17
14.2092,1,104.149
14.2102,0,104.346
14.2111,1,104.255
14.2121,1,104.223
14.213,0,104.552
14.2139,1,104.196
14.2149,0,104.483
14.2158,0,104.298
14.2168,1,104.296
14.2177,0,104.261
14.2187,1,104.259
14.2196,0,104.228
14.2206,0,104.075
14.221,1,104.352
14.2224,0,103.94
14.2234,0,103.823
14.2239,1,104.433
14.2248,1,104.379
14.2262,0,103.845
14.2267,1,104.456
14.2281,0,103.864
14.2286,1,104.524
14.23,0,103.756
14.2305,1,104.584
14.2319,0,103.662
14.2324,1,104.636
14.2338,0,103.579
14.2342,1,104.681
14.2357,0,103.507
14.2366,0,103.443
14.2371,1,104.846
14.2385,0,103.388
14.239,1,104.74
14.2399,1,104.523
14.2413,0,103.464
14.2423,0,103.531
14.2427,1,104.582
14.2437,1,104.385
14.2446,1,104.212
14.2456,0,103.59
14.2465,0,103.641
14.2475,1,104.06
14.2484,0,103.686
14.2493,1,104.053
14.2503,0,103.725
14.2512,1,104.046
14.2522,0,103.76
14.2531,0,103.79
14.2541,1,104.04
14.255,0,103.816
14.256,1,103.91
14.2569,1,103.796
14.2578,1,103.697
14.2588,0,103.839
14.2597,0,103.859
14.2607,1,103.61
14.2616,0,103.877
14.2626,1,103.534
14.2635,1,103.467
14.2645,1,103.409
14.2654,0,103.767
14.2663,1,103.482
14.2673,0,103.796
14.2682,0,103.822
14.2692,0,103.844
14.2701,1,103.547
14.2711,0,103.863
14.272,1,103.604
14.2729,0,103.756
14.2739,0,103.661
14.2748,1,103.528
14.2758,0,103.578
14.2767,1,103.462
14.2777,0,103.506
14.2786,1,103.404
14.2796,0,103.443
14.2805,0,103.388
14.2814,1,103.354
14.2824,1,103.31
14.2833,0,103.464
14.2843,1,103.396
14.2852,0,103.531
14.2862,1,103.471
14.2871,0,103.59
14.2881,1,103.538
14.289,1,103.47
14.2899,0,103.516
14.2909,0,103.451
14.2918,0,103.395
14.2928,1,103.412
14.2937,0,103.346
14.2947,1,103.36
14.2956,1,103.315
14.2965,0,103.302
14.2975,1,103.276
14.2984,0,103.265
14.2994,1,103.241
14.3003,1,103.336
14.3013,0,103.357
14.3022,1,103.419
14.3032,0,103.437
14.3041,0,103.507
14.305,1,103.492
14.306,0,103.444
14.3074,1,103.555
14.3083,1,103.611
14.3088,0,103.763
14.3102,1,103.659
14.3107,0,103.918
14.3121,1,103.702
14.3131,1,103.739
14.3135,0,104.178
14.315,1,103.647
14.3159,1,103.566
14.3164,0,104.406
14.3178,1,103.62
14.3183,0,104.48
14.3192,0,104.545
14.3206,1,103.668
14.3211,0,104.727
14.3225,1,103.709
14.323,0,104.761
14.3239,0,104.666
14.3253,1,103.746
14.3258,0,104.708
14.3268,0,104.619
14.3282,1,103.902
14.3291,1,104.165
14.3301,0,104.917
14.331,1,104.519
14.3319,0,104.927
14.3329,1,104.704
14.3338,0,104.936
14.3348,1,104.866
14.3357,0,105.069
14.3367,1,105.008
14.3376,0,105.186
14.3386,1,105.132
14.3395,0,105.287
14.3404,0,105.252
14.3414,1,105.365
14.3423,0,105.345
14.3433,1,105.445
14.3442,1,105.514
14.3452,0,105.552
14.3461,0,105.483
14.3471,1,105.825
14.348,1,105.722
14.3489,1,105.632
14.3499,0,105.673
14.3508,0,105.589
14.3518,1,105.803
14.3527,0,105.64
14.3537,1,105.827
14.3546,0,105.685
14.3555,1,105.849
14.3565,0,105.724
14.3574,0,105.634
14.3584,1,105.993
14.3593,0,105.68
14.3603,1,105.994
14.3612,1,105.994
14.3622,1,105.995
14.3631,0,105.97
14.364,0,105.973
14.365,1,106.121
14.3659,0,105.977
14.3669,1,106.106
14.3678,1,105.967
14.3688,1,105.847
14.3697,0,106.23
14.3707,1,105.866
14.3716,0,106.201
14.3725,0,106.051
14.3735,0,105.919
14.3744,1,106.132
14.3754,0,105.93
14.3763,1,106.116
14.3773,0,105.938
14.3782,0,105.946
14.3791,1,106.226
14.3801,0,106.078
14.381,1,106.323
14.382,0,106.068
14.3829,1,106.283
14.3839,0,106.06
14.3848,0,105.927
14.3858,1,106.372
14.3867,1,106.201
14.3876,0,106.061
14.3886,1,106.176
14.3895,0,106.054
14.3905,1,106.154
14.3914,0,106.047
14.3924,1,106.135
14.3933,1,105.993
14.3943,0,106.166
14.3952,0,106.145
14.3961,0,106.127
14.3971,0,106.111
14.3976,1,106.369
14.399,0,105.972
14.3994,1,106.448
14.4004,1,106.392
14.4018,0,105.851
14.4023,1,106.468
14.4037,0,105.744
14.4042,1,106.534
14.4051,1,106.467
14.4065,0,105.651
14.407,1,106.409
14.4084,0,105.57
14.4094,0,105.499
14.4098,1,106.483
14.4112,0,105.561
14.4117,1,106.423
14.4127,1,106.245
14.4141,0,105.616
14.4145,1,106.214
14.4155,1,106.062
14.4164,0,105.664
14.4174,1,105.93
14.4183,1,105.813
14.4193,0,105.706
14.4202,1,105.837
14.4212,1,105.857
14.4221,0,105.743
14.423,1,105.875
14.424,0,105.65
14.4249,0,105.569
14.4259,1,105.766
14.4268,0,105.498
14.4278,1,105.67
14.4287,0,105.56
14.4297,0,105.615
14.4306,1,105.586
14.4315,0,105.663
14.4325,0,105.706
14.4334,1,105.513
14.4344,1,105.449
14.4353,0,105.617
14.4363,1,105.393
14.4372,0,105.665
14.4381,1,105.469
14.4391,0,105.707
14.44,1,105.535
14.441,0,105.619
14.4419,1,105.468
14.4429,0,105.541
14.4438,1,105.41
14.4448,0,105.474
14.4457,0,105.414
14.4466,1,105.358
14.4476,0,105.363
14.4485,1,105.314
14.4495,1,105.274
14.4504,0,105.317
14.4514,0,105.278
14.4523,1,105.24
14.4533,1,105.335
14.4542,1,105.418
14.4551,0,105.368
14.4561,0,105.447
14.457,1,105.491
14.458,0,105.391
14.4589,1,105.43
14.4599,0,105.342
14.4608,1,105.376
14.4617,0,105.299
14.4627,0,105.262
14.4636,1,105.329
14.4646,0,105.229
14.4655,1,105.288
14.4665,1,105.252
14.4674,1,105.22
14.4684,0,105.201
14.4693,0,105.176
14.4702,1,105.318
14.4712,0,105.279
14.4721,1,105.403
14.4731,1,105.478
14.474,1,105.543
14.475,0,105.244
14.4759,1,105.475
14.4769,0,105.213
14.4778,0,105.187
14.4787,0,105.163
14.4797,1,105.416
14.4806,0,105.143
14.4816,1,105.364
14.4825,0,105.125
14.4835,0,105.109
14.4844,1,105.318
14.4853,0,105.096
14.4863,1,105.278
14.4872,0,105.209
14.4882,1,105.369
14.4891,0,105.308
14.4901,0,105.394
14.4915,1,105.448
14.4924,1,105.517
14.4929,0,105.72
14.4943,1,105.577
14.4948,0,105.88
14.4962,1,105.63
14.4967,0,106.02
14.4981,1,105.676
14.499,1,105.717
14.4995,0,106.267
14.5005,0,106.234
14.5014,0,106.205
14.5023,0,106.179
14.5038,1,105.752
14.5042,0,106.282
14.5056,1,105.783
14.5066,1,105.81
14.5071,0,106.622
14.5085,1,105.834
14.5089,0,106.669
14.5104,1,105.855
14.5113,1,105.873
14.5123,0,106.96
14.5132,1,106.139
14.5141,0,107.09
14.5151,0,107.079
14.516,1,106.621
14.517,0,107.069
14.5179,1,106.794
14.5189,1,106.82
14.5198,0,107.185
14.5207,1,106.967
14.5217,1,106.971
14.5226,0,107.287
14.5236,1,107.1
14.5245,1,107.087
14.5255,0,107.501
14.5264,1,107.201
14.5274,1,107.176
14.5283,0,107.689
14.5292,1,107.279
14.5302,0,107.728
14.5311,0,107.762
14.5321,1,107.494
14.533,0,107.916
14.534,1,107.558
14.5349,0,107.927
14.5359,0,107.811
14.5368,1,107.738
14.5377,0,107.835
14.5387,0,107.73
14.5396,1,107.896
14.5406,1,107.784
14.5415,0,107.889
14.5425,1,107.811
14.5434,0,107.903
14.5443,1,107.834
14.5453,0,107.915
14.5462,1,107.855
14.5472,0,107.926
14.5481,1,107.873
14.5491,0,108.06
14.55,1,108.014
14.551,0,108.052
14.5519,0,107.921
14.5528,1,108.137
14.5538,0,107.931
14.5547,1,108.12
14.5557,1,107.98
14.5566,0,108.064
14.5576,0,107.931
14.5585,1,108.108
14.5595,1,107.969
14.5604,1,107.848
14.5613,0,108.19
14.5623,0,108.041
14.5632,1,107.992
14.5642,0,108.036
14.5651,1,107.993
14.5661,0,108.157
14.567,1,108.119
14.5679,0,108.137
14.5689,0,107.995
14.5698,1,108.229
14.5708,0,107.996
14.5717,1,108.2
14.5727,1,108.05
14.5736,1,107.919
14.5746,0,108.246
14.5755,0,108.09
14.5764,1,108.054
14.5774,0,108.079
14.5783,1,108.047
14.5793,1,107.916
14.5802,1,107.802
14.5812,0,108.319
14.5821,1,107.827
14.5831,0,108.404
14.584,0,108.229
14.5849,0,108.075
14.5859,1,108.098
14.5868,0,108.066
14.5878,1,108.086
14.5887,0,108.058
14.5897,0,107.925
14.5906,1,108.2
14.5915,0,107.935
14.5925,0,107.818
14.593,1,108.175
14.5944,0,107.716
14.5949,1,108.153
14.5963,0,107.626
14.5972,0,107.548
14.5977,1,108.259
14.5986,1,108.102
14.6,0,107.604
14.6005,1,108.089
14.6019,0,107.529
14.6024,1,108.078
14.6038,0,107.463
14.6043,1,108.068
14.6052,1,107.935
14.6067,0,107.405
14.6076,0,107.354
14.6085,0,107.31
14.6095,0,107.271
14.61,1,108.193
14.6114,0,107.237
14.6118,1,108.169
14.6128,1,108.023
14.6137,1,107.895
14.6147,0,107.208
14.6156,1,107.783
14.6166,0,107.307
14.6175,1,107.685
14.6185,1,107.599
14.6194,0,107.268
14.6203,1,107.525
14.6213,0,107.235
14.6222,0,107.205
14.6232,1,107.459
14.6241,0,107.305
14.6251,1,107.527
14.626,1,107.586
14.6269,0,107.267
14.6279,1,107.513
14.6288,1,107.448
14.6298,0,107.233
14.6307,1,107.392
14.6317,1,107.343
14.6326,0,107.204
14.6336,1,107.3
14.6345,1,107.263
14.6354,0,107.179
14.6364,1,107.23
14.6373,0,107.156
14.6383,0,107.137
14.6392,1,107.201
14.6402,0,107.12
14.6411,1,107.301
14.6421,0,107.23
14.643,0,107.201
14.6439,1,107.263
14.6449,0,107.176
14.6458,0,107.154
14.6468,1,107.231
14.6477,1,107.202
14.6487,0,107.135
14.6496,1,107.177
14.6505,0,107.118
14.6515,1,107.154
14.6524,0,107.103
14.6534,1,107.135
14.6543,0,107.09
14.6553,1,107.118
14.6562,0,107.079
14.6572,1,107.103
14.6581,0,107.194
14.659,0,107.295
14.66,1,107.091
14.6609,0,107.258
14.6619,1,107.079
14.6628,1,107.069
14.6638,0,107.226
14.6647,0,107.197
14.6657,1,107.061
14.6666,1,107.053
14.6675,1,107.046
14.6685,0,107.173
14.6694,0,107.151
14.6704,1,107.041
14.6713,0,107.132
14.6723,1,107.036
14.6732,0,107.116
14.6741,1,107.031
14.6751,0,107.226
14.676,0,107.323
14.677,1,107.027
14.6779,0,107.283
14.6789,1,107.024
14.6798,1,107.021
14.6808,1,107.018
14.6817,0,107.247
14.6826,0,107.216
14.6836,1,107.016
14.6845,0,107.189
14.6855,1,107.014
14.6864,1,107.012
14.6874,1,107.011
14.6883,0,107.166
14.6893,1,107.009
14.6902,0,107.145
14.6911,0,107.252
14.6921,0,107.345
14.693,1,107.133
14.694,0,107.302
14.6949,1,107.117
14.6959,0,107.264
14.6968,0,107.231
14.6977,1,107.102
14.6987,0,107.202
14.6996,0,107.177
14.7006,1,107.214
14.7015,0,107.155
14.7029,1,107.312
14.7034,0,107.386
14.7044,0,107.462
14.7058,1,107.398
14.7067,1,107.474
14.7072,0,107.78
14.7086,1,107.539
14.7091,0,107.932
14.7105,1,107.597
14.711,0,108.066
14.7124,1,107.647
14.7133,1,107.691
14.7138,0,108.307
14.7147,0,108.269
14.7157,0,108.235
14.7166,0,108.206
14.718,1,107.855
14.7185,0,108.305
14.7199,1,107.873
14.7209,1,107.889
14.7218,1,107.903
14.7223,0,108.642
14.7237,1,107.915
14.7247,0,108.812
14.7256,1,108.176
14.7265,1,108.279
14.7275,0,109.085
14.7284,1,108.494
14.7294,0,109.2
14.7303,0,109.175
14.7313,1,108.807
14.7322,0,109.278
14.7331,1,108.956
14.7341,1,108.962
14.735,0,109.493
14.736,1,108.966
14.7369,1,108.971
14.7379,0,109.681
14.7388,1,109.099
14.7398,1,109.087
14.7407,0,109.846
14.7416,1,109.201
14.7426,1,109.176
14.7435,0,109.991
14.7445,1,109.279
14.7454,0,109.992
14.7464,0,109.868
14.7473,1,109.494
14.7483,0,109.884
14.7492,1,109.557
14.7501,0,109.899
14.7511,0,109.786
14.752,1,109.738
14.753,0,109.813
14.7539,0,109.711
14.7549,1,109.895
14.7558,1,109.784
14.7567,0,109.873
14.7577,1,109.811
14.7586,0,109.888
14.7596,1,109.834
14.7605,0,109.902
14.7615,1,109.855
14.7624,0,109.915
14.7634,1,109.873
14.7643,0,109.925
14.7652,1,109.889
14.7662,0,109.935
14.7671,0,109.818
14.7681,1,110.028
14.769,0,109.841
14.77,1,110.024
14.7709,1,109.896
14.7719,0,109.985
14.7728,0,109.862
14.7737,1,110.034
14.7747,1,109.905
14.7756,1,109.792
14.7766,0,110.13
14.7775,0,109.988
14.7785,1,109.943
14.7794,0,109.99
14.7803,1,109.95
14.7813,0,109.991
14.7822,1,109.956
14.7832,0,109.992
14.7841,0,109.868
14.7851,1,110.087
14.786,0,109.885
14.787,1,110.076
14.7879,1,109.941
14.7888,1,109.824
14.7898,0,110.149
14.7907,0,110.005
14.7917,1,109.971
14.7926,0,110.005
14.7936,1,109.974
14.7945,1,109.853
14.7955,1,109.746
14.7964,0,110.254
14.7973,1,109.778
14.7983,0,110.222
14.7992,0,110.07
14.8002,0,109.936
14.8011,1,110.056
14.8021,0,109.944
14.803,1,110.049
14.8039,0,109.951
14.8049,0,109.832
14.8058,1,110.168
14.8068,0,109.853
14.8077,0,109.746
14.8087,1,110.272
14.8096,0,109.778
14.8106,1,110.238
14.8115,0,109.806
14.8124,0,109.705
14.8134,1,110.333
14.8143,1,110.166
14.8153,0,109.867
14.8162,1,110.146
14.8172,0,109.884
14.8181,1,110.127
14.8191,0,109.898
14.82,1,109.986
14.8209,1,109.738
14.8219,0,110.036
14.8228,0,109.906
14.8238,0,109.793
14.8247,0,109.694
14.8257,0,109.607
14.8261,1,110.146
14.8275,0,109.531
14.828,1,110.128
14.829,1,109.987
14.8299,1,109.863
14.8309,0,109.34
14.8318,1,109.88
14.8332,0,109.297
14.8337,1,109.895
14.8346,1,109.783
14.836,0,109.26
14.8365,1,109.811
14.8379,0,109.103
14.8389,0,108.965
14.8393,1,109.959
14.8408,0,108.844
14.8412,1,109.964
14.8422,1,109.844
14.8431,1,109.738
14.8445,1,109.646
14.8455,0,108.989
14.8464,1,109.69
14.8474,1,109.604
14.8478,0,109.115
14.8493,0,109.101
14.8497,1,109.653
14.8507,1,109.572
14.8521,0,109.088
14.8526,1,109.625
14.854,0,108.952
14.8549,0,108.833
14.8554,1,109.797
14.8568,0,108.729
14.8573,1,109.823
14.8587,0,108.638
14.8596,1,109.845
14.8601,0,108.683
14.8615,0,108.723
14.8625,1,109.864
14.8634,0,108.882
14.8639,1,109.756
14.8653,0,108.897
14.8658,1,109.787
14.8672,0,108.91
14.8677,1,109.813
14.8691,0,108.921
14.8696,1,109.837
14.871,1,109.732
14.8719,0,108.931
14.8729,0,108.815
14.8733,1,109.766
14.8743,1,109.67
14.8752,0,108.838
14.8766,1,109.461
14.8771,0,108.983
14.8785,0,108.985
14.879,1,109.403
14.8804,0,108.987
14.8814,1,109.603
14.8818,0,108.989
14.8828,1,109.528
14.8837,1,109.462
14.8851,0,108.99
14.8861,0,108.991
14.8865,1,109.654
14.888,0,108.867
14.8884,1,109.697
14.8899,0,108.759
14.8903,1,109.735
14.8917,0,108.664
14.8927,1,109.768
14.8932,0,108.706
14.8946,0,108.618
14.895,1,109.797
14.896,1,109.698
14.8969,1,109.61
14.8983,0,108.666
14.8993,1,109.784
14.8998,0,108.707
14.9012,0,108.744
14.9017,1,109.811
14.9026,1,109.71
14.9035,1,109.621
14.905,0,108.651
14.9054,1,109.668
14.9068,0,108.57
14.9078,1,109.71
14.9083,0,108.623
14.9092,0,108.67
14.9101,1,109.621
14.9116,1,109.418
14.912,0,108.837
14.913,0,108.857
14.9144,1,109.366
14.9149,0,109
14.9158,0,109
14.9172,1,109.32
14.9177,0,109.125
14.9191,1,109.28
14.9196,0,109.234
14.9205,0,109.205
14.9219,1,109.12
14.9229,1,108.98
14.9234,0,109.429
14.9248,1,108.858
14.9253,0,109.501
14.9267,1,108.75
14.9271,0,109.563
14.9286,1,108.782
14.9295,0,109.618
14.9304,1,108.934
14.9309,0,109.541
14.9319,0,109.473
14.9328,0,109.414
14.9337,0,109.362
14.9347,1,108.817
14.9356,0,109.442
14.9366,1,108.715
14.938,1,108.751
14.9389,1,108.782
14.9394,0,109.762
14.9408,1,108.809
14.9413,0,109.916
14.9422,0,109.802
14.9432,1,108.958
14.9446,0,109.577
14.9451,1,109.213
14.9465,0,109.505
14.9474,1,109.437
14.9484,1,109.382
14.9489,0,109.566
14.9498,0,109.496
14.9507,1,109.334
14.9517,1,109.292
14.9526,1,109.256
14.954,0,109.434
14.955,1,109.349
14.9559,0,109.504
14.9569,1,109.43
14.9573,0,109.566
14.9583,1,109.627
14.9597,1,109.673
14.9602,0,109.746
14.9616,1,109.839
14.9621,0,109.777
14.963,0,109.805
14.964,1,109.984
14.9649,0,109.83
14.9663,1,110.111
14.9668,0,109.851
14.9682,1,110.222
14.9691,0,109.995
14.9701,0,109.995
14.9706,1,110.319
14.972,0,109.996
14.9725,1,110.28
14.9734,1,110.37
14.9743,0,110.121
14.9758,1,110.573
14.9762,0,110.231
14.9776,1,110.752
14.9786,0,110.327
14.9795,1,110.908
14.98,0,110.411
14.9809,0,110.235
14.9819,1,111.044
14.9833,0,110.331
14.9843,1,111.414
14.9852,0,110.289
14.9861,1,111.612
14.9871,0,110.253
14.9876,1,111.786
14.989,0,110.221
14.9899,1,111.937
14.9909,1,111.945
14.9913,0,110.319
14.9927,1,111.827
14.9932,0,110.529
14.9942,0,110.338
14.9951,1,111.974
14.9965,0,110.296
14.997,1,112.102
14.9984,0,110.384
14.9994,1,112.214
15.0003,1,112.187
15.0008,0,110.461
15.0022,1,112.164
15.0027,0,110.528
15.0036,0,110.462
15.0045,1,112.143
15.006,1,111.876
15.0064,0,110.654
15.0079,1,111.891
15.0083,0,110.573
15.0093,1,112.03
15.0102,0,110.626
15.0116,1,112.026
15.0126,1,111.898
15.013,0,110.798
15.0145,1,111.911
15.0149,0,110.698
15.0163,1,112.047
15.0168,0,110.611
15.0178,1,112.041
15.0187,0,110.534
15.0201,1,112.161
15.0211,0,110.718
15.022,1,112.141
15.023,0,110.628
15.0239,0,110.674
15.0244,1,112.248
15.0253,1,112.092
15.0263,0,110.84
15.0272,1,111.831
15.0286,0,111.11
15.0296,0,111.221
15.03,1,111.727
15.031,1,111.386
15.0324,0,111.444
15.0329,1,111.213
15.0343,0,111.763
15.0348,1,111.061
15.0357,0,111.793
15.0366,1,110.928
15.0381,0,111.944
15.039,1,110.937
15.0399,0,111.951
15.0409,0,111.832
15.0418,0,111.728
15.0428,1,111.07
15.0437,0,111.762
15.0447,1,110.936
15.0451,0,111.917
15.0466,1,110.819
15.0475,0,112.177
15.0484,0,112.28
15.0489,1,110.842
15.0503,0,112.12
15.0508,1,110.987
15.0517,1,110.988
15.0527,0,111.98
15.0541,1,110.99
15.0546,0,111.982
15.056,1,110.866
15.0569,0,111.985
15.0579,0,111.862
15.0584,1,110.883
15.0598,0,111.754
15.0607,1,111.022
15.0617,1,111.02
15.0621,0,111.91
15.0635,1,111.142
15.064,0,111.671
15.0654,0,111.462
15.0664,1,111.499
15.0673,1,111.687
15.0683,0,111.404
15.0692,1,111.851
15.0702,0,111.229
15.0711,0,110.95
15.0716,1,111.995
15.073,0,110.706
15.0739,1,112.245
15.0749,0,110.618
15.0753,1,112.465
15.0768,1,112.532
15.0772,0,110.666
15.0782,0,110.458
15.0791,1,112.59
15.0801,0,110.4
15.0815,1,112.641
15.0824,0,110.475
15.0834,1,112.686
15.0843,0,110.416
15.0848,1,112.6
15.0862,1,112.65
15.0867,0,110.364
15.0881,1,112.694
15.0886,0,110.318
15.0895,1,112.607
15.0909,0,110.279
15.0919,1,112.531
15.0928,0,110.494
15.0938,1,112.465
15.0947,1,112.157
15.0952,0,110.682
15.0961,0,110.722
15.0971,1,112.012
15.098,0,110.757
15.0989,1,111.886
15.1004,0,110.912
15.1013,1,111.9
15.1023,0,110.923
15.1032,1,112.038
15.1041,1,112.033
15.1046,0,110.933
15.1056,0,110.941
15.1065,1,111.904
15.1074,0,110.948
15.1084,1,111.916
15.1098,0,110.955
15.1107,1,111.801
15.1117,0,110.961
15.1126,0,110.84
15.1131,1,111.951
15.1141,1,111.957
15.115,0,110.86
15.1159,1,111.838
15.1174,0,110.878
15.1183,1,111.983
15.1192,0,110.893
15.1202,1,112.11
15.1211,1,112.096
15.1216,0,110.906
15.1225,0,110.668
15.1235,1,112.084
15.1244,0,110.585
15.1254,1,112.199
15.1268,0,110.512
15.1277,1,112.299
15.1287,0,110.448
15.1296,1,112.387
15.1306,1,112.463
15.131,0,110.392
15.132,0,110.218
15.1329,1,112.405
15.1339,0,110.19
15.1353,1,112.48
15.1362,0,110.167
15.1372,1,112.545
15.1381,1,112.602
15.1386,0,110.146
15.1395,0,110.128
15.1405,1,112.651
15.1414,0,109.987
15.1424,1,112.57
15.1438,0,109.863
15.1447,1,112.749
15.1457,0,109.88
15.1466,1,112.905
15.1476,1,112.917
15.148,0,109.895
15.149,0,109.783
15.1499,1,112.927
15.1509,0,109.811
15.1518,1,112.811
15.1532,0,110.084
15.1542,1,112.71
15.1551,0,110.324
15.1561,1,112.621
15.157,1,112.419
15.1575,0,110.533
15.1584,0,110.592
15.1594,1,112.241
15.1603,0,110.768
15.1617,1,112.086
15.1627,0,110.922
15.1636,1,112.075
15.1646,1,111.816
15.165,0,111.181
15.166,0,111.159
15.1669,1,111.714
15.1679,0,111.139
15.1688,1,111.5
15.1702,0,111.372
15.1712,1,111.437
15.1721,0,111.575
15.1731,1,111.508
15.174,1,111.319
15.1745,0,111.628
15.1754,0,111.55
15.1764,1,111.154
15.1773,0,111.606
15.1782,1,111.135
15.1797,0,111.53
15.1806,1,111.118
15.1815,0,111.464
15.1825,0,111.406
15.183,1,111.103
15.1839,1,110.965
15.1849,0,111.48
15.1858,1,110.845
15.1872,0,111.67
15.1882,1,110.989
15.1891,0,111.711
15.19,1,110.991
15.191,1,110.742
15.1915,0,111.872
15.1924,0,111.888
15.1933,1,110.649
15.1943,0,111.902
15.1952,1,110.693
15.1967,0,111.915
15.1976,1,110.731
15.1985,0,111.925
15.1995,1,110.765
15.2004,1,110.794
15.2009,0,111.935
15.2018,0,111.818
15.2028,1,110.82
15.2037,0,111.716
15.2047,1,110.842
15.2061,0,111.626
15.207,1,111.112
15.208,1,110.973
15.2085,0,111.673
15.2094,0,111.589
15.2103,1,111.101
15.2113,0,111.515
15.2122,1,111.089
15.2136,0,111.451
15.2146,1,111.078
15.2155,0,111.394
15.2165,1,111.193
15.2174,1,111.169
15.2179,0,111.47
15.2188,0,111.411
15.2198,1,111.148
15.2207,0,111.36
15.2217,1,111.129
15.2231,0,111.44
15.224,1,111.113
15.225,0,111.51
15.2259,1,111.099
15.2269,1,111.087
15.2273,0,111.696
15.2283,0,111.609
15.2292,1,111.076
15.2302,0,111.533
15.2316,1,111.066
15.2325,0,111.466
15.2335,1,111.183
15.2344,1,111.16
15.2349,0,111.533
15.2358,0,111.466
15.2368,1,111.14
15.2377,0,111.408
15.2387,1,111.123
15.2401,0,111.482
15.241,1,111.232
15.242,0,111.297
15.2429,1,111.328
15.2439,1,111.287
15.2443,0,111.51
15.2453,0,111.571
15.2462,1,111.251
15.2472,0,111.5
15.2481,1,111.22
15.2495,0,111.437
15.2505,1,111.317
15.2514,0,111.508
15.2523,0,111.444
15.2528,1,111.403
15.2538,1,111.352
15.2547,0,111.389
15.2557,1,111.308
15.2571,0,111.465
15.258,1,111.395
15.259,0,111.282
15.2599,1,111.47
15.2608,1,111.412
15.2613,0,111.497
15.2623,0,111.56
15.2632,1,111.485
15.2641,0,111.49
15.2651,1,111.425
15.2665,0,111.428
15.2675,1,111.371
15.2684,0,111.625
15.2693,1,111.45
15.2703,1,111.394
15.2708,0,111.797
15.2717,0,111.947
15.2726,1,111.345
15.2736,0,112.079
15.2745,1,111.301
15.2759,0,112.194
15.2769,1,111.389
15.2778,0,112.17
15.2788,0,112.273
15.2793,1,111.59
15.2802,1,111.641
15.2811,0,112.489
15.2821,1,111.561
15.2835,0,112.553
15.2844,1,111.491
15.2854,0,112.609
15.2863,1,111.68
15.2873,1,111.97
15.2877,0,112.658
15.2887,0,112.701
15.2896,1,112.099
15.2906,0,112.738
15.2915,1,112.211
15.2929,0,112.771
15.2939,1,112.31
15.2948,0,112.799
15.2958,1,112.396
15.2967,1,112.472
15.2972,0,113.075
15.2981,0,113.19
15.2991,1,112.663
15.3,0,113.166
15.3014,1,112.705
15.3024,0,113.146
15.3033,1,112.742
15.3043,1,112.899
15.3047,0,113.127
15.3057,0,113.111
15.3066,1,112.912
15.3076,0,113.098
15.3085,1,112.923
15.3099,0,113.085
15.3109,1,112.932
15.3118,0,113.075
15.3128,1,112.941
15.3137,1,112.948
15.3142,0,113.19
15.3151,0,113.292
15.3161,1,113.08
15.317,0,113.38
15.318,1,113.07
15.3194,0,113.333
15.3203,1,113.061
15.3213,0,113.291
15.3222,1,113.303
15.3231,1,113.265
15.3236,0,113.38
15.3246,0,113.332
15.3255,1,113.232
15.3269,0,113.291
15.3279,1,113.203
15.3288,0,113.254
15.3298,1,113.178
15.3307,1,113.156
15.3312,0,113.348
15.3321,0,113.429
15.3331,1,113.261
15.334,0,113.5
15.3349,1,113.229
15.3364,0,113.438
15.3373,1,113.2
15.3383,0,113.508
15.3392,1,113.3
15.3401,1,113.387
15.3406,0,113.445
15.3416,0,113.389
15.3425,1,113.339
15.3434,0,113.34
15.3444,1,113.297
15.3458,0,113.298
15.3467,1,113.26
15.3477,0,113.261
15.3486,0,113.228
15.3491,1,113.477
15.3501,1,113.542
15.351,0,113.2
15.3519,1,113.475
15.3534,0,113.175
15.3543,1,113.415
15.3552,0,113.278
15.3562,1,113.488
15.3571,1,113.552
15.3576,0,113.243
15.3585,0,113.213
15.3595,1,113.483
15.3604,0,113.186
15.3614,1,113.423
15.3628,0,113.163
15.3637,1,113.37
15.3647,0,113.142
15.3656,1,113.324
15.3666,1,113.283
15.367,0,113.375
15.368,0,113.328
15.3689,1,113.248
15.3699,0,113.162
15.3713,1,113.217
15.3722,0,113.267
15.3732,1,113.315
15.3741,1,113.4
15.3746,0,113.233
15.3755,0,113.204
15.3765,1,113.35
15.3774,0,113.179
15.3784,1,113.307
15.3798,0,113.156
15.3807,1,113.268
15.3817,0,113.137
15.3826,1,113.235
15.3836,1,113.205
15.384,0,113.245
15.385,0,113.214
15.3859,1,113.18
15.3869,0,113.187
15.3878,1,113.157
15.3892,0,113.289
15.3902,1,113.263
15.3911,0,113.378
15.3921,1,113.23
15.393,1,113.201
15.3935,0,113.581
15.3944,0,113.508
15.3954,1,113.176
15.3963,0,113.444
15.3977,1,113.154
15.3987,0,113.389
15.3996,1,113.135
15.4006,1,113.118
15.401,0,113.465
15.402,0,113.407
15.4029,1,113.103
15.4039,0,113.356
15.4048,1,113.09
15.4062,0,113.437
15.4072,1,113.204
15.4081,0,113.507
15.4091,1,113.303
15.41,1,113.266
15.4105,0,113.444
15.4114,0,113.388
15.4124,1,113.232
15.4133,0,113.34
15.4142,1,113.203
15.4157,0,113.297
15.4166,1,113.178
15.4175,0,113.26
15.4185,0,113.228
15.419,1,113.281
15.4199,1,113.246
15.4209,0,113.199
15.4218,1,113.215
15.4232,0,113.299
15.4242,1,113.313
15.4251,0,113.387
15.426,1,113.399
15.427,1,113.349
15.4275,0,113.338
15.4284,0,113.296
15.4293,1,113.305
15.4303,0,113.259
15.4312,1,113.392
15.4327,0,113.227
15.4336,1,113.343
15.4345,0,113.198
15.4355,1,113.3
15.4364,1,113.263
15.4369,0,113.174
15.4378,0,113.152
15.4388,1,113.23
15.4397,0,113.133
15.4407,1,113.201
15.4421,0,113.241
15.443,1,113.301
15.444,1,113.263
15.4445,0,113.211
15.4454,0,113.185
15.4463,1,113.23
15.4473,0,113.162
15.4482,1,113.327
15.4496,0,113.141
15.4506,1,113.286
15.4515,0,113.124
15.4525,1,113.25
15.4534,1,113.219
15.4539,0,113.108
15.4548,0,113.095
15.4558,1,113.191
15.4567,0,113.083
15.4577,1,113.168
15.4591,0,113.198
15.46,1,113.272
15.461,0,113.173
15.4619,1,113.113
15.4629,1,112.974
15.4633,0,113.401
15.4643,0,113.476
15.4652,1,113.102
15.4662,0,113.417
15.4676,1,113.089
15.4685,0,113.365
15.4695,1,113.078
15.4704,1,113.068
15.4709,0,113.319
15.4718,0,113.279
15.4728,1,113.06
15.4737,0,113.244
15.4747,1,113.052
15.4761,0,113.339
15.477,1,113.171
15.478,0,113.296
15.4789,1,113.149
15.4799,1,113.131
15.4803,0,113.259
15.4813,0,113.352
15.4822,1,113.239
15.4832,0,113.433
15.4841,1,113.209
15.4855,0,113.379
15.4865,1,113.183
15.4874,0,113.331
15.4883,0,113.29
15.4888,1,113.285
15.4898,1,113.25
15.4907,0,113.254
15.4917,1,113.218
15.4931,0,113.347
15.494,1,113.316
15.495,0,113.304
15.4959,1,113.277
15.4968,1,113.242
15.4973,0,113.266
15.4983,0,113.357
15.4992,1,113.337
15.5001,0,113.438
15.5011,1,113.42
15.5025,0,113.383
15.5035,1,113.367
15.5044,0,113.335
15.5053,1,113.321
15.5063,1,113.281
15.5068,0,113.293
15.5077,0,113.257
15.5086,1,113.246
15.5096,0,113.225
15.5105,1,113.215
15.5119,0,113.196
15.5129,1,113.188
15.5138,0,113.047
15.5148,0,113.041
15.5153,1,113.415
15.5162,1,113.488
15.5171,0,113.161
15.5181,1,113.552
15.5195,0,113.141
15.5204,1,113.483
15.5214,0,113.123
15.5223,1,113.423
15.5233,1,113.495
15.5237,0,113.108
15.5247,0,113.094
15.5256,1,113.433
15.5266,0,113.083
15.5275,1,113.379
15.5289,0,113.072
15.5299,1,113.331
15.5308,0,113.063
15.5318,1,113.29
15.5327,1,113.254
15.5332,0,113.305
15.5341,0,113.392
15.5351,1,113.347
15.536,0,113.343
15.5374,1,113.304
15.5384,0,113.3
15.5393,1,113.266
15.5403,1,113.357
15.5407,0,113.263
15.5417,0,113.23
15.5426,1,113.313
15.5436,0,113.201
15.5445,1,113.274
15.5459,0,113.176
15.5469,1,113.239
15.5478,0,113.154
15.5488,1,113.21
15.5497,1,113.183
15.5502,0,113.26
15.5511,0,113.352
15.5521,1,113.285
15.553,0,113.433
15.554,1,113.25
15.5554,0,113.379
15.5563,1,113.219
15.5573,0,113.332
15.5582,1,113.441
15.5591,1,113.386
15.5596,0,113.415
15.5606,0,113.363
15.5615,1,113.338
15.5629,0,113.318
15.5639,1,113.296
15.5648,0,113.278
15.5658,1,113.259
15.5667,1,113.226
15.5672,0,113.368
15.5681,0,113.447
15.5691,1,113.323
15.57,0,113.516
15.5709,1,113.283
15.5724,0,113.452
15.5733,1,113.247
15.5743,0,113.52
15.5752,1,113.341
15.5761,1,113.424
15.5766,0,113.455
15.5776,0,113.398
15.5785,1,113.371
15.5794,0,113.349
15.5804,1,113.324
15.5818,0,113.305
15.5827,1,113.284
15.5837,0,113.267
15.5846,0,113.234
15.5851,1,113.498
15.5861,1,113.561
15.587,0,113.204
15.5879,1,113.491
15.5894,0,113.179
15.5903,1,113.43
15.5912,0,113.281
15.5922,1,113.501
15.5931,1,113.563
15.5936,0,113.246
15.5945,0,113.215
15.5955,1,113.493
15.5964,0,113.189
15.5974,1,113.431
15.5988,0,113.165
15.5997,1,113.377
15.6007,0,113.144
15.6016,1,113.33
15.6026,1,113.289
15.603,0,113.376
15.604,0,113.329
15.6049,1,113.253
15.6059,0,113.163
15.6073,1,113.221
15.6082,0,113.268
15.6092,1,113.319
15.6101,1,113.404
15.6106,0,113.234
15.6115,0,113.205
15.6125,1,113.353
15.6134,0,113.179
15.6144,1,113.309
15.6158,0,113.157
15.6167,1,113.27
15.6177,0,113.137
15.6186,1,113.237
15.6196,1,113.207
15.62,0,113.245
15.621,0,113.215
15.6219,1,113.181
15.6229,0,113.188
15.6238,1,113.159
15.6252,0,113.289
15.6262,1,113.264
15.6271,0,113.378
15.6281,1,113.231
15.629,1,113.202
15.6295,0,113.581
15.6304,0,113.508
15.6314,1,113.177
15.6323,0,113.445
15.6337,1,113.155
15.6347,0,113.389
15.6356,1,113.135
15.6366,1,113.118
15.637,0,113.465
15.638,0,113.407
15.6389,1,113.104
15.6399,0,113.356
15.6408,1,113.091
15.6422,0,113.437
15.6432,1,113.204
15.6441,0,113.507
15.6451,1,113.304
15.646,1,113.266
15.6465,0,113.444
15.6474,0,113.388
15.6484,1,113.233
15.6493,0,113.34
15.6502,1,113.203
15.6517,0,113.297
15.6526,1,113.178
15.6535,0,113.26
15.6545,0,113.228
15.655,1,113.281
15.6559,1,113.246
15.6569,0,113.199
15.6578,1,113.215
15.6592,0,113.299
15.6602,1,113.313
15.6611,0,113.387
15.662,1,113.399
15.663,1,113.349
15.6635,0,113.339
15.6644,0,113.296
15.6653,1,113.305
15.6663,0,113.259
15.6672,1,113.392
15.6687,0,113.227
15.6696,1,113.343
15.6705,0,113.198
15.6715,1,113.3
15.6724,1,113.263
15.6729,0,113.174
15.6738,0,113.152
15.6748,1,113.23
15.6757,0,113.133
15.6767,1,113.201
15.6781,0,113.241
15.679,1,113.301
15.68,1,113.263
15.6805,0,113.211
15.6814,0,113.185
15.6823,1,113.23
15.6833,0,113.162
15.6842,1,113.327
15.6856,0,113.141
15.6866,1,113.286
15.6875,0,113.124
15.6885,1,113.25
15.6894,1,113.219
15.6899,0,113.108
15.6908,0,113.095
15.6918,1,113.191
15.6927,0,113.083
15.6937,1,113.168
15.6951,0,113.198
15.696,1,113.272
15.697,0,113.173
15.6979,1,113.113
15.6989,1,112.974
15.6993,0,113.401
15.7003,0,113.476
15.7012,1,113.102
15.7022,0,113.417
15.7036,1,113.089
15.7045,0,113.365
15.7055,1,113.078
15.7064,1,113.068
15.7069,0,113.319
15.7078,0,113.279
15.7088,1,113.06
15.7097,0,113.244
15.7107,1,113.052
15.7121,0,113.339
15.713,1,113.171
15.714,0,113.546
15.7149,1,113.149
15.7159,1,113.131
15.7163,0,113.853
15.7173,0,113.871
15.7182,1,113.239
15.7192,0,114.137
15.7201,1,113.209
15.7215,0,114.37
15.7225,1,113.183
15.7234,0,114.449
15.7243,0,114.393
15.7248,1,113.285
15.7258,1,113.25
15.7267,0,114.469
15.7277,1,113.218
15.7291,0,114.66
15.73,1,113.316
15.731,0,114.703
15.7319,1,113.277
15.7328,1,113.367
15.7333,0,114.865
15.7343,0,114.757
15.7352,1,113.696
15.7361,0,114.912
15.7371,1,113.984
15.7385,0,115.048
15.7395,1,114.236
15.7404,0,115.042
15.7413,1,114.332
15.7423,1,114.29
15.7428,0,115.037
15.7437,0,114.907
15.7446,1,114.379
15.7456,0,114.919
15.7465,1,114.457
15.7479,0,114.929
15.7489,1,114.524
15.7498,0,114.938
15.7508,0,114.696
15.7513,1,114.709
15.7522,1,114.87
15.7531,0,114.859
15.7541,1,115.012
15.7555,0,115.001
15.7564,1,115.135
15.7574,0,115.001
15.7583,1,115.118
15.7593,1,114.978
15.7597,0,115.001
15.7607,0,114.876
15.7616,1,115.106
15.7626,0,114.891
15.7635,1,115.093
15.7649,0,114.905
15.7659,1,115.081
15.7668,0,114.917
15.7678,1,115.071
15.7687,1,114.937
15.7692,0,115.052
15.7701,0,115.171
15.7711,1,115.07
15.772,0,115.274
15.7734,1,115.186
15.7744,0,115.24
15.7753,1,115.163
15.7763,1,115.018
15.7767,0,115.21
15.7777,0,115.059
15.7786,1,115.14
15.7796,0,115.051
15.7805,1,115.123
15.7819,0,115.045
15.7829,1,115.108
15.7838,0,115.039
15.7848,1,115.094
15.7857,1,114.957
15.7862,0,115.159
15.7871,0,115.14
15.7881,1,115.088
15.789,0,115.247
15.79,1,115.077
15.7914,0,115.341
15.7923,1,115.192
15.7933,0,115.299
15.7942,1,115.168
15.7951,1,115.272
15.7956,0,115.261
15.7966,0,115.229
15.7975,1,115.238
15.7989,0,115.2
15.7999,1,115.208
15.8008,0,115.175
15.8018,1,115.182
15.8027,1,115.034
15.8032,0,115.278
15.8041,0,115.243
15.8051,1,115.155
15.806,0,115.338
15.8069,1,115.136
15.8084,0,115.421
15.8093,1,115.244
15.8103,0,115.368
15.8112,1,115.213
15.8121,1,115.187
15.8126,0,115.447
15.8136,0,115.266
15.8145,1,115.288
15.8154,0,115.233
15.8164,1,115.252
15.8178,0,115.204
15.8187,1,115.221
15.8197,0,115.178
15.8206,0,115.031
15.8211,1,115.318
15.8221,1,115.403
15.823,0,115.027
15.8239,1,115.353
15.8254,0,115.149
15.8263,1,115.434
15.8272,0,115.13
15.8282,1,115.38
15.8291,1,115.332
15.8296,0,115.239
15.8305,0,115.084
15.8315,1,115.416
15.8324,0,115.074
15.8334,1,115.364
15.8348,0,115.064
15.8357,1,115.318
15.8367,0,115.056
15.8376,1,115.278
15.8386,1,115.119
15.839,0,115.174
15.84,0,115.152
15.8409,1,115.104
15.8419,0,115.133
15.8433,1,115.216
15.8442,0,115.117
15.8452,1,115.189
15.8461,1,115.165
15.8466,0,115.227
15.8475,0,115.074
15.8485,1,115.27
15.8494,0,115.065
15.8504,1,115.236
15.8518,0,115.056
15.8527,1,115.206
15.8537,0,115.049
15.8546,1,115.181
15.8556,1,115.033
15.856,0,115.168
15.857,0,115.022
15.8579,1,115.029
15.8589,0,115.019
15.8598,1,115.025
15.8612,0,115.142
15.8622,1,115.147
15.8631,0,115.249
15.8641,1,115.254
15.865,1,115.097
15.8655,0,115.343
15.8664,0,115.425
15.8674,1,115.085
15.8683,0,115.372
15.8697,1,115.074
15.8707,0,115.326
15.8716,1,115.065
15.8726,1,114.932
15.873,0,115.41
15.874,0,115.234
15.8749,1,114.94
15.8759,0,115.204
15.8768,1,114.948
15.8782,0,115.304
15.8792,1,115.079
15.8801,0,115.391
15.8811,1,115.194
15.882,1,115.045
15.8825,0,115.467
15.8834,0,115.284
15.8844,1,115.164
15.8853,0,115.248
15.8862,1,115.144
15.8877,0,115.217
15.8886,1,115.126
15.8895,0,115.19
15.8905,0,115.041
15.891,1,115.11
15.8919,1,115.096
15.8929,0,115.036
15.8938,1,115.084
15.8952,0,115.157
15.8962,1,115.199
15.8971,0,115.262
15.898,1,115.299
15.899,1,115.137
15.8995,0,115.354
15.9004,0,115.185
15.9013,1,115.245
15.9023,0,115.162
15.9032,1,115.214
15.9047,0,115.142
15.9056,1,115.312
15.9065,0,115.124
15.9075,1,115.273
15.9084,1,115.114
15.9089,0,115.108
15.9098,0,114.97
15.9108,1,115.1
15.9117,0,114.974
15.9127,1,115.087
15.9141,0,115.102
15.915,1,115.201
15.916,1,115.051
15.9165,0,115.214
15.9174,0,115.062
15.9183,1,115.17
15.9193,0,115.055
15.9202,1,115.149
15.9216,0,115.048
15.9226,1,115.255
15.9235,0,115.042
15.9245,1,115.223
15.9254,1,115.07
15.9259,0,115.037
15.9268,0,114.907
15.9278,1,115.061
15.9287,0,114.919
15.9297,1,115.054
15.9311,0,115.054
15.932,1,115.172
15.933,0,115.047
15.9339,1,115.151
15.9349,1,114.882
15.9353,0,115.166
15.9363,0,115.27
15.9372,1,114.897
15.9382,0,115.362
15.9396,1,115.034
15.9405,0,115.316
15.9415,1,115.03
15.9424,1,114.901
15.9429,0,115.277
15.9438,0,115.117
15.9448,1,114.914
15.9457,0,115.103
15.9467,1,114.924
15.9481,0,115.215
15.949,1,115.059
15.95,0,115.188
15.9509,1,115.052
15.9519,1,114.92
15.9523,0,115.289
15.9533,0,115.128
15.9542,1,115.055
15.9552,0,115.237
15.9561,1,115.173
15.9575,0,115.333
15.9585,1,115.152
15.9594,0,115.291
15.9603,0,115.13
15.9608,1,115.133
15.9618,1,115.116
15.9627,0,115.113
15.9637,1,115.102
15.9651,0,115.224
15.966,1,115.214
15.967,0,115.196
15.9679,1,115.187
15.9688,1,115.039
15.9693,0,115.297
15.9703,0,115.135
15.9712,1,115.159
15.9721,0,115.243
15.9731,1,115.264
15.9745,0,115.337
15.9755,1,115.356
15.9764,0,115.295
15.9773,1,115.312
15.9783,1,115.148
15.9788,0,115.258
15.9797,0,115.101
15.9806,1,115.129
15.9816,0,115.088
15.9825,1,115.113
15.9839,0,115.077
15.9849,1,115.099
15.9858,0,115.068
15.9868,0,114.809
15.9873,1,115.212
15.9882,1,115.31
15.9891,0,114.958
15.9901,1,115.396
15.9915,0,115.088
15.9924,1,115.472
15.9934,0,115.077
15.9943,1,115.413
15.9953,1,115.236
15.9957,0,115.068
15.9967,0,114.934
15.9976,1,115.332
15.9986,0,114.942
15.9995,1,115.29
16.0009,0,114.95
16.0019,1,115.254
16.0028,0,114.956
16.0038,1,115.222
16.0047,1,115.069
16.0052,0,115.086
16.0061,0,115.201
16.0071,1,115.186
16.008,0,115.301
16.0094,1,115.288
16.0104,0,115.263
16.0113,1,115.252
16.0123,1,115.095
16.0127,0,115.23
16.0137,0,115.076
16.0146,1,115.208
16.0156,0,115.067
16.0165,1,115.182
16.0179,0,115.058
16.0189,1,115.159
16.0198,0,115.051
16.0208,1,115.14
16.0217,1,114.997
16.0222,0,115.17
16.0231,0,115.149
16.0241,1,115.122
16.025,0,115.255
16.026,1,115.107
16.0274,0,115.348
16.0283,1,115.219
16.0293,0,115.305
16.0302,1,115.191
16.0311,1,115.292
16.0316,0,115.267
16.0326,0,115.233
16.0335,1,115.256
16.0349,0,115.204
16.0359,1,115.224
16.0368,0,115.179
16.0378,1,115.196
16.0387,1,115.046
16.0392,0,115.281
16.0401,0,115.246
16.0411,1,115.166
16.042,0,115.34
16.0429,1,115.145
16.0444,0,115.423
16.0453,1,115.252
16.0463,0,115.37
16.0472,1,115.22
16.0481,1,115.193
16.0486,0,115.449
16.0496,0,115.268
16.0505,1,115.294
16.0514,0,115.234
16.0524,1,115.257
16.0538,0,115.205
16.0547,1,115.225
16.0557,0,115.179
16.0566,0,115.032
16.0571,1,115.322
16.0581,1,115.407
16.059,0,115.028
16.0599,1,115.356
16.0614,0,115.149
16.0623,1,115.436
16.0632,0,115.131
16.0642,1,115.382
16.0651,1,115.334
16.0656,0,115.239
16.0665,0,115.084
16.0675,1,115.417
16.0684,0,115.074
16.0694,1,115.365
16.0708,0,115.065
16.0717,1,115.319
16.0727,0,115.057
16.0736,1,115.28
16.0746,1,115.12
16.075,0,115.175
16.076,0,115.153
16.0769,1,115.105
16.0779,0,115.134
16.0793,1,115.217
16.0802,0,115.117
16.0812,1,115.189
16.0821,1,115.166
16.0826,0,115.227
16.0835,0,115.074
16.0845,1,115.27
16.0854,0,115.065
16.0864,1,115.236
16.0878,0,115.057
16.0887,1,115.207
16.0897,0,115.049
16.0906,1,115.181
16.0916,1,115.033
16.092,0,115.168
16.093,0,115.022
16.0939,1,115.029
16.0949,0,115.019
16.0958,1,115.026
16.0972,0,115.142
16.0982,1,115.147
16.0991,0,115.249
16.1001,1,115.254
16.101,1,115.097
16.1015,0,115.343
16.1024,0,115.425
16.1034,1,115.085
16.1043,0,115.372
16.1057,1,115.074
16.1067,0,115.326
16.1076,1,115.065
16.1086,1,114.932
16.109,0,115.41
16.11,0,115.234
16.1109,1,114.94
16.1119,0,115.204
16.1128,1,114.948
16.1142,0,115.304
16.1152,1,115.079
16.1161,0,115.391
16.1171,1,115.194
16.118,1,115.045
16.1185,0,115.467
16.1194,0,115.284
16.1204,1,115.165
16.1213,0,115.248
16.1222,1,115.144
16.1237,0,115.217
16.1246,1,115.126
16.1255,0,115.19
16.1265,0,115.041
16.127,1,115.11
16.1279,1,115.096
16.1289,0,115.036
16.1298,1,115.084
16.1312,0,115.157
16.1322,1,115.199
16.1331,0,115.262
16.134,1,115.299
16.135,1,115.137
16.1355,0,115.354
16.1364,0,115.185
16.1373,1,115.245
16.1383,0,115.162
16.1392,1,115.214
16.1407,0,115.142
16.1416,1,115.312
16.1425,0,115.124
16.1435,1,115.273
16.1444,1,115.114
16.1449,0,115.108
16.1458,0,114.97
16.1468,1,115.1
16.1477,0,114.974
16.1487,1,115.087
16.1501,0,115.102
16.151,1,115.201
16.152,1,115.051
16.1525,0,115.214
16.1534,0,115.062
16.1543,1,115.17
16.1553,0,115.055
16.1562,1,115.149
16.1576,0,115.048
16.1586,1,115.255
16.1595,0,115.042
16.1605,1,115.223
16.1614,1,115.07
16.1638,1,115.061
16.1657,1,115.054
16.168,1,115.172
16.1699,1,115.151
16.1709,1,114.882
16.1732,1,114.897
16.1756,1,115.034
16.1775,1,115.03
16.2756,0,114.912
16.2775,0,114.923
16.2799,0,114.682
16.2808,0,114.347
16.2827,0,113.929
16.2851,0,113.563
16.287,0,112.992
16.2893,0,112.618
16.2917,1,114.776
16.2922,0,112.416
16.2936,1,114.554
16.2945,0,112.114
16.295,1,114.11
16.2959,1,113.471
16.2969,0,111.6
16.2978,1,112.787
16.2992,1,112.064
16.2997,0,111.275
16.3007,0,110.74
16.3021,0,110.273
16.3025,1,111.556
16.304,1,110.861
16.3049,0,109.739
16.3059,1,110.254
16.3068,0,109.146
16.3077,1,109.597
16.3087,0,108.628
16.3096,1,109.022
16.3101,0,108.05
16.311,1,108.27
16.312,0,107.168
16.3129,1,107.361
16.3139,0,106.397
16.3148,1,106.566
16.3158,0,105.598
16.3172,1,105.87
16.3181,0,105.023
16.3191,1,105.136
16.32,0,104.395
16.321,1,104.369
16.3219,0,103.721
16.3228,1,103.573
16.3238,0,103.006
16.3247,1,102.876
16.3252,0,102.38
16.3261,1,102.017
16.3271,0,101.582
16.328,1,101.14
16.329,0,100.635
16.3299,1,100.247
16.3309,0,99.8053
16.3323,1,99.4664
16.3332,0,99.0796
16.3342,1,98.7831
16.3351,0,98.3197
16.3361,1,98.0602
16.337,0,97.6547
16.3379,1,97.3027
16.3389,0,96.9479
16.3398,1,96.5149
16.3403,0,96.2044
16.3413,1,95.5755
16.3422,0,95.3038
16.3431,1,94.7536
16.3441,0,94.5159
16.345,1,93.9094
16.346,0,93.5764
16.3474,1,93.0457
16.3483,0,92.7543
16.3493,1,92.415
16.3502,0,92.035
16.3512,1,91.7381
16.3521,0,91.4057
16.3526,1,90.8958
16.354,0,90.355
16.3549,1,90.1589
16.3554,0,89.5606
16.3568,1,89.264
16.3573,0,88.8655
16.3582,0,88.1323
16.3592,1,88.481
16.3601,0,87.4908
16.3615,1,87.7959
16.362,0,87.1794
16.363,0,86.657
16.3644,0,86.3249
16.3653,1,87.3214
16.3663,0,86.0343
16.3672,1,86.9062
16.3677,0,85.53
16.3691,1,86.2929
16.37,0,85.3387
16.371,1,85.7563
16.3719,1,85.1618
16.3729,1,84.6416
16.3733,0,85.1714
16.3748,1,84.1864
16.3757,0,84.9
16.3767,1,84.0381
16.3776,1,83.9083
16.3785,0,84.7875
16.3795,1,83.9198
16.3804,1,83.8048
16.3814,0,84.814
16.3823,0,84.5873
16.3833,0,84.3889
16.3842,0,84.0903
16.3847,1,83.9542
16.3856,1,83.8349
16.387,0,83.954
16.3875,1,83.8556
16.3889,0,83.7097
16.3894,1,83.8736
16.3908,0,83.496
16.3913,1,83.8894
16.3927,0,83.309
16.3932,1,83.9032
16.3946,0,83.2704
16.3951,1,83.9153
16.3965,0,83.2366
16.3969,1,83.9259
16.3979,1,83.8102
16.3988,0,83.207
16.3998,1,83.5839
16.4007,0,83.0561
16.4017,1,83.3859
16.4026,0,82.9241
16.4036,1,83.3377
16.4045,0,82.9336
16.4054,1,83.2955
16.4064,0,82.9419
16.4073,1,83.2585
16.4083,0,82.9492
16.4092,1,83.2262
16.4102,0,82.9555
16.4111,1,83.1979
16.4121,0,83.0861
16.413,1,83.1732
16.4139,0,83.0753
16.4149,1,83.0265
16.4158,0,82.9409
16.4168,1,82.8982
16.4177,0,82.8233
16.4187,1,82.7859
16.4196,0,82.7204
16.4205,1,82.8127
16.4215,0,82.7553
16.4224,1,82.8361
16.4234,0,82.7859
16.4243,1,82.8566
16.4253,0,82.8127
16.4267,1,82.8745
16.4272,0,83.0861
16.4286,1,82.8902
16.429,0,83.3253
16.4305,1,82.9039
16.4309,0,83.5347
16.4323,1,82.9159
16.4328,0,83.5928
16.4342,1,82.9264
16.4347,0,83.6437
16.4361,1,83.0606
16.4366,0,83.6883
16.438,1,83.1781
16.4385,0,83.8522
16.4399,1,83.1558
16.4404,0,83.9957
16.4413,0,83.9962
16.4427,1,83.1363
16.4437,0,84.1217
16.4446,1,83.3693
16.4456,0,84.2315
16.4465,0,84.2026
16.4475,0,84.3022
16.4484,1,83.8231
16.4493,0,84.3895
16.4503,1,83.9702
16.4512,0,84.4658
16.4522,1,84.099
16.4531,0,84.6576
16.4541,1,84.2116
16.455,1,84.3101
16.4559,1,84.2714
16.4569,0,84.8254
16.4578,1,84.3624
16.4588,0,84.8472
16.4597,1,84.4421
16.4607,1,84.3869
16.4616,0,84.9913
16.4626,1,84.4635
16.4635,1,84.4056
16.4644,0,85.1174
16.4654,0,84.9777
16.4663,0,84.8555
16.4673,0,84.7486
16.4682,1,84.8549
16.4692,1,84.873
16.4701,0,84.905
16.4711,0,84.7919
16.4715,1,85.0139
16.4729,0,84.6929
16.4734,1,85.1372
16.4748,0,84.6063
16.4753,1,85.245
16.4767,0,84.5305
16.4772,1,85.3394
16.4786,0,84.4642
16.4791,1,85.422
16.4805,0,84.4062
16.481,1,85.3692
16.4819,1,85.3231
16.4833,0,84.4804
16.4838,1,85.4077
16.4852,0,84.5453
16.4857,1,85.4817
16.4866,1,85.4215
16.4876,0,84.6022
16.4885,1,85.3688
16.4895,0,84.6519
16.4904,1,85.3227
16.4913,0,84.6954
16.4923,1,85.2824
16.4932,0,84.7335
16.4942,1,85.2471
16.4951,0,84.7668
16.4961,1,85.2162
16.497,0,84.7959
16.498,1,85.1892
16.4989,0,84.8215
16.4998,1,85.1655
16.5008,0,84.8438
16.5017,1,85.1448
16.5027,0,84.8633
16.5036,1,85.1267
16.5046,0,84.8804
16.5055,1,85.1109
16.5065,0,84.8953
16.5074,1,85.097
16.5083,0,84.9084
16.5093,1,85.0849
16.5102,0,84.9199
16.5112,1,85.0743
16.5121,0,84.9299
16.5131,1,85.065
16.514,0,84.9386
16.5149,1,84.9319
16.5159,0,84.9463
16.5173,1,84.9404
16.5178,0,85.203
16.5192,1,84.9478
16.5197,0,85.4276
16.5211,1,84.9544
16.5216,0,85.6242
16.523,1,84.8351
16.5234,0,85.7962
16.5249,1,84.8557
16.5253,0,85.9466
16.5263,0,85.9533
16.5277,1,84.8737
16.5282,0,86.0841
16.5296,1,84.8895
16.5301,0,86.1986
16.531,0,86.0488
16.5319,0,85.9177
16.5334,1,84.9033
16.5343,0,86.053
16.5352,1,85.1654
16.5362,0,86.1714
16.5371,1,85.3947
16.5381,0,86.2749
16.539,1,85.5954
16.54,1,85.521
16.5409,1,85.4558
16.5419,0,86.4906
16.5428,1,85.6489
16.5437,0,86.5543
16.5447,1,85.8178
16.5456,1,85.8405
16.5466,0,86.735
16.5475,1,85.9855
16.5485,1,85.9873
16.5494,0,86.8931
16.5503,0,86.7815
16.5513,0,86.6838
16.5522,0,86.5983
16.5532,1,86.4889
16.5541,1,86.4278
16.5551,0,86.7735
16.556,0,86.6768
16.557,1,86.4993
16.5579,0,86.5922
16.5588,1,86.5619
16.5598,0,86.6432
16.5607,0,86.5628
16.5612,1,86.7416
16.5626,0,86.4924
16.5631,1,86.8989
16.5645,0,86.4309
16.565,1,86.9116
16.5664,0,86.377
16.5669,1,86.9226
16.5678,1,86.9323
16.5692,0,86.3299
16.5697,1,87.0658
16.5711,0,86.2887
16.5716,1,87.1825
16.5725,1,87.1597
16.5739,0,86.2526
16.5744,1,87.2648
16.5758,0,86.221
16.5763,1,87.3567
16.5777,0,86.1934
16.5782,1,87.4371
16.5791,1,87.3824
16.5801,0,86.2942
16.581,1,87.3346
16.582,0,86.2574
16.5829,1,87.1678
16.5839,0,86.2253
16.5848,1,87.1468
16.5857,0,86.3221
16.5867,1,87.1285
16.5876,0,86.4068
16.5886,1,87.1124
16.5895,0,86.481
16.5905,1,87.0984
16.5914,0,86.5459
16.5924,1,87.0861
16.5933,0,86.6026
16.5942,1,87.0753
16.5952,0,86.6523
16.5961,1,87.0659
16.5971,0,86.6958
16.598,1,87.0577
16.599,0,86.6088
16.5999,1,86.9254
16.6009,0,86.5327
16.6018,1,86.9348
16.6027,0,86.5911
16.6037,1,86.8179
16.6046,0,86.6422
16.6056,1,86.7157
16.6065,0,86.6869
16.6075,1,86.6262
16.6084,0,86.7261
16.6098,1,86.6729
16.6103,0,87.0103
16.6117,1,86.7138
16.6122,0,87.259
16.6131,0,87.3516
16.6145,1,86.7496
16.615,0,87.5577
16.6164,1,86.7809
16.6169,0,87.613
16.6178,0,87.5364
16.6188,0,87.5943
16.6202,1,86.8083
16.6207,0,87.77
16.6221,1,86.8322
16.6226,0,87.7988
16.624,1,86.7282
16.6249,0,87.8239
16.6259,1,86.8872
16.6268,1,86.9013
16.6278,1,87.0386
16.6287,0,88.0959
16.6296,1,87.2838
16.6306,0,88.2089
16.6315,1,87.4983
16.6325,1,87.561
16.6334,0,88.4328
16.6344,1,87.7409
16.6353,1,87.7733
16.6363,0,88.6287
16.6372,0,88.5501
16.6381,0,88.4814
16.6391,0,88.4212
16.64,1,88.3016
16.641,1,88.1389
16.6419,0,88.4935
16.6429,0,88.3068
16.6438,1,88.2466
16.6447,0,88.2685
16.6457,1,88.3407
16.6466,0,88.3599
16.6476,0,88.3149
16.6485,1,88.5481
16.6495,0,88.4006
16.6504,1,88.6046
16.6514,0,88.4755
16.6523,1,88.654
16.6532,0,88.5411
16.6542,1,88.8223
16.6551,1,88.8445
16.6561,0,88.7234
16.657,0,88.633
16.6575,1,88.9889
16.6589,0,88.4289
16.6594,1,89.1153
16.6603,1,89.1009
16.6617,0,88.3753
16.6622,1,89.2133
16.6636,0,88.3284
16.6641,1,89.3116
16.6655,0,88.2873
16.666,1,89.2727
16.6669,1,89.1136
16.6683,0,88.2514
16.6688,1,89.0994
16.6702,0,88.345
16.6707,1,89.087
16.6721,0,88.4268
16.6726,1,89.2011
16.6735,1,89.176
16.6745,0,88.4985
16.6754,1,89.154
16.6764,0,88.5612
16.6773,1,89.1347
16.6783,0,88.616
16.6792,1,89.1179
16.6801,0,88.664
16.6811,1,89.1031
16.682,0,88.706
16.683,1,88.9652
16.6839,0,88.6178
16.6849,1,88.8446
16.6858,0,88.5405
16.6868,1,88.739
16.6877,0,88.598
16.6886,1,88.7716
16.6896,0,88.6482
16.6905,1,88.8002
16.6915,0,88.6922
16.6924,1,88.8252
16.6934,0,88.7307
16.6943,1,88.847
16.6953,0,88.7643
16.6962,1,88.8661
16.6971,0,88.7938
16.6981,1,88.8829
16.699,0,88.8196
16.7,1,88.7725
16.7009,0,88.7171
16.7019,0,88.6275
16.7028,1,88.6759
16.7037,0,88.5491
16.7047,1,88.5915
16.7056,0,88.6054
16.7066,0,88.7797
16.7075,0,88.9323
16.7089,1,88.5175
16.7094,0,89.1907
16.7108,1,88.4528
16.7113,0,89.4169
16.7127,1,88.5212
16.7132,0,89.6148
16.7146,1,88.5811
16.7155,1,88.6334
16.7165,1,88.6793
16.717,0,89.9129
16.7184,1,88.7194
16.7189,0,89.9238
16.7203,1,88.7544
16.7212,1,88.7851
16.7217,0,90.0583
16.7231,1,88.812
16.724,1,88.9605
16.725,0,90.176
16.7259,0,90.029
16.7269,0,89.9004
16.7278,0,89.7879
16.7288,1,89.4654
16.7297,1,89.4072
16.7307,0,89.9394
16.7316,0,89.947
16.7325,1,89.7313
16.7335,0,90.0786
16.7344,1,89.8899
16.7354,0,90.1938
16.7363,0,90.1695
16.7373,1,90.1537
16.7382,0,90.2733
16.7391,1,90.2595
16.7401,0,90.3642
16.741,1,90.352
16.742,0,90.3187
16.7429,1,90.308
16.7439,1,90.1445
16.7448,0,90.4038
16.7458,0,90.2283
16.7467,1,90.2515
16.7476,0,90.1998
16.7486,1,90.345
16.7495,1,90.3019
16.7505,0,90.4248
16.7514,1,90.3892
16.7524,0,90.4967
16.7533,1,90.4655
16.7543,0,90.5596
16.7552,1,90.5323
16.7561,1,90.5908
16.7571,0,90.7397
16.758,0,90.6472
16.7585,1,90.7669
16.7599,0,90.4413
16.7604,1,90.9211
16.7618,0,90.2611
16.7623,1,91.0559
16.7632,1,91.0489
16.7646,0,90.2285
16.7651,1,91.1678
16.7665,0,90.1999
16.767,1,91.1468
16.7684,0,90.1749
16.7689,1,91.1285
16.7703,0,90.1531
16.7708,1,91.1124
16.7722,0,90.1339
16.7727,1,91.0984
16.7736,1,91.0861
16.7745,0,90.2422
16.7755,1,91.0753
16.7764,0,90.3369
16.7774,1,91.0659
16.7783,0,90.4198
16.7793,1,91.0577
16.7802,0,90.4923
16.7812,1,91.0505
16.7821,0,90.5558
16.783,1,91.0441
16.784,0,90.4863
16.7849,1,90.9136
16.7859,0,90.4255
16.7868,1,90.7994
16.7878,0,90.3723
16.7887,1,90.6995
16.7897,0,90.3258
16.7906,1,90.7371
16.7915,0,90.4101
16.7925,0,90.4838
16.7934,1,90.7699
16.7944,0,90.5483
16.7953,1,90.7987
16.7963,0,90.6048
16.7972,0,90.6542
16.7981,0,90.6974
16.7991,1,90.8238
16.8,0,90.7352
16.801,1,90.7209
16.8019,0,90.6433
16.8029,1,90.6308
16.8038,0,90.5629
16.8048,1,90.5519
16.8057,1,90.4829
16.8066,1,90.4226
16.8076,0,90.6176
16.8085,1,90.3697
16.8095,0,90.6654
16.8109,1,90.3235
16.8118,1,90.2831
16.8123,0,91.0822
16.8137,1,90.2477
16.8147,1,90.2167
16.8151,0,91.4469
16.8161,0,91.516
16.817,0,91.5765
16.818,0,91.5045
16.8194,1,90.3146
16.8203,1,90.4003
16.8208,0,91.6914
16.8217,0,91.605
16.8232,1,90.4753
16.8236,0,91.6544
16.8251,1,90.5409
16.826,0,91.6976
16.8269,0,91.6104
16.8279,1,90.8483
16.8288,0,91.6591
16.8298,1,90.9922
16.8307,0,91.7017
16.8317,1,91.1182
16.8326,0,91.739
16.8335,1,91.2284
16.8345,1,91.3249
16.8354,0,92.0216
16.8364,0,92.0189
16.8373,1,91.6593
16.8383,0,92.1415
16.8392,1,91.8268
16.8402,1,91.8485
16.8411,0,92.3738
16.842,1,91.9924
16.843,0,92.3271
16.8439,1,91.9934
16.8449,0,92.2862
16.8458,1,91.9942
16.8468,1,91.8699
16.8477,0,92.3754
16.8487,0,92.2035
16.8496,1,92.0112
16.8505,0,92.1781
16.8515,1,92.1348
16.8524,0,92.2808
16.8534,1,92.2429
16.8543,1,92.2126
16.8553,0,92.4957
16.8562,1,92.311
16.8571,0,92.5587
16.8581,1,92.3971
16.859,0,92.6139
16.86,1,92.4725
16.8609,0,92.5372
16.8619,0,92.345
16.8623,1,92.6634
16.8638,0,92.1769
16.8642,1,92.8305
16.8652,1,92.8517
16.8666,0,92.1548
16.8671,1,92.9952
16.8685,0,92.1354
16.8689,1,92.9958
16.8704,0,92.1185
16.8708,1,92.9963
16.8723,0,92.1037
16.8727,1,92.9968
16.8741,0,92.0907
16.8746,1,92.9972
16.876,0,92.2044
16.8765,1,92.9975
16.8779,0,92.1788
16.8784,1,93.1229
16.8793,1,93.1075
16.8803,0,92.2815
16.8812,1,93.0941
16.8822,0,92.3713
16.8831,1,93.0823
16.8841,0,92.4499
16.885,0,92.3936
16.8859,1,92.947
16.8869,0,92.3444
16.8878,1,92.8286
16.8888,0,92.3014
16.8897,0,92.2637
16.8907,0,92.2307
16.8916,1,92.7251
16.8925,0,92.2019
16.8935,1,92.7594
16.8944,0,92.3017
16.8954,1,92.7895
16.8963,0,92.389
16.8973,1,92.8158
16.8982,1,92.8388
16.8992,1,92.859
16.9001,0,92.4653
16.901,1,92.8766
16.902,0,92.4072
16.9029,1,92.767
16.9039,1,92.6711
16.9048,0,92.3563
16.9058,1,92.5873
16.9067,1,92.5138
16.9077,0,92.3117
16.9086,0,92.2728
16.9095,0,92.2387
16.9105,0,92.3338
16.9114,1,92.4496
16.9124,1,92.3934
16.9133,0,92.4171
16.9143,0,92.49
16.9152,1,92.3442
16.9161,0,92.5537
16.9176,1,92.3012
16.918,0,92.8595
16.919,0,92.8771
16.9204,1,92.3886
16.9209,0,93.0174
16.9223,1,92.465
16.9228,0,93.1403
16.9242,1,92.5319
16.9246,0,93.2477
16.9261,1,92.5904
16.927,1,92.6416
16.9275,0,93.4668
16.9284,0,93.4084
16.9298,1,92.5614
16.9303,0,93.4824
16.9317,1,92.4912
16.9327,1,92.4298
16.9336,0,93.6721
16.9346,1,92.6261
16.9355,0,93.7131
16.9364,1,92.7978
16.9374,0,93.8739
16.9383,1,93.0731
16.9393,1,93.189
16.9402,0,94.1397
16.9412,0,94.1222
16.9421,1,93.5403
16.9431,0,94.2319
16.944,1,93.5978
16.9449,0,94.2029
16.9459,1,93.6481
16.9468,1,93.5671
16.9478,0,94.3026
16.9487,1,93.6212
16.9497,0,94.2648
16.9506,1,93.6685
16.9515,0,94.2317
16.9525,1,93.71
16.9534,0,94.2027
16.9544,0,94.1774
16.9553,1,93.9962
16.9563,0,94.2802
16.9572,1,94.1217
16.9582,1,94.1065
16.9591,0,94.4952
16.96,1,94.2182
16.961,0,94.4333
16.9619,1,94.1909
16.9629,0,94.3791
16.9638,1,94.292
16.9648,0,94.3317
16.9657,1,94.3805
16.9667,0,94.2903
16.9676,1,94.458
16.9685,0,94.254
16.9695,1,94.5257
16.9704,0,94.2222
16.9714,1,94.585
16.9723,1,94.5119
16.9733,0,94.4444
16.9742,0,94.3889
16.9747,1,94.5729
16.9761,0,94.3403
16.9766,1,94.6263
16.978,0,94.1727
16.9789,0,94.1512
16.9794,1,94.798
16.9808,0,94.1323
16.9813,1,94.9482
16.9827,0,94.1157
16.9836,0,94.1013
16.9846,0,94.0886
16.9851,1,95.3297
16.9865,0,94.0775
16.9869,1,95.2885
16.9884,0,94.0678
16.9888,1,95.2524
16.9898,1,95.0959
16.9907,0,94.0594
16.9917,1,94.9589
16.9926,1,94.839
16.9936,1,94.7342
16.9945,0,94.0519
16.9954,1,94.6424
16.9964,0,94.1704
16.9973,1,94.6871
16.9983,1,94.7262
16.9992,0,94.2741
17.0002,1,94.7604
17.0011,1,94.7904
17.0021,0,94.3649
17.003,0,94.3193
17.0039,0,94.2794
17.0049,0,94.2444
17.0058,1,94.6916
17.0068,1,94.6051
17.0077,0,94.2139
17.0087,0,94.1871
17.0096,1,94.5295
17.0105,0,94.1638
17.0115,1,94.4633
17.0124,0,94.1433
17.0134,0,94.2504
17.0143,1,94.4054
17.0153,0,94.3441
17.0162,1,94.3547
17.0172,0,94.4261
17.0181,1,94.3104
17.019,0,94.4978
17.02,1,94.1466
17.0209,1,94.0033
17.0219,0,94.4356
17.0228,0,94.3811
17.0238,1,94.0028
17.0247,0,94.3335
17.0257,1,94.0025
17.0266,1,94.0022
17.0275,0,94.2918
17.0285,1,94.0019
17.0294,0,94.2553
17.0308,1,94.0017
17.0313,0,94.4734
17.0327,1,94.0015
17.0337,1,94.0013
17.0341,0,94.7892
17.0351,0,94.8156
17.0365,1,94.0011
17.037,0,94.8386
17.0384,1,94.126
17.0389,0,94.8588
17.0403,1,94.2352
17.0412,1,94.3308
17.0417,0,95.1265
17.0431,1,94.4145
17.0436,0,95.2356
17.045,1,94.4877
17.0455,0,95.3312
17.0469,1,94.4267
17.0478,0,95.4148
17.0488,0,95.3629
17.0497,1,94.7484
17.0507,0,95.4426
17.0516,1,94.9048
17.0526,1,94.9167
17.0535,0,95.6372
17.0544,1,95.0521
17.0554,0,95.6826
17.0563,1,95.1706
17.0573,0,95.8473
17.0582,1,95.3993
17.0592,0,95.9914
17.0601,1,95.5994
17.0611,0,96.1174
17.062,1,95.6495
17.0629,0,96.1028
17.0639,1,95.6933
17.0648,0,96.0899
17.0658,1,95.7316
17.0667,1,95.6402
17.0677,0,96.2037
17.0686,0,96.0532
17.0695,1,95.8101
17.0705,0,96.0466
17.0714,1,95.9589
17.0724,0,96.0407
17.0733,0,96.0356
17.0743,1,96.214
17.0752,0,96.1562
17.0762,1,96.3123
17.0771,0,96.2617
17.078,0,96.229
17.079,0,96.0753
17.0799,1,96.5232
17.0809,0,96.0659
17.0818,1,96.4578
17.0828,0,96.0577
17.0837,1,96.5256
17.0847,1,96.4599
17.0856,0,96.1755
17.0865,1,96.5274
17.0875,1,96.4615
17.0884,1,96.4038
17.0894,0,96.5285
17.0903,0,96.4625
17.0908,1,96.4783
17.0922,0,96.4047
17.0927,1,96.5435
17.0936,1,96.4756
17.095,0,96.3541
17.0955,1,96.5411
17.0965,1,96.4735
17.0979,0,96.1848
17.0988,0,96.1617
17.0998,0,96.1415
17.1007,0,96.1238
17.1012,1,96.9143
17.1021,1,96.925
17.1035,0,96.1083
17.1045,0,96.0948
17.1049,1,97.0594
17.1064,0,96.0829
17.1068,1,97.052
17.1078,1,96.9205
17.1087,0,96.0726
17.1097,0,96.0635
17.1106,1,96.8054
17.1116,0,96.0556
17.1125,1,96.7047
17.1134,0,96.0486
17.1144,1,96.6166
17.1153,0,96.0425
17.1163,1,96.6646
17.1172,1,96.7065
17.1182,0,96.1622
17.1191,0,96.2669
17.1201,1,96.7432
17.121,0,96.2336
17.1219,1,96.6503
17.1229,1,96.569
17.1238,0,96.2044
17.1248,1,96.4979
17.1257,0,96.1788
17.1267,1,96.4356
17.1276,0,96.1565
17.1285,1,96.3812
17.1295,1,96.3335
17.1304,0,96.1369
17.1314,0,96.1198
17.1323,1,96.2918
17.1333,0,96.2298
17.1342,1,96.2554
17.1352,0,96.3261
17.1361,1,96.2234
17.137,1,96.1955
17.138,0,96.2853
17.1389,1,96.0461
17.1399,0,96.2497
17.1408,1,95.9153
17.1418,0,96.2185
17.1427,1,95.9259
17.1437,0,96.1912
17.1446,0,96.1673
17.1455,1,95.9352
17.1465,0,96.1463
17.1474,1,95.9433
17.1484,1,95.9504
17.1493,0,96.1281
17.1503,1,95.9566
17.1512,0,96.112
17.1526,1,95.962
17.1531,0,96.348
17.1545,1,95.9667
17.155,0,96.4295
17.1564,1,95.9709
17.1569,0,96.5008
17.1583,1,96.0995
17.1588,0,96.5632
17.1602,1,96.2121
17.1606,0,96.7428
17.1621,1,96.3106
17.163,1,96.3968
17.1635,0,97.025
17.1644,0,97.0219
17.1658,1,96.3472
17.1663,0,97.1441
17.1677,1,96.3038
17.1687,0,97.2511
17.1696,0,97.2197
17.1706,1,96.6408
17.1715,0,97.3173
17.1724,1,96.8107
17.1734,0,97.4026
17.1743,0,97.3523
17.1753,0,97.3082
17.1762,1,97.2094
17.1772,0,97.5197
17.1781,1,97.4332
17.1791,0,97.7047
17.18,1,97.504
17.1809,1,97.441
17.1819,0,97.8666
17.1828,1,97.5109
17.1838,1,97.447
17.1847,1,97.3912
17.1857,0,98.1333
17.1866,0,97.9917
17.1875,1,97.5923
17.1885,0,97.9927
17.1894,1,97.7682
17.1904,1,97.7972
17.1913,0,98.1186
17.1923,1,97.9476
17.1932,1,97.9541
17.1942,0,98.2288
17.1951,0,98.2002
17.196,0,98.1752
17.197,0,98.0283
17.1979,1,98.3348
17.1989,1,98.168
17.1998,0,98.1497
17.2008,0,98.006
17.2017,1,98.272
17.2027,0,98.0053
17.2036,1,98.363
17.2045,1,98.3176
17.2055,0,98.1296
17.2064,0,98.1134
17.2074,1,98.5279
17.2083,0,98.2242
17.2093,1,98.5869
17.2102,0,98.3212
17.2111,1,98.6386
17.2121,0,98.406
17.213,1,98.6837
17.214,1,98.4733
17.2149,0,98.4803
17.2159,0,98.2953
17.2168,0,98.1333
17.2173,1,98.6641
17.2187,0,98.1167
17.2192,1,98.7061
17.2201,1,98.7428
17.2215,0,98.1021
17.222,1,98.9
17.2234,0,98.0893
17.2239,1,98.9125
17.2253,0,98.0782
17.2258,1,98.9234
17.2267,1,98.808
17.2281,0,98.0684
17.2291,0,98.0598
17.2296,1,98.957
17.231,0,97.9274
17.2314,1,98.9624
17.2324,1,98.8421
17.2333,0,97.9364
17.2343,1,98.7368
17.2352,1,98.6447
17.2362,0,98.0694
17.2371,1,98.6891
17.2381,0,98.1857
17.239,1,98.603
17.2399,0,98.1625
17.2409,1,98.5276
17.2418,0,98.1422
17.2428,0,98.1244
17.2437,1,98.4617
17.2447,0,98.1089
17.2456,1,98.4039
17.2465,1,98.3535
17.2475,0,98.0953
17.2484,1,98.3093
17.2494,0,98.0833
17.2503,1,98.2706
17.2513,0,98.0729
17.2522,1,98.2368
17.2532,0,98.1888
17.2541,1,98.2072
17.255,0,98.2902
17.256,1,98.0563
17.2569,0,98.2539
17.2579,1,97.9243
17.2588,0,98.2222
17.2598,1,97.8087
17.2607,1,97.7076
17.2617,0,98.1944
17.2626,0,98.1701
17.2635,1,97.7442
17.2645,0,98.1488
17.2654,1,97.7762
17.2664,0,98.1302
17.2673,0,98.114
17.2683,1,97.8041
17.2692,0,98.0997
17.2701,1,97.8286
17.2711,0,98.0872
17.272,0,98.0763
17.273,0,97.9418
17.2739,1,97.725
17.2749,0,97.8241
17.2758,1,97.6344
17.2768,0,97.7211
17.2777,1,97.6801
17.2786,1,97.7201
17.2796,0,97.7559
17.281,1,97.8801
17.2819,1,97.8951
17.2829,1,97.9082
17.2834,0,98.2864
17.2843,0,98.3756
17.2857,1,97.9197
17.2862,0,98.5787
17.2876,1,97.9297
17.2886,1,97.9385
17.289,0,98.8813
17.2904,1,97.9462
17.2914,1,97.9529
17.2919,0,99.0212
17.2928,0,98.8935
17.2937,0,98.7818
17.2947,0,98.6841
17.2961,1,98.0838
17.2971,1,98.3233
17.298,0,98.9736
17.2989,0,98.9769
17.2999,1,98.6579
17.3008,0,99.1048
17.3018,1,98.8257
17.3027,1,98.8475
17.3037,0,99.3417
17.3046,0,99.299
17.3055,1,99.1165
17.3065,0,99.3866
17.3074,1,99.227
17.3084,0,99.4633
17.3093,1,99.3236
17.3103,0,99.5304
17.3112,1,99.4081
17.3122,1,99.3571
17.3131,0,99.7141
17.314,0,99.7498
17.315,0,99.6561
17.3159,1,99.6875
17.3169,0,99.6991
17.3178,1,99.7265
17.3188,1,99.6357
17.3197,0,99.8617
17.3207,1,99.6813
17.3216,0,99.879
17.3225,1,99.7211
17.3235,0,99.8941
17.3244,1,99.881
17.3254,1,99.8958
17.3263,0,100.032
17.3273,0,99.9033
17.3282,1,100.159
17.3291,0,99.9154
17.3301,1,100.264
17.331,1,100.231
17.332,0,100.051
17.3329,1,100.202
17.3339,1,100.052
17.3348,0,100.17
17.3358,1,100.045
17.3367,0,100.148
17.3376,1,100.04
17.3386,0,100.13
17.3395,1,100.16
17.3405,0,100.239
17.3414,0,100.209
17.3424,1,100.39
17.3433,0,100.308
17.3443,1,100.466
17.3452,1,100.408
17.3461,0,100.519
17.3471,1,100.482
17.348,0,100.579
17.349,0,100.382
17.3494,1,100.547
17.3509,0,100.209
17.3513,1,100.603
17.3527,0,100.058
17.3532,1,100.653
17.3546,0,99.9258
17.3551,1,100.696
17.3565,0,99.935
17.357,1,100.734
17.3584,0,99.9432
17.3589,1,100.767
17.3598,1,100.672
17.3612,0,99.9503
17.3622,0,99.9565
17.3627,1,100.838
17.3641,0,99.9619
17.3645,1,100.858
17.3655,1,100.751
17.3664,0,99.9667
17.3674,0,99.9708
17.3683,1,100.657
17.3693,0,99.9745
17.3702,1,100.575
17.3712,0,99.9777
17.3721,0,99.9805
17.373,0,100.108
17.374,1,100.503
17.3749,0,100.094
17.3759,1,100.44
17.3768,0,100.083
17.3778,1,100.385
17.3787,1,100.337
17.3797,0,100.072
17.3806,1,100.17
17.3815,1,100.149
17.3825,1,100.13
17.3834,0,100.063
17.3844,0,100.055
17.3853,1,100.114
17.3863,0,100.048
17.3872,1,100.1
17.3881,1,100.087
17.3891,0,100.042
17.39,1,100.076
17.391,1,99.9417
17.3919,0,100.037
17.3929,0,100.032
17.3938,0,100.028
17.3948,0,100.025
17.3957,1,99.824
17.3966,1,99.721
17.3976,0,100.022
17.3985,0,100.019
17.3995,1,99.7558
17.4004,0,100.017
17.4014,1,99.7864
17.4023,1,99.8131
17.4033,0,100.015
17.4042,0,100.013
17.4051,1,99.8364
17.4061,0,100.011
17.407,1,99.8569
17.408,0,99.8848
17.4089,1,99.7498
17.4099,0,99.7742
17.4108,1,99.656
17.4117,1,99.574
17.4127,0,99.6774
17.4136,0,99.5927
17.4146,0,99.6436
17.4155,1,99.6273
17.4165,0,99.6882
17.4174,1,99.6739
17.4184,1,99.7146
17.4193,0,99.7271
17.4207,1,99.7503
17.4212,0,100.011
17.4226,1,99.7815
17.4231,0,100.26
17.4245,1,99.8088
17.4254,1,99.8327
17.4259,0,100.477
17.4269,0,100.418
17.4283,1,99.8536
17.4287,0,100.49
17.4302,1,99.8719
17.4311,1,99.8879
17.4316,0,100.679
17.433,1,99.9019
17.4339,1,99.9142
17.4344,0,100.969
17.4358,1,99.9249
17.4368,0,101.098
17.4377,1,100.184
17.4387,0,101.211
17.4396,1,100.411
17.4405,0,101.309
17.4415,0,101.271
17.4424,1,100.735
17.4434,0,101.362
17.4443,1,100.893
17.4453,1,100.906
17.4462,0,101.567
17.4471,1,101.043
17.4481,0,101.621
17.449,0,101.543
17.45,1,101.163
17.4509,0,101.6
17.4519,1,101.267
17.4528,0,101.65
17.4538,1,101.359
17.4547,0,101.694
17.4556,1,101.439
17.4566,0,101.732
17.4575,1,101.509
17.4585,0,101.766
17.4594,1,101.696
17.4604,1,101.734
17.4613,0,101.92
17.4623,0,101.805
17.4632,1,102.017
17.4641,0,101.829
17.4651,1,102.14
17.466,1,102.122
17.467,0,101.851
17.4679,0,101.744
17.4689,1,102.232
17.4698,0,101.776
17.4707,1,102.203
17.4717,0,101.804
17.4726,0,101.704
17.4736,0,101.616
17.4745,1,102.428
17.4755,0,101.664
17.4764,1,102.499
17.4774,0,101.831
17.4783,1,102.562
17.4792,1,102.492
17.4802,0,102.102
17.4811,1,102.555
17.4821,1,102.486
17.483,1,102.425
17.484,0,102.339
17.4849,0,102.172
17.4859,1,102.497
17.4868,0,102.15
17.4877,1,102.435
17.4887,1,102.255
17.4896,0,102.257
17.4906,1,102.223
17.4915,1,102.071
17.4925,0,102.349
17.4934,0,102.306
17.4943,0,102.268
17.4953,0,102.234
17.4962,0,102.205
17.4967,1,102.562
17.4977,1,102.492
17.4991,0,102.179
17.5,0,102.157
17.5005,1,102.68
17.5019,0,102.012
17.5024,1,102.72
17.5033,1,102.63
17.5047,0,101.886
17.5057,0,101.775
17.5061,1,102.801
17.5076,0,101.678
17.508,1,102.826
17.509,1,102.598
17.5099,0,101.718
17.5109,1,102.523
17.5118,0,101.754
17.5128,1,102.458
17.5137,1,102.401
17.5146,0,101.784
17.5156,0,101.811
17.5165,0,101.835
17.5175,1,102.35
17.5184,0,101.856
17.5194,1,102.307
17.5203,1,102.268
17.5213,0,101.874
17.5222,1,102.235
17.5231,0,101.889
17.5241,1,102.205
17.525,0,101.903
17.526,1,102.055
17.5269,1,101.923
17.5279,0,101.915
17.5288,0,101.926
17.5297,1,101.808
17.5307,0,101.935
17.5316,1,101.707
17.5326,1,101.618
17.5335,0,101.943
17.5345,1,101.666
17.5354,1,101.708
17.5364,0,101.95
17.5373,1,101.744
17.5382,0,101.957
17.5392,1,101.776
17.5401,0,101.962
17.5411,1,101.804
17.542,0,101.967
17.543,0,101.846
17.5439,1,101.704
17.5449,0,101.74
17.5458,1,101.616
17.5467,1,101.539
17.5477,0,101.648
17.5486,1,101.471
17.5496,0,101.567
17.5505,0,101.496
17.5515,1,101.537
17.5524,0,101.559
17.5533,1,101.595
17.5543,0,101.614
17.5552,1,101.646
17.5562,0,101.662
17.5571,1,101.69
17.5581,0,101.704
17.559,1,101.729
17.56,0,101.616
17.5609,1,101.638
17.5618,1,101.558
17.5628,0,101.539
17.5637,0,101.472
17.5647,1,101.488
17.5656,0,101.413
17.5666,1,101.427
17.5675,1,101.374
17.5685,0,101.486
17.5694,0,101.551
17.5708,1,101.452
17.5713,0,101.857
17.5727,1,101.521
17.5732,0,102.125
17.5741,0,102.234
17.5751,0,102.33
17.5765,1,101.581
17.5769,0,102.414
17.5784,1,101.633
17.5788,0,102.487
17.5803,1,101.679
17.5812,1,101.719
17.5817,0,102.676
17.5831,1,101.754
17.584,1,101.785
17.585,1,101.687
17.5854,0,102.967
17.5864,0,102.971
17.5878,1,101.726
17.5887,0,103.099
17.5897,1,102.01
17.5906,1,102.134
17.5916,0,103.337
17.5925,1,102.367
17.5935,1,102.446
17.5944,0,103.545
17.5954,0,103.477
17.5963,0,103.417
17.5972,0,103.365
17.5982,0,103.319
17.5991,1,103.14
17.6001,1,103.248
17.601,0,103.529
17.602,0,103.338
17.6029,1,103.467
17.6039,0,103.296
17.6048,1,103.534
17.6057,1,103.467
17.6067,0,103.509
17.6076,0,103.445
17.6086,1,103.659
17.6095,0,103.515
17.6105,1,103.701
17.6114,1,103.614
17.6123,0,103.7
17.6133,1,103.787
17.6142,0,103.863
17.6152,1,103.938
17.6161,1,103.946
17.6171,0,104.13
17.618,0,104.114
17.619,0,103.974
17.6199,1,104.203
17.6208,0,103.978
17.6218,1,104.178
17.6227,1,104.03
17.6237,0,104.105
17.6246,1,104.027
17.6256,0,104.092
17.6265,1,104.023
17.6275,0,104.081
17.6284,1,104.02
17.6293,1,104.018
17.6303,0,104.196
17.6312,0,104.171
17.6322,1,104.266
17.6331,0,104.275
17.6341,1,104.357
17.635,1,104.313
17.6359,0,104.365
17.6369,1,104.274
17.6378,1,104.114
17.6388,0,104.445
17.6397,1,104.1
17.6407,0,104.389
17.6416,1,104.088
17.6426,0,104.341
17.6435,1,104.077
17.6444,0,104.298
17.6454,0,104.136
17.6463,1,104.192
17.6473,0,104.244
17.6482,1,104.293
17.6492,1,104.256
17.6501,0,104.463
17.6511,0,104.405
17.6515,1,104.349
17.6529,0,104.23
17.6539,0,104.076
17.6544,1,104.556
17.6558,0,103.941
17.6562,1,104.611
17.6577,0,103.824
17.6581,1,104.66
17.6595,0,103.721
17.66,1,104.702
17.6614,0,103.631
17.6619,1,104.615
17.6633,0,103.677
17.6638,1,104.538
17.6647,1,104.471
17.6662,0,103.717
17.6671,0,103.753
17.6676,1,104.662
17.6685,1,104.579
17.6695,0,103.784
17.6704,1,104.507
17.6713,1,104.443
17.6723,0,103.811
17.6732,0,103.834
17.6742,1,104.388
17.6751,0,103.855
17.6761,1,104.339
17.677,0,103.873
17.678,0,103.764
17.6789,0,103.668
17.6798,1,104.172
17.6808,0,103.71
17.6817,1,104.025
17.6827,0,103.746
17.6836,1,103.897
17.6846,1,103.785
17.6855,0,103.778
17.6865,1,103.687
17.6874,1,103.601
17.6883,1,103.651
17.6893,0,103.806
17.6902,0,103.83
17.6912,1,103.695
17.6921,0,103.851
17.6931,1,103.733
17.694,1,103.766
17.6949,0,103.745
17.6959,1,103.67
17.6968,1,103.587
17.6978,0,103.652
17.6987,0,103.57
17.6997,0,103.499
17.7006,0,103.437
17.7016,0,103.382
17.7025,1,103.513
17.7034,1,103.449
17.7044,0,103.334
17.7053,0,103.417
17.7063,1,103.518
17.7072,0,103.49
17.7082,1,103.578
17.7091,1,103.631
17.7101,0,103.554
17.711,0,103.485
17.7119,1,103.552
17.7129,0,103.424
17.7138,1,103.483
17.7148,1,103.423
17.7157,0,103.371
17.7167,1,103.37
17.7176,0,103.325
17.7185,1,103.324
17.7195,1,103.283
17.7204,0,103.284
17.7214,0,103.249
17.7223,0,103.343
17.7233,1,103.373
17.7242,0,103.425
17.7252,1,103.451
17.7261,1,103.52
17.727,0,103.497
17.728,1,103.455
17.7289,0,103.435
17.7299,1,103.398
17.7308,0,103.38
17.7318,1,103.348
17.7327,1,103.305
17.7337,0,103.333
17.7346,0,103.291
17.736,1,103.392
17.7365,0,103.505
17.7379,1,103.343
17.7388,1,103.3
17.7393,0,103.817
17.7407,1,103.387
17.7417,1,103.464
17.7421,0,104.215
17.7436,1,103.531
17.744,0,104.438
17.7455,1,103.59
17.7459,0,104.508
17.7473,1,103.641
17.7478,0,104.57
17.7488,0,104.498
17.7502,1,103.686
17.7506,0,104.561
17.7521,1,103.725
17.753,1,103.884
17.7539,0,104.741
17.7549,0,104.648
17.7558,1,104.149
17.7568,0,104.692
17.7577,0,104.731
17.7587,1,104.505
17.7596,0,104.889
17.7606,1,104.692
17.7615,0,105.028
17.7624,1,104.856
17.7634,0,105.15
17.7643,1,104.999
17.7653,0,105.256
17.7662,1,105.124
17.7672,0,105.349
17.7681,1,105.358
17.7691,1,105.439
17.77,0,105.43
17.7709,0,105.252
17.7719,1,105.634
17.7728,1,105.555
17.7738,0,105.345
17.7747,1,105.61
17.7757,1,105.534
17.7766,0,105.552
17.7775,0,105.483
17.7785,1,105.717
17.7794,0,105.548
17.7804,1,105.753
17.7813,0,105.604
17.7823,0,105.529
17.7832,0,105.588
17.7842,1,106.033
17.7851,0,105.764
17.786,1,106.154
17.787,0,105.794
17.7879,1,106.135
17.7889,1,105.993
17.7898,0,105.944
17.7908,1,105.994
17.7917,1,105.87
17.7927,1,105.761
17.7936,0,106.201
17.7945,0,106.051
17.7955,1,105.916
17.7964,0,106.045
17.7974,1,105.926
17.7983,1,105.811
17.7993,0,106.164
17.8002,1,105.834
17.8011,1,105.855
17.8021,0,106.394
17.803,0,106.344
17.804,0,106.176
17.8049,0,106.029
17.8059,0,105.901
17.8068,1,106.373
17.8078,1,106.201
17.8087,0,106.038
17.8096,0,105.908
17.8106,1,106.301
17.8115,0,105.92
17.8125,1,106.264
17.8134,1,106.106
17.8144,0,106.055
17.8153,0,105.923
17.8163,1,106.217
17.8172,0,106.058
17.8181,1,106.315
17.8191,1,106.276
17.82,0,106.3
17.821,1,106.241
17.8219,0,106.263
17.8229,1,106.211
17.8238,1,106.06
17.8247,0,106.355
17.8257,0,106.186
17.8266,0,106.037
17.8276,0,105.908
17.8281,1,106.427
17.8295,0,105.794
17.8299,1,106.374
17.8309,1,106.202
17.8323,0,105.695
17.8328,1,106.177
17.8342,0,105.733
17.8347,1,106.28
17.8361,0,105.766
17.8365,1,106.37
17.8375,1,106.324
17.8389,0,105.671
17.8399,0,105.587
17.8403,1,106.533
17.8413,1,106.341
17.8422,0,105.638
17.8432,1,106.299
17.8441,1,106.261
17.845,0,105.684
17.846,1,106.104
17.8469,1,105.966
17.8479,0,105.598
17.8488,1,105.845
17.8498,0,105.523
17.8507,1,105.739
17.8517,0,105.583
17.8526,1,105.647
17.8535,0,105.635
17.8545,0,105.681
17.8554,1,105.566
17.8564,0,105.721
17.8573,1,105.495
17.8583,1,105.433
17.8592,0,105.756
17.8601,0,105.786
17.8611,1,105.504
17.862,0,105.813
17.863,0,105.711
17.8639,1,105.441
17.8649,0,105.622
17.8658,1,105.386
17.8668,0,105.545
17.8677,1,105.338
17.8686,0,105.476
17.8696,1,105.296
17.8705,0,105.417
17.8715,1,105.259
17.8724,0,105.365
17.8734,1,105.226
17.8743,1,105.198
17.8753,0,105.444
17.8762,0,105.514
17.8771,1,105.298
17.8781,1,105.386
17.879,0,105.574
17.88,1,105.338
17.8809,1,105.296
17.8819,0,105.503
17.8828,0,105.44
17.8837,1,105.259
17.8847,0,105.385
17.8856,1,105.226
17.8866,0,105.337
17.8875,0,105.295
17.8885,0,105.258
17.8894,1,105.198
17.8904,0,105.226
17.8913,1,105.173
17.8922,0,105.322
17.8932,1,105.277
17.8941,1,105.367
17.8951,0,105.407
17.896,1,105.446
17.897,1,105.39
17.8979,1,105.342
17.8989,0,105.356
17.8998,0,105.312
17.9007,1,105.299
17.9017,0,105.273
17.9026,1,105.262
17.9036,1,105.229
17.9045,0,105.239
17.9055,1,105.2
17.9064,1,105.175
17.9073,0,105.209
17.9083,0,105.183
17.9092,0,105.285
17.9102,0,105.374
17.9111,0,105.452
17.9121,1,105.278
17.913,1,105.369
17.914,0,105.396
17.9149,0,105.346
17.9158,1,105.322
17.9168,0,105.303
17.9177,1,105.282
17.9187,1,105.247
17.9196,0,105.265
17.9206,0,105.357
17.922,1,105.216
17.9225,0,105.562
17.9239,1,105.189
17.9248,1,105.165
17.9253,0,105.867
17.9267,1,105.27
17.9272,0,106.009
17.9286,1,105.361
17.9295,1,105.441
17.93,0,106.383
17.9309,0,106.335
17.9319,0,106.293
17.9328,0,106.256
17.9343,1,105.511
17.9347,0,106.349
17.9361,1,105.697
17.9371,1,105.86
17.938,0,106.681
17.939,1,106.127
17.9399,0,106.721
17.9409,1,106.361
17.9418,0,106.755
17.9427,1,106.566
17.9437,1,106.62
17.9446,0,106.911
17.9456,0,106.922
17.9465,1,106.918
17.9475,1,106.928
17.9484,0,107.182
17.9494,1,107.062
17.9503,1,107.054
17.9512,0,107.409
17.9522,1,107.173
17.9531,1,107.276
17.9541,0,107.608
17.955,1,107.492
17.956,0,107.657
17.9569,1,107.555
17.9579,0,107.7
17.9588,1,107.611
17.9597,0,107.737
17.9607,0,107.645
17.9616,1,107.784
17.9626,0,107.69
17.9635,1,107.811
17.9645,1,107.71
17.9654,0,107.853
17.9663,0,107.747
17.9673,1,107.871
17.9682,0,107.778
17.9692,0,107.681
17.9701,1,108.012
17.9711,0,107.846
17.972,1,108.136
17.973,0,107.865
17.9739,1,108.119
17.9748,0,107.882
17.9758,1,108.104
17.9767,0,107.897
17.9777,1,108.091
17.9786,0,107.91
17.9796,1,108.08
17.9805,1,107.945
17.9815,0,108.046
17.9824,0,107.915
17.9833,1,108.077
17.9843,1,107.942
17.9852,0,108.051
17.9862,1,107.949
17.9871,1,107.956
17.9881,0,108.169
17.989,0,108.148
17.9899,1,108.086
17.9909,0,108.13
17.9918,1,108.075
17.9928,0,108.114
17.9937,0,107.974
17.9947,0,107.853
17.9956,1,108.316
17.9966,0,107.871
17.9975,1,108.276
17.9984,0,107.887
17.9994,1,108.242
18.0003,1,108.087
18.0013,0,108.026
18.0022,1,108.076
18.0032,1,107.941
18.0041,1,107.949
18.0051,0,108.273
18.006,0,108.114
18.0069,1,108.08
18.0079,0,108.1
18.0088,1,108.07
18.0098,1,107.936
18.0107,0,108.212
18.0117,1,107.944
18.0126,1,107.826
18.0135,0,108.311
18.0145,0,108.147
18.0154,0,108.003
18.0164,0,107.878
18.0173,0,107.768
18.0183,1,108.348
18.0192,1,108.179
18.0202,0,107.922
18.0211,0,107.932
18.022,1,108.282
18.023,0,107.94
18.0239,0,107.823
18.0244,1,108.372
18.0253,1,108.325
18.0268,0,107.72
18.0277,0,107.63
18.0282,1,108.535
18.0296,0,107.551
18.0301,1,108.593
18.031,1,108.519
18.0324,0,107.482
18.0329,1,108.454
18.0343,0,107.422
18.0348,1,108.397
18.0357,1,108.222
18.0371,0,107.369
18.0381,0,107.448
18.039,0,107.517
18.04,0,107.452
18.0405,1,108.57
18.0414,1,108.373
18.0423,0,107.521
18.0433,1,108.202
18.0442,1,108.052
18.0452,0,107.456
18.0461,1,108.045
18.0471,0,107.524
18.048,1,108.039
18.0489,0,107.458
18.0499,1,107.91
18.0508,1,107.796
18.0518,0,107.401
18.0527,0,107.351
18.0537,1,107.696
18.0546,1,107.609
18.0556,0,107.307
18.0565,1,107.533
18.0574,1,107.467
18.0584,0,107.269
18.0593,1,107.408
18.0603,1,107.357
18.0612,0,107.235
18.0622,1,107.313
18.0631,0,107.331
18.0641,1,107.398
18.065,0,107.289
18.0659,1,107.349
18.0669,0,107.253
18.0678,0,107.222
18.0688,1,107.305
18.0697,0,107.194
18.0707,1,107.267
18.0716,1,107.234
18.0725,0,107.17
18.0735,0,107.148
18.0744,1,107.204
18.0754,0,107.13
18.0763,0,107.114
18.0773,1,107.179
18.0782,0,107.099
18.0792,1,107.156
18.0801,0,107.212
18.081,1,107.262
18.082,0,107.185
18.0829,1,107.229
18.0839,0,107.162
18.0848,1,107.201
18.0858,0,107.142
18.0867,1,107.175
18.0877,1,107.154
18.0886,0,107.124
18.0895,0,107.109
18.0905,1,107.134
18.0914,1,107.118
18.0924,0,107.095
18.0933,1,107.103
18.0943,1,107.09
18.0952,0,107.083
18.0961,0,107.073
18.0971,1,107.204
18.098,0,107.189
18.099,1,107.178
18.0999,0,107.165
18.1009,0,107.145
18.1018,0,107.126
18.1028,1,107.156
18.1037,0,107.111
18.1046,1,107.136
18.1056,0,107.097
18.1065,1,107.119
18.1075,1,107.105
18.1084,0,107.085
18.1094,1,107.091
18.1103,1,107.08
18.1113,1,107.07
18.1122,0,107.074
18.1131,0,107.19
18.1141,1,107.186
18.115,0,107.291
18.116,1,107.163
18.1169,1,107.143
18.1179,0,107.255
18.1188,1,107.125
18.1197,1,107.109
18.1207,0,107.223
18.1216,0,107.195
18.1226,0,107.171
18.1235,0,107.149
18.1245,0,107.131
18.1254,1,107.096
18.1264,1,107.084
18.1273,0,107.114
18.1282,0,107.1
18.1292,1,107.073
18.1301,0,107.213
18.1311,0,107.311
18.1325,1,107.189
18.1334,1,107.29
18.1339,0,107.647
18.1349,0,107.691
18.1363,1,107.379
18.1367,0,107.855
18.1382,1,107.457
18.1391,1,107.525
18.1396,0,108.123
18.141,1,107.584
18.1415,0,108.233
18.1429,1,107.636
18.1438,1,107.682
18.1443,0,108.454
18.1452,0,108.397
18.1462,0,108.347
18.1471,0,108.304
18.1485,1,107.721
18.1495,1,107.881
18.1504,0,108.641
18.1514,1,108.146
18.1523,1,108.253
18.1533,0,108.936
18.1542,1,108.471
18.1551,0,109.069
18.1561,1,108.662
18.157,0,109.185
18.158,1,108.704
18.1589,1,108.741
18.1599,0,109.412
18.1608,0,109.361
18.1618,1,109.024
18.1627,1,109.021
18.1636,0,109.565
18.1646,1,109.143
18.1655,1,109.125
18.1665,0,109.745
18.1674,1,109.235
18.1684,1,109.205
18.1693,0,109.902
18.1703,1,109.305
18.1712,0,109.914
18.1721,1,109.392
18.1731,0,109.925
18.174,1,109.468
18.175,0,109.934
18.1759,0,109.817
18.1769,1,109.659
18.1778,0,109.84
18.1787,1,109.702
18.1797,1,109.614
18.1806,0,109.985
18.1816,0,109.862
18.1825,1,109.787
18.1835,0,109.879
18.1844,0,109.769
18.1854,1,109.939
18.1863,0,109.798
18.1872,1,109.947
18.1882,0,109.823
18.1891,1,109.953
18.1901,0,109.845
18.191,1,109.959
18.192,0,109.865
18.1929,1,109.964
18.1939,0,109.882
18.1948,1,109.969
18.1957,1,109.848
18.1967,0,110.021
18.1976,0,109.894
18.1986,1,109.992
18.1995,1,109.868
18.2005,0,110.032
18.2014,1,109.884
18.2023,1,109.774
18.2033,0,110.153
18.2042,0,110.009
18.2052,1,109.927
18.2061,0,110.008
18.2071,1,109.936
18.208,0,110.007
18.209,0,109.881
18.2099,0,109.771
18.2108,1,110.194
18.2118,0,109.8
18.2127,1,110.17
18.2137,0,109.825
18.2146,1,110.149
18.2156,1,110.005
18.2165,0,109.971
18.2175,1,110.004
18.2184,1,109.879
18.2193,1,109.769
18.2203,0,110.225
18.2212,0,110.072
18.2222,1,109.923
18.2231,0,110.063
18.2241,1,109.933
18.225,1,109.941
18.2259,0,110.055
18.2269,1,109.948
18.2278,1,109.83
18.2288,0,110.173
18.2297,0,110.027
18.2307,0,109.898
18.2316,0,109.786
18.2326,0,109.688
18.2335,1,110.351
18.2344,1,110.182
18.2354,0,109.852
18.2363,0,109.745
18.2373,1,110.284
18.2382,0,109.777
18.2392,0,109.68
18.2401,1,110.374
18.2411,1,110.202
18.242,0,109.72
18.2429,0,109.63
18.2439,1,110.177
18.2448,0,109.676
18.2458,1,110.03
18.2467,1,109.776
18.2477,0,109.842
18.2486,1,109.679
18.2495,0,109.861
18.2505,1,109.719
18.2514,1,109.629
18.2524,0,110.004
18.2533,0,109.878
18.2543,0,109.769
18.2552,0,109.672
18.2562,0,109.588
18.2566,1,110.051
18.2576,1,109.919
18.259,0,109.39
18.2595,1,109.929
18.2604,1,109.813
18.2618,0,109.216
18.2623,1,109.837
18.2637,0,109.064
18.2642,1,109.857
18.2656,0,108.931
18.2661,1,109.875
18.267,1,109.89
18.2684,0,108.94
18.2694,0,108.947
18.2698,1,110.029
18.2708,1,109.901
18.2722,0,108.954
18.2727,1,109.913
18.2736,1,109.799
18.275,0,108.96
18.2755,1,109.824
18.2765,1,109.721
18.2779,0,108.84
18.2783,1,109.756
18.2798,0,108.735
18.2802,1,109.786
18.2816,0,108.643
18.2821,1,109.813
18.2835,1,109.711
18.284,0,108.813
18.2854,1,109.623
18.2859,0,108.961
18.2873,1,109.545
18.2883,0,109.216
18.2887,1,109.477
18.2897,0,109.189
18.2911,1,109.417
18.2916,0,109.29
18.2925,0,109.254
18.2939,1,109.24
18.2944,0,109.347
18.2958,1,109.085
18.2963,0,109.429
18.2977,1,108.949
18.2982,0,109.5
18.2996,0,109.438
18.3005,1,108.956
18.3015,1,108.961
18.3019,0,109.508
18.3029,0,109.444
18.3038,1,108.966
18.3052,0,109.389
18.3062,1,109.22
18.3071,0,109.465
18.3076,1,109.193
18.309,0,109.407
18.3095,1,109.294
18.3104,1,109.257
18.3119,0,109.231
18.3128,1,109.35
18.3133,0,109.202
18.3147,0,109.052
18.3152,1,109.431
18.3166,1,109.377
18.317,0,109.046
18.318,0,109.04
18.3194,1,109.33
18.3199,0,109.16
18.3213,1,109.289
18.3218,0,109.265
18.3232,0,109.357
18.3237,1,109.253
18.3251,0,109.312
18.3255,1,109.346
18.3265,1,109.303
18.3274,1,109.265
18.3288,0,109.148
18.3298,0,109.005
18.3303,1,109.482
18.3317,0,108.879
18.3321,1,109.547
18.3331,1,109.478
18.3345,0,108.894
18.335,1,109.419
18.3359,1,109.366
18.3373,0,108.907
18.3383,0,108.919
18.3392,0,108.929
18.3397,1,109.695
18.3406,0,108.938
18.3421,1,109.608
18.343,0,109.196
18.3439,1,109.532
18.3444,0,109.171
18.3458,1,109.341
18.3463,0,109.275
18.3473,0,109.24
18.3487,1,109.173
18.3496,0,109.335
18.3501,1,109.152
18.351,0,109.418
18.3524,1,109.133
18.3529,0,109.491
18.3543,1,109.116
18.3553,1,109.102
18.3557,0,109.68
18.3572,1,109.089
18.3576,0,109.72
18.3591,1,109.078
18.36,0,109.755
18.3609,1,109.068
18.3614,0,109.66
18.3624,0,109.578
18.3633,0,109.506
18.3642,0,109.442
18.3652,1,109.06
18.3661,1,109.052
18.3671,0,109.637
18.368,1,109.046
18.3694,1,109.04
18.3699,0,109.808
18.3709,1,108.91
18.3718,0,109.832
18.3727,1,108.796
18.3737,0,109.853
18.3751,0,109.871
18.3756,1,108.822
18.3765,1,108.844
18.3775,0,109.762
18.3789,1,108.863
18.3793,0,109.792
18.3808,0,109.568
18.3817,1,109.131
18.3827,1,109.239
18.3831,0,109.747
18.3845,1,109.459
18.3855,1,109.527
18.386,0,109.779
18.3874,1,109.711
18.3878,0,109.806
18.3893,1,109.872
18.3897,0,109.83
18.3911,1,110.013
18.3921,0,109.977
18.393,1,110.136
18.394,0,109.855
18.3949,1,110.244
18.3959,1,110.214
18.3963,0,109.998
18.3978,0,109.873
18.3982,1,110.312
18.3996,0,109.889
18.4006,1,110.523
18.4015,1,110.833
18.402,0,110.028
18.4034,1,110.979
18.4039,0,110.149
18.4048,0,110.131
18.4058,1,111.106
18.4072,0,110.239
18.4077,1,111.218
18.4091,0,110.334
18.41,1,111.441
18.411,1,111.261
18.4114,0,110.543
18.4129,1,111.228
18.4133,0,110.725
18.4143,0,110.884
18.4152,1,111.325
18.4166,0,110.899
18.4171,1,111.284
18.4181,1,111.249
18.419,0,110.911
18.4204,1,111.217
18.4209,0,110.922
18.4218,0,110.807
18.4228,1,111.315
18.4242,0,110.831
18.4247,1,111.401
18.4261,0,110.977
18.427,1,111.476
18.428,1,111.416
18.4284,0,110.98
18.4299,1,111.239
18.4303,0,111.233
18.4313,0,111.329
18.4322,1,111.209
18.4336,0,111.412
18.4341,1,111.183
18.4355,0,111.486
18.4365,1,111.16
18.4374,1,111.14
18.4379,0,111.55
18.4393,1,111.248
18.4398,0,111.481
18.4407,0,111.421
18.4417,1,111.217
18.4431,0,111.494
18.444,1,111.315
18.445,1,111.275
18.4454,0,111.432
18.4468,1,111.366
18.4473,0,111.253
18.4483,0,111.096
18.4492,1,111.695
18.4506,0,111.084
18.4511,1,111.733
18.4525,0,111.199
18.4535,1,111.642
18.4544,1,111.561
18.4549,0,111.174
18.4563,0,111.277
18.4568,1,111.491
18.4582,0,111.367
18.4586,1,111.305
18.4596,0,111.447
18.4605,1,111.142
18.4619,0,111.516
18.4629,1,110.999
18.4638,0,111.576
18.4648,1,110.874
18.4657,1,110.765
18.4662,0,111.879
18.4671,0,111.894
18.4681,1,110.794
18.469,0,111.908
18.4704,1,110.82
18.4714,0,111.919
18.4723,0,111.804
18.4733,1,111.092
18.4742,1,110.831
18.4747,0,111.829
18.4761,1,110.727
18.4771,0,112.1
18.4775,1,110.511
18.4785,0,112.338
18.4799,1,110.447
18.4808,0,112.42
18.4818,1,110.516
18.4827,0,112.493
18.4837,0,112.431
18.4841,1,110.702
18.4851,1,110.614
18.486,0,112.502
18.487,1,110.537
18.4879,0,112.44
18.4893,0,112.385
18.4898,1,110.595
18.4907,1,110.396
18.4917,0,112.337
18.4926,1,110.346
18.494,0,112.544
18.4945,1,110.303
18.4959,0,112.476
18.4969,1,110.39
18.4978,1,110.341
18.4983,0,112.542
18.4997,1,110.299
18.5002,0,112.599
18.5011,0,112.524
18.5021,1,110.386
18.5035,0,112.334
18.504,1,110.338
18.5054,0,112.292
18.5063,1,110.546
18.5073,1,110.728
18.5077,0,112.13
18.5091,1,110.762
18.5096,0,112.114
18.5106,0,111.975
18.5115,1,110.791
18.5129,0,111.728
18.5134,1,110.942
18.5143,1,110.95
18.5153,0,111.762
18.5167,1,110.956
18.5172,0,111.917
18.5181,0,111.802
18.5191,1,111.086
18.5205,0,111.702
18.5209,1,110.951
18.5224,0,111.614
18.5233,1,111.207
18.5243,1,111.306
18.5247,0,111.537
18.5261,1,111.268
18.5266,0,111.595
18.5276,0,111.521
18.5285,1,111.234
18.5299,0,111.456
18.5304,1,111.33
18.5318,0,111.399
18.5327,1,111.414
18.5337,1,111.362
18.5342,0,111.599
18.5356,1,111.317
18.5365,0,111.649
18.5375,0,111.568
18.5379,1,111.152
18.5394,0,111.497
18.5403,1,111.383
18.5412,1,111.46
18.5417,0,111.435
18.5431,1,111.403
18.5436,0,111.505
18.5445,0,111.442
18.5455,1,111.352
18.5469,0,111.387
18.5474,1,111.308
18.5488,0,111.339
18.5497,1,111.395
18.5507,1,111.345
18.5512,0,111.421
18.5526,1,111.302
18.553,0,111.619
18.554,0,111.416
18.5549,1,111.139
18.5563,0,111.364
18.5568,1,111.247
18.5582,0,111.319
18.5592,1,111.466
18.5601,1,111.408
18.5606,0,111.404
18.5615,0,111.353
18.5625,1,111.357
18.5639,0,111.309
18.5644,1,111.312
18.5658,0,111.271
18.5667,1,111.398
18.5677,1,111.348
18.5681,0,111.362
18.5696,1,111.305
18.57,0,111.442
18.571,0,111.386
18.5719,1,111.267
18.5733,0,111.463
18.5738,1,111.233
18.5752,0,111.53
18.5762,1,111.329
18.5771,1,111.413
18.5776,0,111.464
18.579,1,111.361
18.5795,0,111.531
18.5804,0,111.465
18.5814,1,111.316
18.5828,0,111.406
18.5833,1,111.152
18.5842,1,111.008
18.5851,0,111.606
18.5866,1,110.882
18.587,0,111.78
18.588,0,111.557
18.5889,1,110.897
18.5903,0,111.613
18.5908,1,110.91
18.5922,0,111.661
18.5932,1,111.046
18.5941,1,110.915
18.5946,0,111.704
18.596,1,110.801
18.5965,0,111.866
18.5974,0,111.757
18.5984,1,110.951
18.5998,0,111.788
18.6002,1,110.957
18.6017,0,111.814
18.6026,1,111.087
18.6035,1,111.076
18.604,0,111.962
18.6054,1,111.067
18.6059,0,111.842
18.6069,0,111.737
18.6078,1,111.058
18.6092,0,111.645
18.6102,1,111.301
18.6111,1,111.388
18.6116,0,111.564
18.613,1,111.215
18.6135,0,111.619
18.6144,0,111.541
18.6153,1,111.313
18.6168,0,111.474
18.6172,1,111.274
18.6187,0,111.414
18.6196,1,111.365
18.6205,1,111.319
18.621,0,111.488
18.6224,1,111.279
18.6229,0,111.552
18.6238,0,111.483
18.6248,1,111.244
18.6262,0,111.422
18.6267,1,111.339
18.6281,0,111.37
18.629,1,111.546
18.63,1,111.353
18.6305,0,111.448
18.6319,1,111.309
18.6328,0,111.517
18.6338,0,111.453
18.6342,1,111.27
18.6356,0,111.396
18.6366,1,111.362
18.6375,1,111.316
18.638,0,111.472
18.6394,1,111.277
18.6399,0,111.538
18.6408,0,111.47
18.6418,1,111.242
18.6432,0,111.537
18.6437,1,111.212
18.6451,0,111.47
18.646,1,111.435
18.647,1,111.381
18.6474,0,111.411
18.6489,1,111.333
18.6493,0,111.484
18.6503,0,111.424
18.6512,1,111.292
18.6526,0,111.371
18.6531,1,111.38
18.6541,1,111.333
18.655,0,111.325
18.6564,1,111.291
18.6569,0,111.409
18.6578,0,111.358
18.6588,1,111.255
18.6602,0,111.438
18.6607,1,111.223
18.6621,0,111.383
18.663,1,111.445
18.664,1,111.389
18.6644,0,111.335
18.6659,1,111.341
18.6663,0,111.544
18.6673,0,111.476
18.6682,1,111.423
18.6696,0,111.416
18.6701,1,111.37
18.6715,0,111.364
18.6725,1,111.449
18.6734,1,111.393
18.6739,0,111.444
18.6753,1,111.344
18.6758,0,111.513
18.6767,0,111.449
18.6777,1,111.301
18.6791,0,111.393
18.68,1,111.513
18.681,1,111.449
18.6814,0,111.344
18.6828,1,111.393
18.6833,0,111.551
18.6843,0,111.482
18.6852,1,111.469
18.6866,0,111.422
18.6871,1,111.41
18.6885,0,111.369
18.6895,1,111.484
18.6904,1,111.423
18.6909,0,111.323
18.6923,1,111.37
18.6928,0,111.408
18.6937,0,111.357
18.6946,1,111.324
18.6961,0,111.312
18.6965,1,111.409
18.6979,0,111.398
18.6989,1,111.483
18.6998,1,111.422
18.7003,0,111.598
18.7017,1,111.369
18.7027,0,112.023
18.7036,0,112.146
18.7041,1,111.323
18.7055,0,112.252
18.7064,1,111.408
18.7074,1,111.482
18.7079,0,112.346
18.7093,1,111.422
18.7097,0,112.428
18.7107,0,112.499
18.7116,1,111.369
18.7131,0,112.687
18.7135,1,111.573
18.7149,0,112.726
18.7159,1,111.751
18.7168,1,111.907
18.7173,0,112.76
18.7187,1,112.044
18.7192,0,112.915
18.7201,0,113.051
18.7211,1,112.288
18.7225,0,113.044
18.723,1,112.252
18.7244,0,113.039
18.7253,1,112.471
18.7263,1,112.662
18.7267,0,113.034
18.7277,0,113.03
18.7286,1,112.704
18.73,0,113.151
18.7305,1,112.741
18.7319,0,113.132
18.7329,1,112.774
18.7338,1,112.802
18.7343,0,113.116
18.7357,1,112.827
18.7362,0,113.226
18.7371,0,113.323
18.7381,1,112.973
18.7395,0,113.283
18.74,1,112.977
18.7414,0,113.247
18.7423,1,112.98
18.7433,1,113.107
18.7437,0,113.216
18.7451,1,113.219
18.7456,0,113.189
18.7466,0,113.166
18.7475,1,113.191
18.7489,0,113.145
18.7494,1,113.167
18.7503,1,113.147
18.7513,0,113.127
18.7527,1,113.128
18.7532,0,113.236
18.7541,0,113.331
18.7551,1,113.237
18.7565,0,113.29
18.7569,1,113.208
18.7584,0,113.254
18.7593,1,113.182
18.7603,1,113.284
18.7607,0,113.222
18.7621,1,113.373
18.7626,0,113.194
18.7636,0,113.17
18.7645,1,113.327
18.7659,0,113.149
18.7664,1,113.286
18.7678,0,113.13
18.7687,1,113.375
18.7697,1,113.328
18.7702,0,113.239
18.7716,1,113.287
18.7725,0,113.459
18.7735,0,113.402
18.7739,1,113.251
18.7754,0,113.351
18.7763,1,113.22
18.7772,1,113.317
18.7777,0,113.308
18.7791,1,113.403
18.7796,0,113.269
18.7805,0,113.235
18.7815,1,113.352
18.7829,0,113.206
18.7834,1,113.308
18.7848,0,113.18
18.7857,1,113.27
18.7867,1,113.236
18.7872,0,113.283
18.7886,1,113.207
18.789,0,113.372
18.79,0,113.326
18.7909,1,113.181
18.7923,0,113.285
18.7928,1,113.033
18.7942,0,113.249
18.7952,1,113.279
18.7961,1,113.369
18.7966,0,113.218
18.7975,0,113.191
18.7985,1,113.323
18.7999,0,113.167
18.8004,1,113.283
18.8018,0,113.146
18.8027,1,113.247
18.8037,1,113.216
18.8041,0,113.253
18.8056,1,113.189
18.806,0,113.346
18.807,0,113.303
18.8079,1,113.166
18.8093,0,113.265
18.8098,1,113.145
18.8112,0,113.357
18.8122,1,113.252
18.8131,1,113.345
18.8136,0,113.312
18.815,1,113.427
18.8155,0,113.273
18.8164,0,113.239
18.8174,1,113.374
18.8188,0,113.209
18.8193,1,113.327
18.8202,1,113.286
18.8211,0,113.308
18.8226,1,113.25
18.823,0,113.395
18.824,0,113.345
18.8249,1,113.219
18.8263,0,113.302
18.8268,1,113.192
18.8282,0,113.389
18.8292,1,113.293
18.8301,1,113.381
18.8306,0,113.341
18.832,1,113.334
18.8325,0,113.298
18.8334,0,113.261
18.8344,1,113.292
18.8358,0,113.228
18.8362,1,113.38
18.8377,0,113.2
18.8386,1,113.333
18.8395,1,113.291
18.84,0,113.3
18.8414,1,113.255
18.8419,0,113.387
18.8429,0,113.214
18.8438,1,113.223
18.8452,0,113.312
18.8462,1,113.32
18.8471,1,113.405
18.8476,0,113.273
18.849,1,113.354
18.8495,0,113.239
18.8504,0,113.209
18.8513,1,113.31
18.8528,0,113.183
18.8532,1,113.396
18.8547,0,113.16
18.8556,1,113.347
18.8565,1,113.303
18.857,0,113.265
18.8584,1,113.266
18.8589,0,113.232
18.8598,0,113.203
18.8608,1,113.232
18.8622,0,113.303
18.8627,1,113.203
18.8641,0,113.265
18.865,1,113.428
18.866,1,113.374
18.8665,0,113.232
18.8679,1,113.203
18.8688,0,113.328
18.8698,0,113.287
18.8702,1,113.302
18.8716,0,113.251
18.8726,1,113.264
18.8735,1,113.231
18.874,0,113.345
18.8754,1,113.202
18.8759,0,113.301
18.8768,0,113.264
18.8778,1,113.177
18.8792,0,113.356
18.8797,1,113.155
18.8811,0,113.436
18.882,1,113.261
18.883,1,113.228
18.8834,0,113.382
18.8849,1,113.2
18.8853,0,113.334
18.8863,0,113.292
18.8872,1,113.3
18.8886,0,113.256
18.8891,1,113.262
18.8901,1,113.229
18.891,0,113.224
18.8924,1,113.201
18.8929,0,113.196
18.8938,0,113.171
18.8948,1,113.176
18.8962,0,113.275
18.8967,1,113.154
18.8981,0,113.366
18.899,1,113.259
18.9,1,113.227
18.9004,0,113.32
18.9019,1,113.199
18.9023,0,113.28
18.9033,0,113.37
18.9042,1,113.299
18.9056,0,113.324
18.9061,1,113.386
18.9075,0,113.283
18.9085,1,113.338
18.9094,1,113.296
18.9099,0,113.248
18.9113,1,113.259
18.9118,0,113.342
18.9127,0,113.299
18.9137,1,113.227
18.9151,0,113.387
18.916,1,113.323
18.917,1,113.283
18.9174,0,113.338
18.9188,1,113.247
18.9193,0,113.296
18.9203,0,113.384
18.9212,1,113.342
18.9226,0,113.336
18.9231,1,113.424
18.9245,0,113.294
18.9255,1,113.371
18.9264,1,113.325
18.9269,0,113.257
18.9283,1,113.284
18.9288,0,113.225
18.9297,0,113.197
18.9306,1,113.248
18.9321,0,113.297
18.9325,1,113.217
18.9339,0,113.135
18.9349,1,113.315
18.9358,1,113.276
18.9363,0,113.118
18.9377,1,113.241
18.9387,0,113.354
18.9396,0,113.309
18.9401,1,113.336
18.9415,0,113.271
18.9424,1,113.294
18.9434,1,113.257
18.9439,0,113.237
18.9453,1,113.35
18.9457,0,113.207
18.9467,0,113.181
18.9476,1,113.306
18.9491,0,113.284
18.9495,1,113.268
18.9509,0,113.248
18.9519,1,113.235
18.9528,1,113.205
18.9533,0,113.217
18.9547,1,113.18
18.9552,0,113.315
18.9561,0,113.401
18.9571,1,113.282
18.9585,0,113.351
18.959,1,113.122
18.9604,0,113.307
18.9613,1,113.232
18.9623,1,113.328
18.9627,0,113.268
18.9637,0,113.235
18.9646,1,113.287
18.966,0,113.33
18.9665,1,113.251
18.9679,0,113.289
18.9689,1,113.22
18.9698,1,113.192
18.9703,0,113.253
18.9717,1,113.168
18.9722,0,113.346
18.9731,0,113.428
18.9741,1,113.272
18.9755,0,113.375
18.976,1,113.238
18.9774,0,113.328
18.9783,1,113.208
18.9793,1,113.307
18.9797,0,113.287
18.9811,1,113.394
18.9816,0,113.251
18.9826,0,113.22
18.9835,1,113.345
18.9849,0,113.192
18.9854,1,113.302
18.9863,1,113.264
18.9873,0,113.168
18.9887,1,113.231
18.9892,0,113.272
18.9901,0,113.363
18.9911,1,113.327
18.9925,0,113.318
18.9929,1,113.286
18.9944,0,113.278
18.9953,1,113.25
18.9963,1,113.344
18.9967,0,113.243
18.9981,1,113.426
18.9986,0,113.213
18.9996,0,113.186
19.0005,1,113.373
19.0019,0,113.163
19.0024,1,113.326
19.0038,0,113.143
19.0047,1,113.41
19.0057,1,113.359
19.0062,0,113.25
19.0076,1,113.314
19.0085,0,113.469
19.0095,0,113.41
19.0099,1,113.275
19.0114,0,113.359
19.0123,1,113.241
19.0132,1,113.336
19.0137,0,113.314
19.0151,1,113.419
19.0156,0,113.275
19.0165,0,113.24
19.0175,1,113.366
19.0189,0,113.21
19.0194,1,113.32
19.0208,0,113.184
19.0217,1,113.28
19.0227,1,113.245
19.0232,0,113.286
19.0246,1,113.215
19.025,0,113.375
19.026,0,113.328
19.0269,1,113.188
19.0283,0,113.287
19.0288,1,113.039
19.0302,0,113.251
19.0312,1,113.284
19.0321,1,113.374
19.0326,0,113.22
19.0335,0,113.192
19.0345,1,113.327
19.0359,0,113.168
19.0364,1,113.286
19.0378,0,113.147
19.0387,1,113.25
19.0397,1,113.219
19.0401,0,113.254
19.0416,1,113.192
19.042,0,113.347
19.043,0,113.304
19.0439,1,113.168
19.0453,0,113.266
19.0458,1,113.147
19.0472,0,113.358
19.0482,1,113.253
19.0491,1,113.347
19.0496,0,113.313
19.051,1,113.428
19.0515,0,113.274
19.0524,0,113.24
19.0534,1,113.375
19.0548,0,113.21
19.0553,1,113.328
19.0562,1,113.287
19.0571,0,113.308
19.0586,1,113.251
19.059,0,113.395
19.06,0,113.345
19.0609,1,113.22
19.0623,0,113.302
19.0628,1,113.192
19.0642,0,113.39
19.0652,1,113.293
19.0661,1,113.382
19.0666,0,113.341
19.068,1,113.334
19.0685,0,113.298
19.0694,0,113.261
19.0704,1,113.292
19.0718,0,113.228
19.0722,1,113.381
19.0737,0,113.2
19.0746,1,113.333
19.0755,1,113.291
19.076,0,113.3
19.0774,1,113.255
19.0779,0,113.387
19.0789,0,113.214
19.0798,1,113.223
19.0812,0,113.312
19.0822,1,113.32
19.0831,1,113.405
19.0836,0,113.273
19.085,1,113.355
19.0855,0,113.239
19.0864,0,113.209
19.0873,1,113.31
19.0888,0,113.183
19.0892,1,113.396
19.0907,0,113.16
19.0916,1,113.347
19.0925,1,113.304
19.093,0,113.265
19.0944,1,113.266
19.0949,0,113.232
19.0958,0,113.203
19.0968,1,113.232
19.0982,0,113.303
19.0987,1,113.203
19.1001,0,113.265
19.101,1,113.428
19.102,1,113.374
19.1025,0,113.232
19.1039,1,113.203
19.1048,0,113.328
19.1058,0,113.287
19.1062,1,113.302
19.1076,0,113.251
19.1086,1,113.265
19.1095,1,113.231
19.11,0,113.345
19.1114,1,113.203
19.1119,0,113.301
19.1128,0,113.264
19.1138,1,113.177
19.1152,0,113.356
19.1157,1,113.155
19.1171,0,113.436
19.118,1,113.261
19.119,1,113.228
19.1194,0,113.382
19.1209,1,113.2
19.1213,0,113.334
19.1223,0,113.292
19.1232,1,113.3
19.1246,0,113.256
19.1251,1,113.262
19.1261,1,113.229
19.127,0,113.224
19.1284,1,113.201
19.1289,0,113.196
19.1298,0,113.171
19.1308,1,113.176
19.1322,0,113.275
19.1327,1,113.154
19.1341,0,113.366
19.135,1,113.259
19.136,1,113.227
19.1364,0,113.32
19.1379,1,113.199
19.1383,0,113.28
19.1393,0,113.37
19.1402,1,113.299
19.1416,0,113.324
19.1421,1,113.386
19.1435,0,113.533
19.1445,1,113.338
19.1454,1,113.296
19.1459,0,113.717
19.1473,1,113.259
19.1478,0,113.877
19.1487,0,114.017
19.1497,1,113.227
19.1511,0,114.265
19.152,1,113.323
19.153,1,113.283
19.1534,0,114.482
19.1548,1,113.247
19.1553,0,114.547
19.1563,0,114.478
19.1572,1,113.342
19.1586,0,114.669
19.1591,1,113.424
19.1605,0,114.71
19.1615,1,113.746
19.1624,1,113.778
19.1629,0,114.746
19.1643,1,113.93
19.1648,0,114.778
19.1657,0,114.681
19.1666,1,114.064
19.1681,0,114.846
19.1685,1,114.181
19.1699,0,114.865
19.1709,1,114.283
19.1718,1,114.373
19.1723,0,114.882
19.1737,1,114.451
19.1747,0,114.897
19.1756,0,115.035
19.1761,1,114.645
19.1775,0,115.03
19.1784,1,114.814
19.1794,1,114.713
19.1799,0,115.026
19.1813,1,114.748
19.1817,0,115.023
19.1827,0,114.895
19.1836,1,114.905
19.1851,0,115.033
19.1855,1,114.917
19.1869,0,115.029
19.1879,1,114.927
19.1888,1,114.811
19.1893,0,115.151
19.1907,1,114.835
19.1912,0,115.132
19.1921,0,115.115
19.1931,1,114.981
19.1945,0,115.226
19.195,1,114.983
19.1964,0,115.198
19.1973,1,114.985
19.1983,1,114.987
19.1987,0,115.173
19.1997,0,115.026
19.2006,1,115.114
19.202,0,115.148
19.2025,1,115.099
19.2039,0,115.13
19.2049,1,115.087
19.2058,1,114.951
19.2063,0,115.238
19.2077,1,114.957
19.2082,0,115.209
19.2091,0,115.182
19.2101,1,115.088
19.2115,0,115.285
19.212,1,115.077
19.2134,0,115.249
19.2143,1,115.192
19.2153,1,115.043
19.2157,0,115.218
19.2171,1,115.163
19.2176,0,115.191
19.2186,0,115.042
19.2195,1,115.267
19.2209,0,115.037
19.2214,1,115.234
19.2223,1,115.08
19.2233,0,115.157
19.2247,1,115.07
19.2252,0,115.137
19.2261,0,115.12
19.2271,1,115.186
19.2285,0,115.23
19.2289,1,115.163
19.2304,0,115.201
19.2313,1,115.267
19.2323,1,115.109
19.2327,0,115.176
19.2341,1,115.22
19.2346,0,115.154
19.2356,0,115.01
19.2365,1,115.318
19.2379,0,115.009
19.2384,1,115.278
19.2398,0,115.008
19.2407,1,115.243
19.2417,1,115.213
19.2422,0,115.132
19.2436,1,115.186
19.2445,0,115.24
19.2455,0,115.335
19.2459,1,115.163
19.2474,0,115.293
19.2483,1,115.268
19.2492,1,115.109
19.2497,0,115.257
19.2511,1,115.221
19.2516,0,115.225
19.2525,0,115.071
19.2535,1,115.318
19.2549,0,115.063
19.2554,1,115.278
19.2568,0,115.055
19.2577,1,115.243
19.2587,1,115.088
19.2592,0,115.173
19.2606,1,115.077
19.261,0,115.276
19.262,0,115.117
19.2629,1,115.067
19.2643,0,115.227
19.2648,1,115.059
19.2662,0,115.199
19.2672,1,115.052
19.2681,1,115.17
19.2686,0,115.174
19.2695,0,115.027
19.2705,1,115.274
19.2719,0,115.024
19.2724,1,115.24
19.2738,0,115.021
19.2747,1,115.21
19.2757,1,115.058
19.2761,0,115.143
19.2776,1,115.051
19.278,0,115.25
19.279,0,115.094
19.2799,1,115.045
19.2813,0,115.207
19.2818,1,115.039
19.2832,0,115.181
19.2842,1,115.159
19.2851,1,115.139
19.2856,0,115.284
19.287,1,115.247
19.2875,0,115.248
19.2884,0,115.092
19.2894,1,115.341
19.2908,0,115.081
19.2913,1,115.298
19.2922,1,115.136
19.2931,0,115.196
19.2946,1,115.119
19.295,0,115.296
19.296,0,115.134
19.2969,1,115.104
19.2983,0,115.242
19.2988,1,115.091
19.3002,0,115.212
19.3012,1,115.205
19.3021,1,115.179
19.3026,0,115.311
19.304,1,115.157
19.3045,0,115.272
19.3054,0,115.113
19.3064,1,115.262
19.3078,0,115.099
19.3082,1,115.229
19.3097,0,115.086
19.3106,1,115.326
19.3115,1,115.16
19.312,0,115.201
19.3134,1,115.14
19.3139,0,115.175
19.3149,0,115.154
19.3158,1,115.123
19.3172,0,115.134
19.3182,1,115.232
19.3191,1,115.203
19.3196,0,115.243
19.321,1,115.178
19.3215,0,115.212
19.3224,0,115.061
19.3233,1,115.281
19.3248,0,115.053
19.3252,1,115.245
19.3267,0,115.046
19.3276,1,115.34
19.3285,1,115.172
19.329,0,115.166
19.3304,1,115.151
19.3309,0,115.145
19.3318,0,115.002
19.3328,1,115.132
19.3342,0,115.127
19.3347,1,115.115
19.3361,0,115.236
19.337,1,115.226
19.338,1,115.198
19.3385,0,115.206
19.3399,1,115.173
19.3408,0,115.181
19.3418,0,115.158
19.3422,1,115.151
19.3436,0,115.138
19.3446,1,115.257
19.3455,1,115.1
19.346,0,115.246
19.3474,1,115.088
19.3479,0,115.215
19.3488,0,115.063
19.3498,1,115.077
19.3512,0,115.18
19.3517,1,115.067
19.3531,0,115.283
19.354,1,115.184
19.355,1,115.036
19.3554,0,115.372
19.3569,1,115.031
19.3573,0,115.326
19.3583,0,115.16
19.3592,1,115.152
19.3606,0,115.14
19.3611,1,115.258
19.3621,1,115.101
19.363,0,115.123
19.3644,1,115.088
19.3649,0,115.107
19.3658,0,114.969
19.3668,1,115.077
19.3682,0,115.098
19.3687,1,115.068
19.3701,0,115.211
19.371,1,115.184
19.372,1,115.036
19.3724,0,115.309
19.3739,1,115.032
19.3743,0,115.271
19.3753,0,115.112
19.3762,1,115.153
19.3776,0,115.223
19.3781,1,115.259
19.3795,0,115.195
19.3805,1,115.351
19.3814,1,115.182
19.3819,0,115.171
19.3833,1,115.16
19.3838,0,115.149
19.3847,0,115.131
19.3857,1,115.14
19.3871,0,115.239
19.388,1,115.247
19.389,1,115.091
19.3894,0,115.334
19.3908,1,115.08
19.3913,0,115.293
19.3923,0,115.131
19.3932,1,115.195
19.3946,0,115.24
19.3951,1,115.296
19.3965,0,115.21
19.3975,1,115.384
19.3984,1,115.211
19.3989,0,115.183
19.4003,1,115.184
19.4008,0,115.161
19.4017,0,115.015
19.4026,1,115.161
19.4041,0,115.139
19.4045,1,115.141
19.4059,0,115.121
19.4069,1,115.123
19.4078,1,115.108
19.4083,0,115.106
19.4097,1,115.095
19.4107,0,115.093
19.4116,0,115.206
19.4121,1,115.208
19.4135,0,115.18
19.4144,1,115.307
19.4154,1,115.143
19.4159,0,115.158
19.4173,1,115.125
19.4177,0,115.138
19.4187,0,114.996
19.4196,1,115.235
19.4211,0,115.121
19.4215,1,115.205
19.4229,0,115.106
19.4239,1,115.18
19.4248,1,115.032
19.4253,0,115.218
19.4267,1,115.028
19.4272,0,115.191
19.4281,0,115.167
19.4291,1,115.15
19.4305,0,115.271
19.431,1,115.131
19.4324,0,115.237
19.4333,1,115.115
19.4343,1,115.1
19.4347,0,115.207
19.4357,0,115.057
19.4366,1,115.213
19.438,0,115.174
19.4385,1,115.186
19.4399,0,115.153
19.4409,1,115.163
19.4418,1,115.018
19.4423,0,115.259
19.4437,1,115.015
19.4442,0,115.226
19.4451,0,115.198
19.4461,1,115.138
19.4475,0,115.298
19.448,1,115.121
19.4494,0,115.261
19.4503,1,115.231
19.4513,1,115.077
19.4517,0,115.228
19.4531,1,115.192
19.4536,0,115.2
19.4546,0,115.05
19.4555,1,115.293
19.4569,0,115.044
19.4574,1,115.257
19.4583,1,115.1
19.4593,0,115.163
19.4607,1,115.087
19.4612,0,115.143
19.4621,0,115.125
19.4631,1,115.201
19.4645,0,115.234
19.4649,1,115.176
19.4664,0,115.205
19.4673,1,115.279
19.4683,1,115.119
19.4687,0,115.179
19.4701,1,115.229
19.4706,0,115.157
19.4716,0,115.012
19.4725,1,115.326
19.4739,0,115.011
19.4744,1,115.285
19.4758,0,115.009
19.4767,1,115.249
19.4777,1,115.218
19.4782,0,115.133
19.4796,1,115.191
19.4805,0,115.242
19.4815,0,115.336
19.4819,1,115.167
19.4834,0,115.294
19.4843,1,115.271
19.4852,1,115.112
19.4857,0,115.258
19.4871,1,115.223
19.4876,0,115.225
19.4885,0,115.072
19.4895,1,115.32
19.4909,0,115.063
19.4914,1,115.28
19.4928,0,115.055
19.4937,1,115.245
19.4947,1,115.09
19.4952,0,115.173
19.4966,1,115.078
19.497,0,115.277
19.498,0,115.117
19.4989,1,115.069
19.5003,0,115.227
19.5008,1,115.06
19.5022,0,115.199
19.5032,1,115.053
19.5041,1,115.171
19.5046,0,115.174
19.5055,0,115.027
19.5065,1,115.275
19.5079,0,115.024
19.5084,1,115.24
19.5098,0,115.021
19.5107,1,115.21
19.5117,1,115.059
19.5121,0,115.143
19.5136,1,115.052
19.514,0,115.25
19.515,0,115.094
19.5159,1,115.045
19.5173,0,115.207
19.5178,1,115.039
19.5192,0,115.181
19.5202,1,115.16
19.5211,1,115.14
19.5216,0,115.284
19.523,1,115.247
19.5235,0,115.248
19.5244,0,115.092
19.5254,1,115.341
19.5268,0,115.081
19.5273,1,115.299
19.5282,1,115.136
19.5291,0,115.196
19.5306,1,115.119
19.531,0,115.296
19.532,0,115.134
19.5329,1,115.104
19.5343,0,115.242
19.5348,1,115.091
19.5362,0,115.212
19.5372,1,115.205
19.5381,1,115.179
19.5386,0,115.311
19.54,1,115.157
19.5405,0,115.272
19.5414,0,115.113
19.5424,1,115.262
19.5438,0,115.099
19.5442,1,115.229
19.5457,0,115.086
19.5466,1,115.326
19.5475,1,115.16
19.548,0,115.201
19.5494,1,115.14
19.5499,0,115.175
19.5509,0,115.154
19.5518,1,115.123
19.5532,0,115.134
19.5542,1,115.232
19.5551,1,115.203
19.5556,0,115.243
19.557,1,115.178
19.5575,0,115.212
19.5584,0,115.061
19.5593,1,115.281
19.5608,0,115.053
19.5612,1,115.246
19.5627,0,115.046
19.5636,1,115.34
19.5645,1,115.172
19.565,0,115.166
19.5664,1,115.151
19.5669,0,115.145
19.5678,0,115.002
19.5688,1,115.132
19.5702,0,115.127
19.5707,1,115.115
19.5721,0,115.236
19.573,1,115.226
19.574,1,115.198
19.5745,0,115.206
19.5759,1,115.173
19.5768,0,115.181
19.5782,1,115.151
19.5806,1,115.257
19.5815,1,115.1
19.5834,1,115.088
19.5858,1,115.077
19.5877,1,115.067
19.59,1,115.184
19.591,1,115.036
19.5929,1,115.031
19.5952,1,115.152
19.5971,1,115.258
19.5981,1,115.101
19.6004,1,115.088
19.6925,0,115.158
19.6948,0,115.138
19.6958,0,114.871
19.6976,0,114.637
19.7,0,114.307
19.7019,0,113.769
19.7028,0,113.173
19.7066,0,112.776
19.709,0,112.304
19.7118,0,112.016
19.7142,0,111.764
19.7151,1,114.702
19.7161,1,114.24
19.717,0,111.544
19.7175,1,113.71
19.7184,0,111.101
19.7194,1,112.996
19.7203,0,110.588
19.7212,1,112.246
19.7222,0,110.14
19.7231,1,111.591
19.7245,0,109.622
19.7255,1,110.892
19.7264,0,109.169
19.7274,1,110.155
19.7283,0,108.648
19.7293,1,109.511
19.7302,0,108.192
19.7312,1,108.947
19.7321,0,107.668
19.7326,1,108.204
19.7335,0,106.835
19.7345,1,107.303
19.7354,0,106.105
19.7363,1,106.515
19.7373,0,105.342
19.7382,1,105.701
19.7397,0,104.549
19.7406,1,104.863
19.7415,0,103.981
19.7425,1,104.13
19.7434,0,103.358
19.7444,1,103.489
19.7453,0,102.688
19.7463,1,102.803
19.7472,0,102.102
19.7477,1,101.953
19.7486,0,101.215
19.7496,1,100.958
19.7505,0,100.313
19.7515,1,100.089
19.7524,0,99.5236
19.7533,1,99.2026
19.7548,0,98.7082
19.7557,1,98.4273
19.7566,0,97.9946
19.7576,1,97.6239
19.7585,0,97.2453
19.7595,1,96.9209
19.7604,0,96.5896
19.7614,1,96.1808
19.7623,0,95.8909
19.7628,1,95.2832
19.7637,0,94.9046
19.7647,1,94.3728
19.7656,0,93.9165
19.7666,1,93.4512
19.7675,0,93.0519
19.7684,1,92.5198
19.7699,0,92.1704
19.7708,1,91.7048
19.7717,0,91.3991
19.7727,1,90.9917
19.7736,0,90.5992
19.7746,0,89.7743
19.7751,1,90.3677
19.7765,0,89.0525
19.7769,1,89.6968
19.7784,0,88.421
19.7793,0,87.9934
19.7802,1,89.2347
19.7807,0,87.6192
19.7821,1,88.5803
19.7826,0,87.2918
19.784,1,88.0078
19.7845,0,86.8803
19.7854,0,86.5203
19.7869,1,87.3818
19.7878,1,86.7091
19.7883,0,86.4552
19.7897,0,86.0233
19.7906,1,86.2455
19.7916,1,85.5898
19.7925,0,85.7704
19.7935,1,85.1411
19.7944,1,84.6234
19.7949,0,85.4241
19.7963,1,84.1705
19.7972,1,83.7742
19.7982,0,85.2461
19.7991,0,84.9653
19.7996,1,83.6774
19.801,0,84.7197
19.8015,1,83.7177
19.8029,0,84.3797
19.8034,1,83.753
19.8048,0,84.0822
19.8053,1,83.7839
19.8067,0,83.822
19.8071,1,83.8109
19.8086,0,83.5942
19.809,1,83.8345
19.8105,0,83.3949
19.8109,1,83.7302
19.8123,0,83.2206
19.8128,1,83.6389
19.8142,0,83.068
19.8147,1,83.5591
19.8161,0,83.0595
19.8166,1,83.6142
19.818,0,83.0521
19.8185,1,83.6624
19.8199,0,82.9206
19.8204,1,83.7046
19.8213,1,83.6165
19.8223,0,82.9305
19.8232,1,83.5395
19.8241,0,82.9392
19.8251,1,83.472
19.826,0,82.9468
19.827,1,83.288
19.8279,0,82.8284
19.8289,1,83.127
19.8298,0,82.7249
19.8307,1,83.1111
19.8317,0,82.7593
19.8326,1,83.0973
19.8336,0,82.7894
19.8345,1,83.0851
19.8355,0,82.8157
19.8364,1,83.0745
19.8374,0,82.8387
19.8383,1,83.0652
19.8392,0,82.8589
19.8402,1,83.057
19.8411,0,82.8765
19.8425,1,83.0499
19.843,0,83.142
19.8444,1,83.0436
19.8449,0,83.2492
19.8463,1,83.1632
19.8468,0,83.3431
19.8482,1,83.2678
19.8487,0,83.5502
19.8501,1,83.3593
19.8506,0,83.7314
19.852,1,83.3144
19.8525,0,83.89
19.8539,1,83.2751
19.8543,0,84.0287
19.8558,1,83.2407
19.8562,0,84.1501
19.8572,0,84.1314
19.8586,1,83.2106
19.8591,0,84.2399
19.8605,1,83.3093
19.861,0,84.21
19.8619,0,84.0587
19.8633,1,83.2706
19.8638,0,84.0514
19.8652,1,83.2368
19.8661,0,84.2949
19.8671,1,83.4572
19.868,0,84.5081
19.869,0,84.4446
19.8699,1,83.6501
19.8709,1,83.6938
19.8718,0,84.639
19.8728,0,84.5591
19.8737,1,83.9821
19.8746,1,83.9843
19.8756,0,84.7392
19.8765,1,84.1113
19.8775,1,84.0974
19.8784,0,84.8968
19.8794,1,84.2102
19.8803,1,84.1839
19.8813,0,85.1597
19.8822,0,85.0148
19.8831,1,84.4109
19.8841,0,85.0129
19.885,1,84.6096
19.886,0,84.8863
19.8869,0,84.7755
19.8874,1,84.7834
19.8888,0,84.6786
19.8893,1,84.9354
19.8907,0,84.5937
19.8912,1,85.0685
19.8926,0,84.5195
19.8931,1,85.1849
19.8945,0,84.4546
19.8949,1,85.1618
19.8964,0,84.3978
19.8968,1,85.2666
19.8982,0,84.348
19.8987,1,85.3583
19.9001,0,84.3045
19.9006,1,85.4385
19.902,0,84.2665
19.9025,1,85.5087
19.9039,0,84.2332
19.9044,1,85.5701
19.9053,1,85.4988
19.9067,0,84.204
19.9072,1,85.5615
19.9086,0,84.1785
19.9091,1,85.6163
19.91,1,85.5393
19.911,0,84.1562
19.9119,1,85.4718
19.9129,0,84.2617
19.9138,1,85.4129
19.9148,0,84.354
19.9157,1,85.3613
19.9167,0,84.4347
19.9176,1,85.3161
19.9185,0,84.5054
19.9195,1,85.2766
19.9204,0,84.5672
19.9214,1,85.242
19.9223,0,84.6213
19.9233,1,85.2118
19.9242,0,84.6686
19.9251,1,85.1853
19.9261,0,84.7101
19.927,1,85.1621
19.928,0,84.6213
19.9289,1,85.0169
19.9299,0,84.6686
19.9308,1,84.8898
19.9318,0,84.7101
19.9332,1,84.9035
19.9336,0,84.9963
19.9351,1,84.9156
19.9355,0,85.2468
19.9369,1,84.9261
19.9374,0,85.4659
19.9388,1,84.9354
19.9393,0,85.6577
19.9407,1,84.9435
19.9412,0,85.8255
19.9421,0,85.8473
19.9436,1,84.9505
19.944,0,85.9914
19.9454,1,84.9567
19.9459,0,85.9924
19.9469,0,85.9934
19.9483,1,84.9621
19.9487,0,86.1192
19.9502,1,84.9669
19.9506,0,86.2293
19.9521,1,84.971
19.9525,0,86.2007
19.9535,0,86.0506
19.9549,1,84.9746
19.9558,1,85.1028
19.9568,0,86.2942
19.9577,0,86.2575
19.9587,1,85.4649
19.9596,1,85.5318
19.9605,0,86.4753
19.9615,1,85.7153
19.9624,1,85.7509
19.9634,0,86.6659
19.9643,1,85.9071
19.9653,1,85.9187
19.9662,0,86.8326
19.9672,0,86.7286
19.9681,1,86.1788
19.969,0,86.7625
19.97,1,86.1565
19.9709,0,86.6672
19.9719,0,86.5838
19.9728,1,86.2619
19.9738,0,86.6358
19.9747,1,86.3542
19.9757,0,86.6813
19.9766,1,86.4349
19.9775,0,86.7212
19.9785,0,86.631
19.979,1,86.5055
19.9804,0,86.5521
19.9808,1,86.5674
19.9823,0,86.4831
19.9827,1,86.7464
19.9841,0,86.4227
19.9846,1,86.9031
19.986,0,86.3699
19.9865,1,87.0402
19.9879,0,86.1987
19.9884,1,87.1602
19.9898,0,86.1738
19.9903,1,87.2652
19.9912,1,87.232
19.9926,0,86.1521
19.9931,1,87.328
19.9945,0,86.1331
19.995,1,87.412
19.9959,1,87.2355
19.9974,0,86.2414
19.9978,1,87.2061
19.9993,0,86.3363
19.9997,1,87.3053
20.0011,0,86.4192
20.0016,1,87.3922
20.0026,1,87.3431
20.0035,0,86.4918
20.0044,1,87.3002
20.0054,0,86.5553
20.0063,1,87.2627
20.0073,0,86.6109
20.0082,1,87.2299
20.0092,0,86.6596
20.0101,1,87.2011
20.0111,0,86.7021
20.012,1,87.051
20.0129,0,86.6144
20.0139,1,86.9196
20.0148,0,86.6626
20.0158,1,86.9297
20.0167,0,86.7047
20.0177,1,86.9385
20.0186,0,86.7416
20.0195,1,86.8212
20.0205,0,86.7739
20.0214,1,86.7185
20.0224,0,86.8022
20.0233,1,86.7537
20.0243,0,86.8269
20.0252,1,86.7845
20.0262,0,86.8486
20.0276,1,86.8114
20.028,0,87.1175
20.029,0,87.1028
20.0304,1,86.835
20.0309,0,87.2149
20.0323,1,86.8556
20.0328,0,87.3131
20.0337,0,87.3989
20.0351,1,86.8737
20.0356,0,87.5991
20.037,1,86.8895
20.0375,0,87.7742
20.0389,1,86.7783
20.0394,0,87.9274
20.0403,0,87.9365
20.0417,1,86.806
20.0427,1,86.8302
20.0431,0,88.1944
20.0441,0,88.1701
20.0455,1,86.8515
20.0465,1,86.87
20.0469,0,88.2739
20.0483,1,86.8863
20.0493,1,87.0255
20.0502,0,88.4896
20.0512,1,87.2723
20.0521,1,87.3633
20.0531,0,88.6784
20.054,0,88.5936
20.0549,1,87.5679
20.0559,0,88.5194
20.0568,1,87.6219
20.0578,0,88.4545
20.0587,0,88.3977
20.0597,1,87.9191
20.0606,0,88.473
20.0616,1,88.0542
20.0625,0,88.5388
20.0634,1,88.1725
20.0644,0,88.5965
20.0653,0,88.5219
20.0663,1,88.4009
20.0672,0,88.5817
20.0682,1,88.6008
20.0691,0,88.634
20.0701,1,88.7757
20.071,0,88.5547
20.0719,1,88.8037
20.0729,0,88.4854
20.0738,0,88.2997
20.0743,1,88.9533
20.0757,0,88.2622
20.0762,1,89.0841
20.0776,0,88.2295
20.0781,1,89.1986
20.079,1,89.1738
20.0804,0,88.2008
20.0809,1,89.152
20.0823,0,88.1757
20.0828,1,89.133
20.0837,1,88.9914
20.0852,0,88.1537
20.0856,1,89.1175
20.087,0,88.1345
20.0875,1,89.2278
20.0889,0,87.9927
20.0894,1,89.3243
20.0903,1,89.2838
20.0918,0,87.9936
20.0922,1,89.3733
20.0937,0,87.9944
20.0941,1,89.4516
20.0955,0,87.9951
20.096,1,89.5202
20.097,1,89.3302
20.0979,0,87.9957
20.0988,1,89.1639
20.0998,0,87.9963
20.1007,1,89.1434
20.1017,0,88.1217
20.1026,1,89.1255
20.1036,0,88.2315
20.1045,1,89.1098
20.1055,0,88.3276
20.1064,1,89.0961
20.1073,0,88.4116
20.1083,1,89.0841
20.1092,0,88.4852
20.1102,1,89.0736
20.1111,0,88.5495
20.1121,1,89.0644
20.113,0,88.6058
20.1139,1,88.9313
20.1149,0,88.5301
20.1158,1,88.8149
20.1168,0,88.4638
20.1177,0,88.5309
20.1187,1,88.713
20.1196,0,88.5895
20.1206,1,88.6239
20.1215,0,88.6408
20.1224,0,88.6857
20.1239,1,88.5459
20.1243,0,88.975
20.1257,1,88.4777
20.1262,0,89.2281
20.1276,1,88.543
20.1281,0,89.4496
20.1291,0,89.5184
20.1305,1,88.6001
20.1314,1,88.6501
20.1319,0,89.7036
20.1328,0,89.6157
20.1342,1,88.6938
20.1352,1,88.7321
20.1357,0,89.7887
20.1371,1,88.7656
20.138,1,88.7949
20.1385,0,90.0651
20.1399,1,88.6955
20.1409,1,88.6086
20.1413,0,90.182
20.1423,0,90.0342
20.1437,1,88.6575
20.1442,0,90.0299
20.1456,1,88.7003
20.1465,0,90.1512
20.1475,0,90.1323
20.1484,1,89.1128
20.1493,0,90.2408
20.1503,1,89.3487
20.1512,0,90.3357
20.1522,1,89.5551
20.1531,0,90.4187
20.1541,0,90.3664
20.155,1,89.8607
20.156,0,90.3206
20.1569,1,89.8781
20.1578,0,90.2805
20.1588,1,89.8934
20.1597,0,90.2454
20.1607,1,89.9067
20.1616,0,90.3398
20.1626,0,90.2973
20.1635,1,90.1683
20.1645,0,90.3851
20.1654,1,90.2723
20.1663,0,90.462
20.1673,1,90.3633
20.1682,1,90.3179
20.1692,0,90.6542
20.1701,1,90.4031
20.1711,0,90.6975
20.172,1,90.6027
20.1729,1,90.5274
20.1739,0,90.7353
20.1748,0,90.5184
20.1753,1,90.7115
20.1767,0,90.3286
20.1772,1,90.8725
20.1786,0,90.2875
20.1791,1,91.0135
20.18,1,91.0118
20.1814,0,90.2516
20.1819,1,91.0103
20.1833,0,90.2201
20.1838,1,91.009
20.1852,0,90.1926
20.1857,1,91.0079
20.1866,1,90.8819
20.1881,0,90.2935
20.1885,1,91.0217
20.1899,0,90.2568
20.1904,1,91.144
20.1918,0,90.2247
20.1923,1,91.251
20.1937,0,90.1966
20.1942,1,91.3446
20.1956,0,90.1721
20.1961,1,91.4265
20.197,1,91.3732
20.198,0,90.1505
20.1989,1,91.2016
20.1999,0,90.1317
20.2008,1,91.0514
20.2017,0,90.1153
20.2027,1,90.9199
20.2036,0,90.1009
20.2046,1,90.9299
20.2055,0,90.2132
20.2065,1,90.9387
20.2074,0,90.3116
20.2083,0,90.3976
20.2093,1,90.9464
20.2102,0,90.4729
20.2112,1,90.9531
20.2121,0,90.5388
20.2131,0,90.5965
20.214,1,90.9589
20.215,0,90.5219
20.2159,1,90.8391
20.2168,0,90.4567
20.2178,1,90.7342
20.2187,0,90.3996
20.2197,0,90.3496
20.2206,1,90.6424
20.2216,1,90.5621
20.2225,0,90.4309
20.2235,0,90.5021
20.2244,1,90.4918
20.2253,1,90.4304
20.2263,0,90.5643
20.2277,1,90.3766
20.2286,1,90.3295
20.2291,0,90.9938
20.2305,1,90.4133
20.2315,1,90.4866
20.2319,0,91.2445
20.2329,0,91.214
20.2343,1,90.5508
20.2348,0,91.3122
20.2362,1,90.607
20.2367,0,91.3982
20.2376,0,91.3484
20.239,1,90.6561
20.2395,0,91.4299
20.2409,1,90.5741
20.2414,0,91.5011
20.2428,1,90.5023
20.2433,0,91.5635
20.2442,0,91.4931
20.2456,1,90.4395
20.2461,0,91.5564
20.2475,1,90.5096
20.2485,0,91.7369
20.2494,1,90.8209
20.2504,0,91.8948
20.2513,1,91.0933
20.2522,0,92.0329
20.2532,0,92.0288
20.2541,1,91.4566
20.2551,0,92.1502
20.256,1,91.6495
20.257,0,92.1314
20.2579,1,91.6933
20.2589,1,91.6067
20.2598,0,92.24
20.2607,1,91.6558
20.2617,0,92.21
20.2626,1,91.6989
20.2636,1,91.6115
20.2645,0,92.3087
20.2655,0,92.2702
20.2664,1,91.9101
20.2673,0,92.3614
20.2683,1,92.0463
20.2692,0,92.4412
20.2702,1,92.1655
20.2711,1,92.1448
20.2721,0,92.6361
20.273,1,92.2517
20.274,0,92.5566
20.2749,1,92.3453
20.2758,0,92.487
20.2768,1,92.4271
20.2777,1,92.3737
20.2787,0,92.5511
20.2796,0,92.3572
20.2801,1,92.577
20.2815,0,92.3126
20.282,1,92.6299
20.2834,0,92.2735
20.2839,1,92.6761
20.2853,0,92.2393
20.2858,1,92.7166
20.2872,0,92.2094
20.2876,1,92.752
20.2886,1,92.658
20.29,0,92.3082
20.2905,1,92.7008
20.2919,0,92.2697
20.2924,1,92.8632
20.2938,0,92.236
20.2943,1,93.0053
20.2957,0,92.2065
20.2961,1,93.1296
20.2976,0,92.1807
20.298,1,93.2384
20.2994,0,92.1581
20.3004,0,92.1383
20.3009,1,93.3336
20.3018,1,93.1669
20.3027,0,92.121
20.3037,1,93.021
20.3046,0,92.1059
20.3056,0,92.0927
20.3065,1,92.8934
20.3075,0,92.2061
20.3084,1,92.9067
20.3094,0,92.3053
20.3103,1,92.9184
20.3112,0,92.3922
20.3122,0,92.4681
20.3131,1,92.9286
20.3141,1,92.9375
20.315,0,92.5346
20.316,0,92.4678
20.3169,1,92.8203
20.3179,1,92.7178
20.3188,0,92.4093
20.3197,1,92.6281
20.3207,1,92.5496
20.3216,0,92.3582
20.3226,1,92.4809
20.3235,1,92.4208
20.3245,0,92.4384
20.3254,0,92.5086
20.3263,1,92.3682
20.3273,0,92.57
20.3282,1,92.3221
20.3292,0,92.6238
20.3301,0,92.6708
20.3311,1,92.2819
20.332,0,92.7119
20.333,1,92.2466
20.3339,0,92.6229
20.3353,1,92.3408
20.3358,0,92.7951
20.3367,0,92.8207
20.3381,1,92.4232
20.3386,0,92.9681
20.34,1,92.4953
20.3405,0,93.0971
20.3419,1,92.4334
20.3424,0,93.21
20.3438,1,92.3792
20.3443,0,93.3087
20.3452,0,93.2701
20.3466,1,92.3318
20.3471,0,93.3614
20.3485,1,92.2903
20.349,0,93.4412
20.3504,1,92.379
20.3514,1,92.4567
20.3518,0,93.636
20.3533,1,92.5246
20.3537,0,93.6815
20.3551,1,92.584
20.3561,1,92.636
20.357,0,93.9713
20.358,0,93.8499
20.3589,1,92.9315
20.3599,0,93.8687
20.3608,1,93.0651
20.3617,0,93.8851
20.3627,1,93.1819
20.3636,1,93.1592
20.3646,0,94.0245
20.3655,1,93.2643
20.3665,0,94.0214
20.3674,1,93.3563
20.3684,0,94.1437
20.3693,1,93.5617
20.3702,1,93.6165
20.3712,0,94.3758
20.3721,0,94.3288
20.3731,1,93.9144
20.374,0,94.4127
20.375,1,93.9251
20.3759,0,94.3611
20.3769,1,94.0595
20.3778,0,94.316
20.3787,1,94.1771
20.3797,0,94.2765
20.3806,1,94.2799
20.3816,1,94.2449
20.3825,0,94.3669
20.3835,1,94.3393
20.3844,0,94.321
20.3853,1,94.4219
20.3863,0,94.4059
20.3872,1,94.4942
20.3882,0,94.4802
20.3891,0,94.4202
20.3896,1,94.5574
20.391,0,94.3676
20.3915,1,94.6127
20.3929,0,94.1967
20.3938,0,94.0471
20.3943,1,94.7861
20.3953,1,94.8129
20.3967,0,94.0412
20.3971,1,94.9613
20.3986,0,94.0361
20.3995,0,94.0315
20.4,1,95.0911
20.4014,0,94.0276
20.4019,1,95.0797
20.4033,0,94.0242
20.4038,1,95.0697
20.4052,0,94.0211
20.4061,0,94.0185
20.4066,1,95.186
20.4075,1,95.0378
20.4089,0,93.8912
20.4099,0,93.9048
20.4104,1,95.158
20.4113,1,95.1383
20.4123,1,95.121
20.4132,0,94.0417
20.4141,1,95.1059
20.4151,1,95.0926
20.416,0,94.1615
20.417,1,94.9561
20.4179,1,94.8366
20.4189,0,94.1413
20.4198,0,94.1236
20.4207,1,94.732
20.4217,0,94.1082
20.4226,1,94.6405
20.4236,0,94.0947
20.4245,0,94.0828
20.4255,1,94.5604
20.4264,0,94.0725
20.4274,1,94.6154
20.4283,0,94.1884
20.4292,1,94.5384
20.4302,0,94.2899
20.4311,0,94.3786
20.4321,1,94.4711
20.433,0,94.4563
20.434,1,94.2873
20.4349,0,94.3993
20.4359,1,94.2513
20.4368,0,94.3494
20.4377,1,94.2199
20.4387,0,94.3057
20.4396,0,94.2675
20.4406,1,94.1924
20.4415,0,94.234
20.4425,1,94.1684
20.4434,0,94.2048
20.4443,1,94.1473
20.4453,1,94.1289
20.4462,0,94.3042
20.4472,1,94.1128
20.4481,0,94.3912
20.4495,1,94.0987
20.4505,1,94.0864
20.451,0,94.7173
20.4519,0,94.6276
20.4533,1,94.2006
20.4538,0,94.7992
20.4552,1,94.3005
20.4557,0,94.9493
20.4571,1,94.3879
20.458,1,94.4644
20.4585,0,95.2056
20.4599,1,94.4064
20.4604,0,95.3049
20.4618,1,94.3556
20.4623,0,95.3918
20.4637,1,94.3111
20.4646,1,94.2722
20.4651,0,95.5928
20.4661,0,95.5187
20.4675,1,94.2382
20.4679,0,95.4539
20.4694,1,94.3334
20.4703,0,95.5221
20.4713,1,94.6668
20.4722,0,95.7069
20.4731,1,94.9584
20.4741,0,95.8685
20.475,1,95.2136
20.476,1,95.1869
20.4769,0,96.0099
20.4779,1,95.2885
20.4788,0,96.0087
20.4797,1,95.3775
20.4807,0,96.0076
20.4816,1,95.4553
20.4826,0,96.0067
20.4835,0,95.8808
20.4845,1,95.6484
20.4854,0,95.8957
20.4864,1,95.8173
20.4873,0,95.9088
20.4882,0,95.9202
20.4892,1,96.0902
20.4901,1,96.0789
20.4911,0,96.1801
20.492,1,96.194
20.493,0,96.1576
20.4939,0,96.0129
20.4949,1,96.2948
20.4958,0,96.0113
20.4967,1,96.3829
20.4977,0,96.0099
20.4986,1,96.4601
20.4996,0,96.0087
20.5005,0,95.8826
20.5015,1,96.6526
20.5024,1,96.571
20.5033,0,96.0223
20.5043,0,96.0195
20.5052,1,96.7496
20.5062,1,96.6559
20.5071,1,96.5739
20.5081,0,96.392
20.509,0,96.343
20.5095,1,96.6272
20.5104,1,96.5488
20.5118,0,96.1752
20.5123,1,96.6052
20.5133,1,96.6545
20.5147,0,96.1533
20.5156,0,96.1341
20.5161,1,96.9477
20.5175,0,96.1173
20.518,1,96.9543
20.5194,0,96.1027
20.5203,0,96.0898
20.5208,1,97.085
20.5222,0,96.0786
20.5227,1,97.0744
20.5241,0,96.0688
20.5246,1,97.0651
20.526,0,96.0602
20.5269,0,95.9277
20.5274,1,97.1819
20.5288,0,95.8117
20.5293,1,97.1592
20.5303,1,97.1393
20.5312,0,95.9602
20.5321,1,97.1219
20.5331,0,96.0902
20.534,1,97.1066
20.535,0,96.0789
20.5359,0,96.0691
20.5369,1,96.9683
20.5378,0,96.0604
20.5387,1,96.8473
20.5397,0,96.0529
20.5406,1,96.7414
20.5416,1,96.6487
20.5425,0,96.0463
20.5435,1,96.5676
20.5444,0,96.0405
20.5454,1,96.4967
20.5463,1,96.4346
20.5472,0,96.1604
20.5482,0,96.2654
20.5491,1,96.3802
20.5501,0,96.3572
20.551,1,96.3327
20.552,0,96.3125
20.5529,1,96.1661
20.5539,1,96.0204
20.5548,0,96.2735
20.5557,1,96.0178
20.5567,0,96.2393
20.5576,1,96.0156
20.5586,0,96.2094
20.5595,1,96.0136
20.5605,1,96.0119
20.5614,0,96.1832
20.5623,0,96.1603
20.5633,1,96.0104
20.5642,0,96.2653
20.5652,1,96.0091
20.5661,0,96.2321
20.5671,1,96.008
20.568,0,96.2031
20.5694,1,96.007
20.5699,0,96.3027
20.5713,1,96.0061
20.5723,1,96.1304
20.5727,0,96.5149
20.5741,1,96.2391
20.5746,0,96.7005
20.576,1,96.3342
20.5765,0,96.8629
20.5779,1,96.2924
20.5784,0,97.0051
20.5793,0,97.0044
20.5808,1,96.2559
20.5812,0,97.1289
20.5826,1,96.2239
20.5831,0,97.2378
20.5841,0,97.2081
20.5855,1,96.1959
20.5864,1,96.1714
20.5869,0,97.307
20.5883,1,96.15
20.5888,0,97.2687
20.5897,0,97.2351
20.5911,1,96.2562
20.5921,0,97.4557
20.593,1,96.5992
20.594,0,97.5237
20.5949,1,96.7743
20.5959,0,97.5833
20.5968,0,97.5104
20.5977,1,97.0525
20.5987,1,97.0459
20.5996,0,97.6966
20.6006,0,97.6095
20.6015,1,97.2902
20.6025,1,97.2539
20.6034,1,97.2222
20.6044,0,97.9083
20.6053,0,97.7948
20.6062,1,97.4444
20.6072,1,97.5139
20.6081,0,97.9454
20.6091,1,97.6996
20.61,1,97.7372
20.611,0,98.0772
20.6119,0,97.9426
20.6129,1,97.895
20.6138,0,97.9498
20.6147,1,97.9081
20.6157,0,97.956
20.6166,0,97.8365
20.6176,1,98.1696
20.6185,0,97.857
20.6195,1,98.2734
20.6204,0,97.8748
20.6213,1,98.3642
20.6223,0,97.8905
20.6232,0,97.7792
20.6242,1,98.5687
20.6251,0,97.9318
20.6261,1,98.6226
20.627,1,98.5448
20.628,0,98.0653
20.6289,1,98.4767
20.6298,0,98.0571
20.6308,1,98.4171
20.6317,0,98.05
20.6327,0,98.0438
20.6336,0,98.0383
20.6341,1,98.615
20.6355,0,98.0335
20.636,1,98.6631
20.6374,0,98.0293
20.6379,1,98.7052
20.6388,1,98.6171
20.6402,0,98.0256
20.6407,1,98.6649
20.6421,0,98.0224
20.6426,1,98.7068
20.6435,1,98.6185
20.6449,0,97.8946
20.6459,0,97.7828
20.6464,1,98.7911
20.6478,0,97.685
20.6483,1,98.8173
20.6497,0,97.7243
20.6501,1,98.8401
20.6511,1,98.8601
20.6525,0,97.7588
20.653,1,98.8776
20.6544,0,97.7889
20.6549,1,98.8929
20.6558,1,98.7813
20.6567,0,97.8153
20.6577,1,98.6836
20.6586,1,98.5982
20.6596,0,97.8384
20.6605,0,97.8586
20.6615,1,98.5234
20.6624,0,97.8763
20.6634,1,98.458
20.6643,0,97.8917
20.6652,1,98.4007
20.6662,0,97.9053
20.6671,1,98.3506
20.6681,0,98.0421
20.669,1,98.3068
20.67,1,98.1434
20.6709,0,98.0369
20.6719,1,98.0005
20.6728,0,98.0322
20.6737,1,97.8755
20.6747,0,98.0282
20.6756,1,97.891
20.6766,0,98.0247
20.6775,0,98.0216
20.6785,1,97.9046
20.6794,0,98.0189
20.6803,1,97.9166
20.6813,0,98.0165
20.6822,0,98.0145
20.6832,1,97.927
20.6841,1,97.9361
20.6851,0,98.1377
20.686,1,97.9441
20.687,0,98.1205
20.6879,0,98.1054
20.6888,1,97.8261
20.6898,0,97.9672
20.6907,1,97.7228
20.6917,0,97.9713
20.6926,1,97.7575
20.6936,0,97.9749
20.6945,0,97.978
20.6955,1,97.7878
20.6964,1,97.8143
20.6973,0,97.9808
20.6983,0,98.1082
20.6997,1,97.8375
20.7006,1,97.8578
20.7016,1,97.8756
20.7021,0,98.5947
20.703,0,98.6453
20.7044,1,97.8912
20.7054,1,97.9048
20.7058,0,98.8147
20.7073,1,97.9167
20.7082,1,97.9271
20.7087,0,98.9628
20.7096,0,98.9675
20.711,1,98.0612
20.7115,0,99.0965
20.7129,1,98.0535
20.7134,0,99.2095
20.7143,0,99.1833
20.7157,1,98.0469
20.7162,0,99.2854
20.7176,1,98.041
20.7181,0,99.3747
20.7195,1,98.0359
20.7205,0,99.4529
20.7214,0,99.3963
20.7224,1,98.4064
20.7233,0,99.4717
20.7242,1,98.6056
20.7252,1,98.6549
20.7261,0,99.6628
20.7271,1,98.823
20.728,0,99.8299
20.729,1,98.9701
20.7299,0,99.8512
20.7309,0,99.7448
20.7318,0,99.6517
20.7327,1,99.3489
20.7337,0,99.6952
20.7346,1,99.4303
20.7356,0,99.7333
20.7365,1,99.6265
20.7375,1,99.6732
20.7384,0,99.8917
20.7393,1,99.839
20.7403,0,99.9052
20.7412,1,99.9841
20.7422,1,99.9861
20.7431,0,100.042
20.7441,0,100.037
20.745,1,100.238
20.746,0,100.032
20.7469,1,100.208
20.7478,0,100.028
20.7488,1,100.182
20.7497,1,100.034
20.7507,0,100.15
20.7516,1,100.03
20.7526,0,100.131
20.7535,1,100.151
20.7545,1,100.132
20.7554,0,100.24
20.7563,1,100.241
20.7573,1,100.211
20.7582,0,100.46
20.7592,0,100.402
20.7601,1,100.434
20.7611,0,100.477
20.762,1,100.505
20.7629,0,100.417
20.7639,1,100.442
20.7648,0,100.365
20.7658,0,100.194
20.7663,1,100.512
20.7677,0,100.045
20.7681,1,100.573
20.7691,1,100.501
20.7705,0,100.04
20.771,1,100.564
20.7724,0,100.035
20.7729,1,100.618
20.7743,0,100.03
20.7747,1,100.666
20.7762,0,100.026
20.7771,0,100.023
20.7776,1,100.833
20.779,0,99.8953
20.7795,1,100.854
20.7809,0,99.7834
20.7818,0,99.6854
20.7823,1,100.997
20.7832,1,100.872
20.7847,0,99.5998
20.7851,1,100.888
20.7865,0,99.6498
20.7875,0,99.6936
20.788,1,100.902
20.7889,1,100.789
20.7899,0,99.7319
20.7908,1,100.691
20.7917,0,99.7654
20.7927,1,100.604
20.7936,0,99.7947
20.7946,0,99.8204
20.7955,1,100.529
20.7965,1,100.463
20.7974,0,99.8428
20.7983,0,99.8625
20.7993,1,100.405
20.8002,1,100.354
20.8012,1,100.31
20.8021,0,99.8797
20.8031,0,99.8947
20.804,1,100.271
20.805,1,100.112
20.8059,0,99.9079
20.8068,1,99.9733
20.8078,1,99.8516
20.8087,0,99.9194
20.8097,0,99.9295
20.8106,1,99.7452
20.8116,0,99.9383
20.8125,1,99.777
20.8135,0,99.946
20.8144,0,99.9527
20.8153,1,99.8049
20.8163,0,99.9586
20.8172,1,99.8293
20.8182,0,99.9638
20.8191,1,99.8506
20.8201,0,99.9683
20.821,0,99.9723
20.8219,1,99.7443
20.8229,0,99.8508
20.8238,1,99.6513
20.8248,1,99.5699
20.8257,0,99.7444
20.8267,1,99.4986
20.8276,0,99.6514
20.8286,1,99.5613
20.8295,0,99.6949
20.8304,0,99.7331
20.8314,0,99.7664
20.8323,1,99.6161
20.8333,0,99.7956
20.8342,1,99.6641
20.8352,0,99.8212
20.8366,1,99.7061
20.8375,1,99.7428
20.838,0,100.094
20.8394,1,99.775
20.8399,0,100.207
20.8413,1,99.8031
20.8422,1,99.8277
20.8427,0,100.431
20.8437,0,100.377
20.8451,1,99.8493
20.8455,0,100.455
20.847,1,99.8681
20.8474,0,100.648
20.8489,1,99.8846
20.8498,1,99.899
20.8503,0,100.942
20.8517,1,99.9116
20.8522,0,101.074
20.8536,1,99.9227
20.8545,1,99.9323
20.855,0,101.19
20.8564,1,99.9408
20.8573,1,99.9482
20.8578,0,101.291
20.8588,0,101.13
20.8602,1,99.9547
20.8611,0,101.239
20.8621,1,100.21
20.863,0,101.334
20.864,1,100.309
20.8649,0,101.417
20.8658,0,101.365
20.8668,1,100.645
20.8677,0,101.444
20.8687,1,100.815
20.8696,1,100.838
20.8706,0,101.639
20.8715,1,100.983
20.8725,0,101.684
20.8734,1,101.235
20.8743,0,101.723
20.8753,1,101.456
20.8762,0,101.758
20.8772,0,101.663
20.8781,1,101.774
20.8791,0,101.705
20.88,1,101.927
20.8809,0,101.742
20.8819,0,101.649
20.8828,1,102.061
20.8838,1,101.929
20.8847,0,101.818
20.8857,1,101.938
20.8866,0,101.841
20.8876,0,101.736
20.8885,1,102.07
20.8894,1,102.062
20.8904,0,101.894
20.8913,1,102.179
20.8923,0,102.032
20.8932,1,102.281
20.8942,0,102.153
20.8951,0,102.134
20.8961,1,102.496
20.897,1,102.309
20.8979,0,102.242
20.8989,0,102.087
20.8998,1,102.396
20.9008,1,102.221
20.9017,1,102.069
20.9027,0,102.326
20.9036,0,102.16
20.9045,1,102.185
20.9055,1,102.037
20.9064,0,102.265
20.9074,1,102.157
20.9083,1,102.138
20.9093,0,102.482
20.9102,0,102.422
20.9112,0,102.369
20.9116,1,102.37
20.913,0,102.323
20.9135,1,102.449
20.9149,0,102.158
20.9159,0,102.013
20.9163,1,102.643
20.9178,0,101.886
20.9182,1,102.688
20.9197,0,101.776
20.9201,1,102.727
20.9215,0,101.679
20.9225,0,101.594
20.923,1,102.761
20.9244,0,101.645
20.9248,1,102.791
20.9258,1,102.692
20.9272,0,101.689
20.9277,1,102.73
20.9291,0,101.728
20.9296,1,102.764
20.931,0,101.637
20.9319,0,101.557
20.9329,0,101.488
20.9333,1,103.044
20.9343,1,102.913
20.9352,0,101.552
20.9362,1,102.799
20.9371,0,101.608
20.9381,1,102.699
20.939,1,102.612
20.9399,0,101.657
20.9409,1,102.41
20.9418,0,101.7
20.9428,1,102.234
20.9437,1,102.08
20.9447,0,101.737
20.9456,0,101.77
20.9466,1,101.945
20.9475,0,101.799
20.9484,1,101.952
20.9494,0,101.824
20.9503,1,101.958
20.9513,1,101.963
20.9522,0,101.846
20.9532,1,101.968
20.9541,0,101.865
20.9551,1,101.972
20.956,1,101.85
20.9569,0,101.882
20.9579,1,101.744
20.9588,1,101.651
20.9598,0,101.897
20.9607,0,101.91
20.9617,1,101.57
20.9626,0,101.796
20.9635,1,101.498
20.9645,0,101.696
20.9654,1,101.561
20.9664,0,101.734
20.9673,0,101.768
20.9683,1,101.616
20.9692,0,101.797
20.9702,1,101.664
20.9711,1,101.706
20.972,0,101.822
20.973,1,101.618
20.9739,0,101.719
20.9749,1,101.54
20.9758,0,101.629
20.9768,1,101.473
20.9777,0,101.551
20.9787,0,101.482
20.9796,1,101.414
20.9805,0,101.422
20.9815,1,101.362
20.9824,0,101.494
20.9834,0,101.557
20.9843,1,101.442
20.9853,1,101.512
20.9862,0,101.613
20.9876,1,101.573
20.9881,0,101.911
20.989,0,102.047
20.9905,1,101.626
20.9914,1,101.673
20.9919,0,102.291
20.9933,1,101.714
20.9938,0,102.38
20.9952,1,101.749
20.9956,0,102.457
20.9966,0,102.4
20.998,1,101.781
20.9989,1,101.808
20.9994,0,102.6
21.0004,0,102.65
21.0018,1,101.832
21.0027,1,101.853
21.0037,1,101.872
21.0041,0,103.069
21.0051,0,103.06
21.0065,1,101.888
21.0074,1,101.902
21.0079,0,103.178
21.0093,1,101.914
21.0103,1,102.05
21.0112,0,103.406
21.0122,0,103.355
21.0131,0,103.31
21.0141,1,102.543
21.015,0,103.272
21.0159,1,102.726
21.0169,0,103.238
21.0178,0,103.208
21.0188,1,103.01
21.0197,0,103.307
21.0207,1,103.134
21.0216,0,103.394
21.0225,1,103.242
21.0235,0,103.469
21.0244,0,103.411
21.0254,1,103.462
21.0263,0,103.484
21.0273,1,103.654
21.0282,1,103.697
21.0292,0,103.674
21.0301,1,103.86
21.031,0,103.715
21.032,1,103.878
21.0329,0,103.625
21.0339,0,103.547
21.0348,0,103.479
21.0358,1,104.143
21.0367,1,104
21.0377,0,103.669
21.0386,1,104
21.0395,0,103.71
21.0405,1,104
21.0414,1,103.875
21.0424,0,103.871
21.0433,1,103.891
21.0443,0,104.013
21.0452,1,104.029
21.0461,1,104.026
21.0471,0,104.261
21.048,0,104.228
21.049,1,104.147
21.0499,0,104.2
21.0509,1,104.129
21.0518,0,104.175
21.0528,1,104.113
21.0537,1,103.974
21.0546,0,104.278
21.0556,1,103.977
21.0565,0,104.243
21.0575,1,103.98
21.0584,1,103.857
21.0594,0,104.338
21.0603,1,104
21.0613,1,104
21.0622,0,104.546
21.0631,0,104.477
21.0641,1,104.25
21.065,0,104.543
21.066,1,104.219
21.0669,0,104.475
21.0679,0,104.291
21.0683,1,104.317
21.0697,0,104.129
21.0707,0,103.988
21.0712,1,104.527
21.0726,0,103.865
21.0731,1,104.586
21.074,1,104.388
21.0754,0,103.756
21.0759,1,104.339
21.0773,0,103.787
21.0778,1,104.422
21.0792,0,103.814
21.0797,1,104.494
21.0811,0,103.837
21.082,0,103.857
21.0825,1,104.682
21.0839,0,103.75
21.0844,1,104.722
21.0858,0,103.656
21.0867,0,103.574
21.0872,1,104.882
21.0882,1,104.772
21.0896,0,103.503
21.09,1,104.8
21.091,1,104.575
21.0919,0,103.44
21.0929,0,103.385
21.0938,1,104.378
21.0948,1,104.206
21.0957,0,103.462
21.0967,1,104.055
21.0976,0,103.529
21.0985,1,103.923
21.0995,0,103.588
21.1004,0,103.639
21.1014,1,103.808
21.1023,1,103.832
21.1033,0,103.684
21.1042,0,103.724
21.1051,1,103.853
21.1061,1,103.871
21.107,1,103.887
21.108,0,103.633
21.1089,0,103.554
21.1099,1,103.776
21.1108,1,103.679
21.1118,0,103.61
21.1127,1,103.594
21.1136,1,103.52
21.1146,0,103.534
21.1155,0,103.467
21.1165,0,103.409
21.1174,1,103.455
21.1184,0,103.483
21.1193,1,103.523
21.1203,0,103.547
21.1212,0,103.604
21.1221,1,103.583
21.1231,0,103.653
21.124,1,103.635
21.125,0,103.572
21.1259,1,103.556
21.1269,0,103.5
21.1278,0,103.438
21.1287,1,103.486
21.1297,0,103.383
21.1306,1,103.425
21.1316,1,103.372
21.1325,0,103.335
21.1335,1,103.326
21.1344,0,103.293
21.1354,1,103.41
21.1363,0,103.382
21.1372,0,103.459
21.1382,0,103.527
21.1391,1,103.484
21.1401,1,103.548
21.141,0,103.586
21.142,1,103.48
21.1429,0,103.512
21.1439,1,103.42
21.1448,1,103.367
21.1457,0,103.448
21.1467,1,103.321
21.1476,0,103.392
21.1486,1,103.281
21.1495,1,103.246
21.1505,0,103.343
21.1514,0,103.3
21.1528,1,103.34
21.1533,0,103.513
21.1547,1,103.423
21.1552,0,103.824
21.1566,1,103.495
21.1575,1,103.558
21.158,0,104.221
21.1594,1,103.613
21.1599,0,104.318
21.1613,1,103.662
21.1623,1,103.704
21.1627,0,104.528
21.1641,1,103.741
21.1651,1,103.773
21.1656,0,104.712
21.1665,0,104.623
21.1679,1,103.677
21.1684,0,104.67
21.1698,1,103.717
21.1703,0,104.712
21.1712,0,104.748
21.1726,1,103.752
21.1731,0,104.904
21.1741,0,104.916
21.1755,1,103.783
21.1764,0,105.052
21.1774,1,104.06
21.1783,1,104.178
21.1793,0,105.295
21.1802,1,104.531
21.1811,0,105.383
21.1821,1,104.839
21.183,0,105.46
21.184,1,104.984
21.1849,0,105.403
21.1859,0,105.227
21.1868,1,105.236
21.1877,0,105.199
21.1887,1,105.332
21.1896,0,105.299
21.1906,0,105.262
21.1915,1,105.54
21.1925,1,105.473
21.1934,0,105.479
21.1944,1,105.539
21.1953,1,105.471
21.1962,0,105.669
21.1972,0,105.711
21.1981,1,105.787
21.1991,1,105.814
21.2,0,105.997
21.201,1,105.837
21.2019,0,105.997
21.2029,1,105.858
21.2038,0,105.997
21.2047,0,105.873
21.2057,1,106
21.2066,1,105.875
21.2076,0,106.014
21.2085,0,105.887
21.2095,1,106.016
21.2104,1,105.889
21.2113,1,105.778
21.2123,0,106.151
21.2132,0,106.132
21.2142,1,105.931
21.2151,1,105.939
21.2161,0,106.366
21.217,1,106.072
21.218,1,105.938
21.2189,0,106.445
21.2198,0,106.264
21.2208,0,106.106
21.2217,1,106.196
21.2227,0,106.093
21.2236,1,106.171
21.2246,0,106.081
21.2255,0,105.946
21.2265,1,106.275
21.2274,0,105.953
21.2283,1,106.24
21.2293,0,105.959
21.2302,1,106.21
21.2312,0,106.089
21.2321,0,106.078
21.2331,1,106.434
21.234,0,106.193
21.2349,1,106.38
21.2359,1,106.207
21.2368,0,106.294
21.2378,1,106.181
21.2387,0,106.257
21.2397,1,106.159
21.2406,0,106.225
21.2416,0,106.072
21.2425,0,105.938
21.2434,0,105.821
21.2439,1,106.389
21.2449,1,106.215
21.2463,0,105.718
21.2467,1,106.188
21.2482,0,105.753
21.2486,1,106.29
21.2496,1,106.254
21.251,0,105.659
21.2515,1,106.347
21.2529,0,105.577
21.2534,1,106.429
21.2543,1,106.375
21.2557,0,105.505
21.2567,0,105.442
21.2571,1,106.578
21.2585,0,105.386
21.259,1,106.631
21.2604,0,105.338
21.2609,1,106.552
21.2619,1,106.358
21.2633,0,105.296
21.2637,1,106.313
21.2647,1,106.149
21.2656,0,105.384
21.2666,1,106.005
21.2675,1,105.88
21.2685,0,105.461
21.2694,1,105.77
21.2703,1,105.674
21.2713,0,105.528
21.2722,0,105.587
21.2732,1,105.714
21.2741,0,105.639
21.2751,1,105.75
21.276,0,105.684
21.277,0,105.598
21.2779,1,105.656
21.2788,0,105.524
21.2798,0,105.458
21.2807,1,105.574
21.2817,0,105.401
21.2826,1,105.502
21.2836,1,105.44
21.2845,0,105.351
21.2855,1,105.385
21.2864,0,105.307
21.2873,1,105.337
21.2883,0,105.269
21.2892,1,105.42
21.2902,0,105.36
21.2911,0,105.44
21.2921,1,105.492
21.293,0,105.51
21.2939,1,105.431
21.2949,0,105.446
21.2958,0,105.39
21.2968,1,105.377
21.2977,1,105.33
21.2987,0,105.342
21.2996,1,105.288
21.3006,1,105.252
21.3015,0,105.299
21.3024,0,105.262
21.3034,1,105.221
21.3043,1,105.193
21.3053,0,105.229
21.3062,1,105.294
21.3072,0,105.325
21.3081,1,105.382
21.3091,0,105.41
21.31,0,105.358
21.3109,1,105.335
21.3119,1,105.293
21.3128,0,105.314
21.3138,0,105.274
21.3147,1,105.256
21.3157,1,105.224
21.3166,1,105.196
21.3175,0,105.24
21.3185,0,105.21
21.3194,1,105.172
21.3204,1,105.15
21.3213,0,105.184
21.3223,1,105.131
21.3232,1,105.24
21.3242,0,105.286
21.3251,0,105.375
21.326,0,105.453
21.327,1,105.21
21.3279,0,105.397
21.3289,1,105.184
21.3298,0,105.347
21.3308,0,105.304
21.3317,1,105.161
21.3327,0,105.266
21.3336,1,105.141
21.3345,0,105.232
21.3355,1,105.123
21.3364,0,105.203
21.3374,0,105.303
21.3388,1,105.108
21.3393,0,105.515
21.3407,1,105.219
21.3416,1,105.317
21.3421,0,105.826
21.3435,1,105.402
21.344,0,105.973
21.3454,1,105.477
21.3459,0,106.101
21.3468,0,106.088
21.3478,0,106.077
21.3487,0,106.068
21.3501,1,105.667
21.3511,1,105.834
21.3515,0,106.309
21.3529,1,105.855
21.3534,0,106.396
21.3548,1,105.873
21.3558,1,105.889
21.3563,0,106.596
21.3577,1,105.903
21.3581,0,106.772
21.3596,1,105.915
21.3605,1,105.925
21.3614,0,107.05
21.3624,0,107.044
21.3633,1,106.31
21.3643,0,107.163
21.3652,1,106.521
21.3662,0,107.268
21.3671,1,106.706
21.3681,1,106.868
21.369,0,107.359
21.3699,1,107.009
21.3709,1,107.008
21.3718,0,107.44
21.3728,1,107.132
21.3737,1,107.116
21.3747,0,107.635
21.3756,1,107.226
21.3765,1,107.198
21.3775,0,107.805
21.3784,0,107.705
21.3794,1,107.423
21.3803,0,107.742
21.3813,1,107.495
21.3822,0,107.774
21.3832,0,107.677
21.3841,1,107.683
21.385,0,107.842
21.386,0,107.737
21.3869,1,107.848
21.3879,0,107.77
21.3888,1,107.867
21.3898,1,107.759
21.3907,0,107.924
21.3917,1,107.789
21.3926,0,107.933
21.3935,1,107.815
21.3945,0,107.942
21.3954,1,107.838
21.3964,0,107.949
21.3973,0,107.83
21.3983,1,107.983
21.3992,0,107.852
21.4001,1,107.986
21.4011,0,107.87
21.402,0,107.886
21.403,1,108.112
21.4039,1,107.973
21.4049,0,108.026
21.4058,1,107.977
21.4068,1,107.855
21.4077,0,108.147
21.4086,0,108.004
21.4096,1,107.998
21.4105,1,107.873
21.4115,0,108.128
21.4124,1,107.889
21.4134,0,108.112
21.4143,1,107.903
21.4153,0,108.098
21.4162,0,107.961
21.4171,1,108.04
21.4181,1,108.035
21.419,0,108.216
21.42,0,108.064
21.4209,1,108.156
21.4219,1,108.011
21.4228,1,107.885
21.4237,0,108.306
21.4247,0,108.143
21.4256,1,108.024
21.4266,1,107.896
21.4275,0,108.25
21.4285,1,107.909
21.4294,1,107.795
21.4304,0,108.344
21.4313,0,108.176
21.4322,0,108.029
21.4332,1,108.071
21.4341,0,108.025
21.4351,1,108.187
21.436,0,108.147
21.437,0,108.004
21.4379,1,108.289
21.4389,0,108.003
21.4398,0,107.878
21.4403,1,108.378
21.4417,0,107.768
21.4422,1,108.455
21.4436,0,107.672
21.4445,0,107.588
21.445,1,108.524
21.4464,0,107.515
21.4469,1,108.458
21.4478,1,108.276
21.4492,0,107.45
21.4497,1,108.241
21.4511,0,107.519
21.4516,1,108.211
21.453,0,107.579
21.454,0,107.507
21.4549,0,107.443
21.4558,0,107.388
21.4563,1,108.56
21.4573,1,108.365
21.4587,0,107.339
21.4591,1,108.319
21.4606,0,107.297
21.461,1,108.404
21.462,1,108.229
21.4629,1,108.075
21.4639,0,107.26
21.4648,1,107.941
21.4658,0,107.227
21.4667,1,107.823
21.4676,1,107.72
21.4686,0,107.199
21.4695,0,107.174
21.4705,1,107.63
21.4714,0,107.152
21.4724,1,107.551
21.4733,0,107.133
21.4743,1,107.483
21.4752,1,107.422
21.4761,0,107.242
21.4771,1,107.494
21.478,1,107.558
21.479,0,107.211
21.4799,1,107.488
21.4809,1,107.427
21.4818,0,107.185
21.4827,1,107.374
21.4837,1,107.327
21.4846,0,107.162
21.4856,0,107.142
21.4865,1,107.286
21.4875,0,107.124
21.4884,1,107.25
21.4894,0,107.108
21.4903,0,107.095
21.4912,1,107.219
21.4922,0,107.083
21.4931,0,107.198
21.4941,1,107.317
21.495,0,107.298
21.496,1,107.277
21.4969,1,107.242
21.4979,0,107.261
21.4988,1,107.212
21.4997,0,107.228
21.5007,1,107.186
21.5016,0,107.2
21.5026,1,107.162
21.5035,0,107.175
21.5045,0,107.153
21.5054,1,107.142
21.5063,0,107.134
21.5073,1,107.124
21.5082,0,107.117
21.5092,0,107.102
21.5101,1,107.234
21.5111,1,107.33
21.512,0,107.215
21.513,1,107.288
21.5139,1,107.252
21.5148,0,107.188
21.5158,0,107.164
21.5167,1,107.221
21.5177,1,107.193
21.5186,0,107.144
21.5196,1,107.169
21.5205,0,107.126
21.5215,1,107.148
21.5224,0,107.11
21.5233,0,107.096
21.5243,1,107.129
21.5252,1,107.113
21.5262,0,107.084
21.5271,0,107.199
21.5281,1,107.224
21.529,1,107.321
21.5299,1,107.281
21.5309,0,107.174
21.5318,0,107.152
21.5328,1,107.246
21.5337,1,107.215
21.5347,0,107.133
21.5356,1,107.188
21.5366,1,107.165
21.5375,0,107.116
21.5384,0,107.102
21.5394,0,107.089
21.5403,1,107.144
21.5413,0,107.078
21.5422,1,107.126
21.5432,0,107.068
21.5441,0,107.185
21.5451,1,107.235
21.546,0,107.162
21.5469,0,107.141
21.5479,1,107.206
21.5488,0,107.124
21.5502,1,107.305
21.5507,0,107.358
21.5517,0,107.439
21.5531,1,107.517
21.5535,0,107.634
21.555,1,107.577
21.5559,1,107.63
21.5564,0,107.929
21.5578,1,107.676
21.5583,0,108.063
21.5597,1,107.717
21.5602,0,108.18
21.5611,0,108.158
21.562,0,108.263
21.563,0,108.23
21.5644,1,107.752
21.5653,1,107.783
21.5658,0,108.451
21.5672,1,107.81
21.5677,0,108.52
21.5691,1,107.834
21.5701,1,107.98
21.571,1,108.107
21.5715,0,108.83
21.5729,1,108.094
21.5738,0,108.976
21.5748,1,108.332
21.5757,1,108.416
21.5767,0,109.229
21.5776,0,109.201
21.5786,1,108.739
21.5795,0,109.3
21.5805,1,108.896
21.5814,0,109.388
21.5823,1,109.034
21.5833,1,109.03
21.5842,0,109.589
21.5852,1,109.151
21.5861,1,109.132
21.5871,0,109.766
21.588,1,109.241
21.5889,1,109.211
21.5899,0,109.92
21.5908,1,109.309
21.5918,1,109.271
21.5927,0,110.055
21.5937,0,109.923
21.5946,1,109.487
21.5956,0,109.933
21.5965,1,109.551
21.5974,0,109.941
21.5984,0,109.824
21.5993,1,109.732
21.6003,0,109.846
21.6012,0,109.74
21.6022,1,109.891
21.6031,0,109.772
21.6041,1,109.904
21.605,1,109.791
21.6059,0,109.801
21.6069,1,109.817
21.6078,0,109.826
21.6088,1,109.84
21.6097,0,109.848
21.6107,1,109.86
21.6116,0,109.867
21.6125,0,109.758
21.6135,1,110.003
21.6144,0,109.788
21.6154,1,110.002
21.6163,0,109.815
21.6173,0,109.713
21.6182,1,110.127
21.6192,1,109.986
21.6201,0,109.874
21.621,1,109.988
21.622,1,109.864
21.6229,0,109.89
21.6239,0,109.778
21.6248,1,110.006
21.6258,1,109.881
21.6267,0,109.931
21.6277,1,109.895
21.6286,0,109.94
21.6295,1,109.909
21.6305,0,109.947
21.6314,0,109.829
21.6324,1,110.045
21.6333,1,109.914
21.6343,0,109.975
21.6352,0,109.853
21.6361,1,110.05
21.6371,1,109.919
21.638,1,109.804
21.639,0,109.997
21.6399,0,109.872
21.6409,1,109.953
21.6418,1,109.834
21.6428,0,110.013
21.6437,1,109.855
21.6446,1,109.748
21.6456,0,110.136
21.6465,0,109.994
21.6475,0,109.87
21.6484,1,110.03
21.6494,0,109.886
21.6503,1,110.026
21.6513,0,109.901
21.6522,0,109.788
21.6531,1,110.148
21.6541,0,109.814
21.655,0,109.838
21.656,1,110.129
21.6569,0,109.858
21.6579,1,110.113
21.6588,0,109.876
21.6597,0,109.766
21.6607,1,110.099
21.6616,0,109.795
21.6626,1,109.962
21.6635,1,109.841
21.6645,0,109.946
21.6654,1,109.861
21.6664,0,109.953
21.6673,1,109.879
21.6682,0,109.959
21.6692,0,109.839
21.6701,0,109.734
21.6711,0,109.642
21.672,0,109.687
21.6725,1,110.269
21.6734,1,110.11
21.6744,0,109.601
21.6753,1,110.096
21.6767,0,109.526
21.6772,1,110.084
21.6782,1,109.949
21.6791,1,109.83
21.68,0,109.46
21.681,1,109.726
21.6824,0,109.403
21.6829,1,109.761
21.6838,1,109.666
21.6852,0,109.352
21.6862,0,109.308
21.6867,1,109.832
21.6881,0,109.27
21.6885,1,109.853
21.69,0,109.111
21.6904,1,109.872
21.6914,1,109.763
21.6928,0,108.972
21.6933,1,109.792
21.6942,1,109.693
21.6956,0,108.851
21.6961,1,109.732
21.697,1,109.64
21.6985,0,108.869
21.6989,1,109.685
21.6999,1,109.6
21.7013,0,108.886
21.7022,1,109.775
21.7027,0,108.9
21.7041,0,108.912
21.7046,1,109.803
21.706,0,108.923
21.7069,1,109.827
21.7079,0,108.933
21.7088,0,108.816
21.7093,1,109.849
21.7107,1,109.618
21.7112,0,108.964
21.7126,1,109.416
21.7136,0,109.094
21.7145,1,109.489
21.7154,1,109.428
21.7159,0,109.207
21.7173,1,109.374
21.7178,0,109.306
21.7187,0,109.268
21.7197,1,109.327
21.7206,0,109.234
21.7221,1,109.286
21.7225,0,109.33
21.7239,0,109.289
21.7249,1,109.251
21.7254,0,109.253
21.7268,1,109.094
21.7277,0,109.346
21.7282,1,109.083
21.7296,1,108.947
21.7305,0,109.428
21.7315,1,109.079
21.732,0,109.374
21.7334,1,109.069
21.7343,1,109.06
21.7348,0,109.578
21.7362,1,109.053
21.7367,0,109.63
21.7381,1,109.046
21.7386,0,109.677
21.7395,0,109.592
21.7409,1,108.915
21.7419,1,108.801
21.7423,0,109.768
21.7433,0,109.672
21.7447,1,108.701
21.7457,0,109.713
21.7461,1,108.738
21.7471,1,108.771
21.748,0,109.749
21.7494,1,108.8
21.7504,0,109.905
21.7513,1,108.95
21.7523,1,108.956
21.7527,0,109.917
21.7541,0,109.802
21.7551,1,109.211
21.7556,0,109.702
21.7565,0,109.614
21.7575,1,109.185
21.7589,1,109.037
21.7593,0,109.663
21.7603,0,109.58
21.7617,1,108.907
21.7622,0,109.632
21.7631,0,109.553
21.7645,1,108.919
21.765,0,109.609
21.7664,1,108.929
21.7669,0,109.658
21.7678,0,109.576
21.7693,1,108.938
21.7697,0,109.629
21.7711,1,108.946
21.7721,1,108.952
21.7726,0,109.8
21.774,1,108.833
21.7744,0,109.825
21.7759,1,108.729
21.7763,0,109.847
21.7773,0,109.741
21.7782,0,109.648
21.7792,0,109.567
21.7801,0,109.496
21.7811,1,108.763
21.782,1,108.668
21.7829,0,109.559
21.7839,1,108.584
21.7848,0,109.615
21.7858,1,108.511
21.7872,1,108.572
21.7881,1,108.626
21.7886,0,109.913
21.7895,0,109.799
21.7905,1,108.798
21.7914,0,109.699
21.7924,1,108.948
21.7938,0,109.486
21.7947,1,109.204
21.7957,0,109.426
21.7966,0,109.247
21.7971,1,109.429
21.798,1,109.5
21.799,0,109.216
21.7999,1,109.438
21.8009,0,109.439
21.8023,1,109.633
21.8032,1,109.679
21.8037,0,109.635
21.8051,1,109.844
21.8061,1,109.863
21.8065,0,109.805
21.808,1,109.881
21.8089,1,109.895
21.8094,0,109.955
21.8108,0,109.835
21.8113,1,110.159
21.8122,1,110.139
21.8131,0,109.981
21.8146,1,110.121
21.815,0,110.108
21.8165,1,110.106
21.8169,0,110.095
21.8179,1,109.843
21.8188,0,110.208
21.8202,0,110.432
21.8207,1,109.863
21.8216,1,109.755
21.8226,0,110.503
21.824,1,110.035
21.8245,0,110.565
21.8259,1,110.156
21.8268,0,110.619
21.8278,0,110.542
21.8283,1,110.511
21.8297,0,110.599
21.8301,1,110.823
21.8311,1,110.97
21.832,0,110.774
21.8334,1,110.974
21.8339,0,110.803
21.8349,0,110.827
21.8358,1,110.977
21.8372,0,110.974
21.8377,1,110.98
21.8391,0,111.102
21.8401,1,111.107
21.841,1,111.094
21.8415,0,111.089
21.8429,1,111.082
21.8438,0,111.203
21.8448,0,111.053
21.8452,1,111.197
21.8467,0,110.921
21.8471,1,111.422
21.8481,1,111.494
21.849,0,110.931
21.8504,1,111.558
21.8509,0,110.94
21.8523,1,111.613
21.8533,0,110.947
21.8542,0,110.954
21.8547,1,111.786
21.8561,0,110.96
21.857,1,111.938
21.858,1,111.821
21.8585,0,110.84
21.8599,1,111.843
21.8608,0,110.735
21.8618,1,111.863
21.8627,0,110.643
21.8632,1,111.88
21.8641,1,111.895
21.8651,0,110.687
21.8665,1,111.783
21.867,0,110.727
21.8684,1,111.685
21.8693,0,111.011
21.8703,0,111.009
21.8707,1,111.725
21.8721,0,111.133
21.8726,1,111.634
21.874,0,111.242
21.8745,1,111.43
21.8759,0,111.336
21.8769,0,111.294
21.8773,1,111.376
21.8788,0,111.383
21.8792,1,111.204
21.8802,0,111.585
21.8811,1,111.054
21.8825,0,111.762
21.8835,1,111.047
21.8844,0,111.791
21.8854,0,111.692
21.8858,1,111.166
21.8873,0,111.606
21.8882,0,111.53
21.8891,1,111.52
21.8901,1,111.205
21.891,0,111.714
21.892,1,111.055
21.8929,0,111.875
21.8939,1,110.923
21.8948,0,112.14
21.8953,1,110.807
21.8962,0,112.373
21.8972,1,110.706
21.8986,0,112.576
21.8995,1,110.743
21.9005,0,112.504
21.9014,1,110.775
21.9024,0,112.566
21.9028,1,110.678
21.9042,0,112.62
21.9052,1,110.719
21.9061,1,110.504
21.9066,0,112.668
21.908,1,110.441
21.909,0,112.709
21.9099,0,112.746
21.9104,1,110.511
21.9113,1,110.322
21.9123,0,112.902
21.9132,1,110.282
21.9146,0,113.04
21.9151,1,110.246
21.9165,0,113.035
21.9175,1,110.341
21.9184,1,110.423
21.9189,0,112.905
21.9203,1,110.62
21.9208,0,112.667
21.9217,0,112.459
21.9227,1,110.668
21.9241,0,112.276
21.9245,1,110.834
21.926,0,111.992
21.9269,1,110.98
21.9278,1,110.982
21.9283,0,111.993
21.9297,1,111.11
21.9302,0,111.994
21.9311,0,111.87
21.9321,1,111.221
21.9335,0,111.761
21.9345,1,111.443
21.9354,1,111.388
21.9359,0,111.666
21.9373,1,111.464
21.9378,0,111.583
21.9387,0,111.51
21.9396,1,111.406
21.9411,0,111.571
21.9415,1,111.356
21.9429,0,111.375
21.9439,1,111.436
21.9448,1,111.382
21.9453,0,111.453
21.9467,1,111.334
21.9472,0,111.646
21.9481,0,111.565
21.9491,1,111.417
21.9505,0,111.495
21.951,1,111.24
21.9524,0,111.433
21.9533,1,111.46
21.9543,1,111.528
21.9547,0,111.379
21.9557,0,111.331
21.9566,1,111.462
21.9581,0,111.415
21.9585,1,111.404
21.9599,0,111.238
21.9609,1,111.478
21.9618,1,111.419
21.9623,0,111.333
21.9637,1,111.366
21.9642,0,111.292
21.9651,0,111.255
21.9661,1,111.445
21.9675,0,111.223
21.968,1,111.265
21.9694,0,111.195
21.9703,1,111.482
21.9713,1,111.546
21.9717,0,111.171
21.9732,1,111.603
21.9736,0,111.15
21.9746,0,110.881
21.9755,1,111.653
21.9769,0,110.771
21.9774,1,111.821
21.9788,0,110.549
21.9798,1,111.969
21.9807,1,111.972
21.9812,0,110.606
21.9821,0,110.53
21.9831,1,112.101
21.9845,0,110.464
21.985,1,112.088
21.9864,0,110.531
21.9873,1,112.202
21.9883,1,112.052
21.9887,0,110.714
21.9901,1,111.92
21.9906,0,110.875
21.9916,0,110.891
21.9925,1,111.805
21.9939,0,110.904
21.9944,1,111.705
21.9958,0,110.916
21.9968,1,111.617
21.9977,1,111.165
21.9982,0,111.177
21.9996,1,110.894
22.0001,0,111.405
22.001,0,111.604
22.0019,1,110.782
22.0034,0,111.654
22.0043,1,110.809
22.0053,1,110.708
22.0057,0,111.822
22.0071,1,110.62
22.0076,0,111.969
22.0086,0,111.973
22.0095,1,110.542
22.0109,0,111.976
22.0114,1,110.474
22.0128,0,111.979
22.0137,1,110.54
22.0147,1,110.348
22.0152,0,112.107
22.0166,1,110.304
22.0171,0,112.219
22.018,0,112.066
22.0189,1,110.266
22.0204,0,112.058
22.0208,1,110.233
22.0222,0,112.176
22.0232,1,110.454
22.0241,1,110.522
22.0246,0,112.154
22.0255,0,112.01
22.0265,1,110.582
22.0274,0,111.883
22.0284,1,110.634
22.0298,0,111.773
22.0307,1,110.805
22.0317,1,110.829
22.0322,0,111.801
22.0336,1,110.851
22.034,0,111.951
22.035,0,111.707
22.0359,1,110.869
22.0373,0,111.744
22.0378,1,110.886
22.0392,0,111.651
22.0402,1,111.15
22.0411,1,111.256
22.0416,0,111.57
22.043,1,111.224
22.0435,0,111.623
22.0444,0,111.545
22.0454,1,111.196
22.0468,0,111.477
22.0473,1,111.297
22.0487,0,111.418
22.0496,1,111.385
22.0506,1,111.336
22.051,0,111.615
22.052,0,111.413
22.0529,1,111.294
22.0543,0,111.487
22.0548,1,111.258
22.0562,0,111.426
22.0572,1,111.475
22.0581,1,111.541
22.0586,0,111.373
22.06,1,111.473
22.0605,0,111.451
22.0614,0,111.395
22.0624,1,111.539
22.0638,0,111.345
22.0643,1,111.472
22.0657,0,111.302
22.0666,1,111.538
22.0676,1,111.471
22.068,0,111.514
22.0694,1,111.412
22.0699,0,111.45
22.0709,0,111.394
22.0718,1,111.36
22.0732,0,111.345
22.0742,1,111.565
22.0751,1,111.62
22.0756,0,111.302
22.077,1,111.417
22.0775,0,111.389
22.0784,0,111.34
22.0794,1,111.49
22.0808,0,111.298
22.0812,1,111.429
22.0827,0,111.26
22.0836,1,111.5
22.0845,1,111.438
22.085,0,111.353
22.0864,1,111.383
22.0869,0,111.434
22.0879,0,111.38
22.0888,1,111.335
22.0902,0,111.457
22.0907,1,111.293
22.0921,0,111.4
22.093,1,111.507
22.094,1,111.318
22.0945,0,111.475
22.0959,1,111.278
22.0963,0,111.541
22.0973,0,111.473
22.0982,1,111.244
22.0997,0,111.414
22.1006,1,111.338
22.1015,1,111.296
22.102,0,111.487
22.1034,1,111.259
22.1039,0,111.551
22.1048,0,111.482
22.1058,1,111.227
22.1072,0,111.547
22.1077,1,111.198
22.1091,0,111.479
22.11,1,111.423
22.111,1,111.371
22.1115,0,111.419
22.1129,1,111.324
22.1133,0,111.491
22.1143,0,111.68
22.1152,1,111.284
22.1166,0,111.845
22.1171,1,111.373
22.1185,0,111.989
22.1195,1,111.452
22.1204,1,111.395
22.1209,0,112.116
22.1218,0,112.226
22.1228,1,111.346
22.1242,0,112.448
22.1247,1,111.303
22.1261,0,112.642
22.127,1,111.515
22.128,1,111.45
22.1284,0,112.687
22.1299,1,111.394
22.1303,0,112.726
22.1313,0,112.885
22.1322,1,111.47
22.1336,0,112.9
22.1341,1,111.411
22.1355,0,112.912
22.1365,1,111.61
22.1374,1,111.783
22.1379,0,112.923
22.1393,1,111.936
22.1398,0,113.058
22.1407,0,113.05
22.1417,1,112.069
22.1431,0,113.169
22.144,1,112.31
22.145,0,113.023
22.1459,1,112.521
22.1469,1,112.581
22.1473,0,113.02
22.1483,0,113.143
22.1492,1,112.758
22.1506,0,113.125
22.1511,1,112.914
22.1525,0,113.109
22.1535,1,112.924
22.1544,1,112.934
22.1549,0,113.096
22.1563,1,112.942
22.1568,0,113.084
22.1577,0,113.073
22.1587,1,112.949
22.1601,0,113.189
22.1605,1,112.956
22.162,0,113.165
22.1629,1,112.961
22.1638,1,112.966
22.1643,0,113.145
22.1657,1,112.97
22.1662,0,113.377
22.1671,0,113.33
22.1681,1,113.099
22.1695,0,113.288
22.1705,1,113.087
22.1714,1,113.076
22.1719,0,113.252
22.1733,1,113.066
22.1738,0,113.221
22.1747,0,113.193
22.1756,1,113.058
22.1771,0,113.294
22.1775,1,113.051
22.1789,0,113.257
22.1799,1,113.044
22.1808,1,113.039
22.1813,0,113.225
22.1827,1,113.034
22.1832,0,113.322
22.1841,0,113.407
22.1851,1,113.155
22.1865,0,113.356
22.187,1,113.01
22.1884,0,113.311
22.1893,1,113.134
22.1903,1,113.242
22.1907,0,113.272
22.1917,0,113.238
22.1926,1,113.212
22.1941,0,113.334
22.1945,1,113.186
22.1959,0,113.292
22.1969,1,113.162
22.1978,1,113.142
22.1983,0,113.255
22.1997,1,113.124
22.2002,0,113.348
22.2011,0,113.43
22.2021,1,113.234
22.2035,0,113.376
22.204,1,113.205
22.2054,0,113.329
22.2063,1,113.179
22.2073,1,113.282
22.2077,0,113.288
22.2092,1,113.371
22.2096,0,113.252
22.2106,0,113.221
22.2115,1,113.325
22.2129,0,113.193
22.2134,1,113.284
22.2148,0,113.044
22.2158,1,113.374
22.2167,1,113.327
22.2172,0,113.163
22.2181,0,113.268
22.2191,1,113.411
22.2205,0,113.234
22.221,1,113.36
22.2224,0,113.205
22.2233,1,113.315
22.2243,1,113.4
22.2247,0,113.179
22.2261,1,113.475
22.2266,0,113.157
22.2276,0,113.137
22.2285,1,113.416
22.2299,0,113.12
22.2304,1,113.364
22.2318,0,113.105
22.2328,1,113.318
22.2337,1,113.279
22.2342,0,113.217
22.2356,1,113.244
22.2361,0,113.44
22.237,0,113.385
22.2379,1,113.213
22.2394,0,113.337
22.2403,1,113.187
22.2413,1,113.288
22.2417,0,113.295
22.2431,1,113.377
22.2436,0,113.258
22.2446,0,113.226
22.2455,1,113.33
22.2469,0,113.197
22.2474,1,113.289
22.2488,0,113.173
22.2497,1,113.253
22.2507,1,113.221
22.2512,0,113.276
22.2526,1,113.194
22.2531,0,113.367
22.254,0,113.321
22.2549,1,113.169
22.2564,0,113.281
22.2568,1,113.023
22.2582,0,113.371
22.2592,1,113.145
22.2601,1,113.252
22.2606,0,113.324
22.2615,0,113.284
22.2625,1,113.221
22.2634,0,113.248
22.2644,1,113.193
22.2658,0,113.217
22.2667,1,113.169
22.2677,1,113.148
22.2682,0,113.315
22.2696,1,113.129
22.27,0,113.401
22.271,0,113.351
22.2719,1,113.113
22.2733,0,113.307
22.2738,1,113.099
22.2752,0,113.393
22.2762,1,113.212
22.2771,1,113.31
22.2776,0,113.344
22.279,1,113.396
22.2795,0,113.301
22.2804,0,113.264
22.2814,1,113.347
22.2828,0,113.231
22.2833,1,113.303
22.2847,0,113.202
22.2856,1,113.391
22.2866,1,113.342
22.287,0,113.302
22.288,0,113.264
22.2889,1,113.299
22.2903,0,113.231
22.2908,1,113.262
22.2922,0,113.327
22.2932,1,113.354
22.2941,1,113.435
22.2946,0,113.286
22.296,1,113.505
22.2965,0,113.25
22.2974,0,113.219
22.2984,1,113.442
22.2998,0,113.192
22.3003,1,113.512
22.3017,0,113.168
22.3026,1,113.448
22.3036,1,113.392
22.304,0,113.272
22.3054,1,113.343
22.3059,0,113.363
22.3069,0,113.192
22.3078,1,113.3
22.3092,0,113.293
22.3102,1,113.388
22.3111,1,113.464
22.3116,0,113.257
22.313,1,113.406
22.3135,0,113.225
22.3144,0,113.197
22.3154,1,113.355
22.3168,0,113.172
22.3172,1,113.436
22.3187,0,113.15
22.3196,1,113.381
22.3205,1,113.334
22.321,0,113.257
22.3224,1,113.292
22.3229,0,113.225
22.3239,0,113.197
22.3248,1,113.256
22.3262,0,113.297
22.3267,1,113.224
22.3281,0,113.385
22.329,1,113.321
22.33,1,113.281
22.3305,0,113.337
22.3319,1,113.12
22.3323,0,113.42
22.3333,0,113.367
22.3342,1,113.23
22.3357,0,113.321
22.3366,1,113.202
22.3375,1,113.176
22.338,0,113.406
22.3394,1,113.154
22.3399,0,113.355
22.3408,0,113.311
22.3418,1,113.135
22.3432,0,113.397
22.3437,1,113.118
22.3451,0,113.472
22.346,1,113.228
22.347,1,113.2
22.3475,0,113.413
22.3489,1,113.175
22.3493,0,113.362
22.3503,0,113.316
22.3512,1,113.278
22.3526,0,113.277
22.3531,1,113.243
22.3545,0,113.242
22.3555,1,113.338
22.3564,1,113.296
22.3569,0,113.212
22.3578,0,113.186
22.3588,1,113.259
22.3602,0,113.287
22.3607,1,113.226
22.3621,0,113.376
22.363,1,113.323
22.364,1,113.283
22.3644,0,113.329
22.3659,1,113.247
22.3663,0,113.288
22.3673,0,113.377
22.3682,1,113.341
22.3696,0,113.33
22.3701,1,113.424
22.3715,0,113.289
22.3725,1,113.371
22.3734,1,113.324
22.3739,0,113.253
22.3753,1,113.284
22.3758,0,113.346
22.3767,0,113.303
22.3777,1,113.248
22.3791,0,113.39
22.38,1,113.342
22.381,0,113.216
22.3819,1,113.425
22.3829,1,113.371
22.3833,0,113.189
22.3843,0,113.291
22.3852,1,113.45
22.3866,0,113.254
22.3871,1,113.519
22.3885,0,113.222
22.3895,1,113.454
22.3904,1,113.397
22.3909,0,113.195
22.3923,1,113.348
22.3928,0,113.17
22.3937,0,113.149
22.3947,1,113.304
22.3961,0,113.255
22.3965,1,113.266
22.398,0,113.223
22.3989,1,113.233
22.3998,1,113.204
22.4003,0,113.196
22.4017,1,113.178
22.4022,0,113.421
22.4031,0,113.368
22.4041,1,113.281
22.4055,0,113.322
22.4065,1,113.246
22.4074,1,113.215
22.4079,0,113.282
22.4093,1,113.188
22.4098,0,113.247
22.4107,0,113.216
22.4116,1,113.165
22.4131,0,113.314
22.4135,1,113.144
22.4149,0,113.275
22.4159,1,113.126
22.4168,1,113.11
22.4173,0,113.24
22.4187,1,113.097
22.4192,0,113.335
22.4201,0,113.418
22.4211,1,113.209
22.4225,0,113.366
22.423,1,113.058
22.4244,0,113.32
22.4253,1,113.176
22.4263,1,113.279
22.4267,0,113.28
22.4277,0,113.245
22.4286,1,113.244
22.4301,0,113.34
22.4305,1,113.214
22.4319,0,113.297
22.4329,1,113.187
22.4338,1,113.164
22.4343,0,113.26
22.4357,1,113.143
22.4362,0,113.353
22.4371,0,113.433
22.4381,1,113.25
22.4395,0,113.379
22.44,1,113.219
22.4414,0,113.332
22.4423,1,113.192
22.4433,1,113.293
22.4437,0,113.29
22.4452,1,113.381
22.4456,0,113.254
22.4466,0,113.222
22.4475,1,113.333
22.4489,0,113.195
22.4494,1,113.292
22.4508,0,113.045
22.4518,1,113.38
22.4527,1,113.333
22.4532,0,113.165
22.4541,0,113.269
22.4551,1,113.416
22.4565,0,113.235
22.457,1,113.364
22.4584,0,113.206
22.4593,1,113.319
22.4603,1,113.404
22.4607,0,113.18
22.4621,1,113.478
22.4626,0,113.158
22.4636,0,113.138
22.4645,1,113.419
22.4659,0,113.121
22.4664,1,113.366
22.4678,0,113.106
22.4688,1,113.32
22.4697,1,113.28
22.4702,0,113.217
22.4716,1,113.245
22.4721,0,113.44
22.473,0,113.385
22.4739,1,113.215
22.4754,0,113.337
22.4763,1,113.188
22.4773,1,113.289
22.4777,0,113.295
22.4791,1,113.378
22.4796,0,113.258
22.4806,0,113.226
22.4815,1,113.331
22.4829,0,113.198
22.4834,1,113.29
22.4848,0,113.173
22.4857,1,113.253
22.4867,1,113.222
22.4872,0,113.276
22.4886,1,113.194
22.4891,0,113.367
22.49,0,113.321
22.4909,1,113.17
22.4924,0,113.281
22.4928,1,113.024
22.4942,0,113.371
22.4952,1,113.146
22.4961,1,113.252
22.4966,0,113.324
22.4975,0,113.284
22.4985,1,113.221
22.4994,0,113.248
22.5004,1,113.193
22.5018,0,113.217
22.5027,1,113.169
22.5037,1,113.148
22.5042,0,113.315
22.5056,1,113.129
22.506,0,113.401
22.507,0,113.351
22.5079,1,113.113
22.5093,0,113.307
22.5098,1,113.099
22.5112,0,113.393
22.5122,1,113.212
22.5131,1,113.31
22.5136,0,113.344
22.515,1,113.396
22.5155,0,113.301
22.5164,0,113.264
22.5174,1,113.347
22.5188,0,113.231
22.5193,1,113.304
22.5207,0,113.202
22.5216,1,113.391
22.5226,1,113.342
22.523,0,113.302
22.524,0,113.264
22.5249,1,113.299
22.5263,0,113.231
22.5268,1,113.262
22.5282,0,113.327
22.5292,1,113.354
22.5301,1,113.435
22.5306,0,113.286
22.532,1,113.505
22.5325,0,113.25
22.5334,0,113.219
22.5344,1,113.442
22.5358,0,113.192
22.5363,1,113.512
22.5377,0,113.168
22.5386,1,113.448
22.5396,1,113.392
22.54,0,113.272
22.5414,1,113.343
22.5419,0,113.363
22.5429,0,113.192
22.5438,1,113.3
22.5452,0,113.293
22.5462,1,113.388
22.5471,1,113.464
22.5476,0,113.257
22.549,1,113.406
22.5495,0,113.225
22.5504,0,113.197
22.5514,1,113.355
22.5528,0,113.172
22.5532,1,113.436
22.5547,0,113.15
22.5556,1,113.381
22.5565,1,113.334
22.557,0,113.257
22.5584,1,113.292
22.5589,0,113.225
22.5599,0,113.322
22.5608,1,113.256
22.5622,0,113.656
22.5627,1,113.224
22.5641,0,113.949
22.565,1,113.321
22.566,1,113.281
22.5665,0,114.206
22.5679,1,113.12
22.5683,0,114.305
22.5693,0,114.392
22.5702,1,113.23
22.5717,0,114.468
22.5726,1,113.202
22.5735,1,113.176
22.574,0,114.659
22.5754,1,113.154
22.5759,0,114.702
22.5768,0,114.614
22.5778,1,113.135
22.5792,0,114.787
22.5797,1,113.118
22.5811,0,114.939
22.582,1,113.228
22.583,1,113.325
22.5835,0,115.072
22.5849,1,113.534
22.5853,0,115.063
22.5863,0,114.93
22.5872,1,113.842
22.5886,0,114.939
22.5891,1,114.112
22.5905,0,114.946
22.5915,1,114.223
22.5924,1,114.32
22.5929,0,114.953
22.5938,0,114.834
22.5948,1,114.405
22.5962,0,114.98
22.5967,1,114.48
22.5981,0,115.107
22.599,1,114.67
22.6,1,114.586
22.6004,0,115.219
22.6019,1,114.638
22.6023,0,115.191
22.6033,0,115.043
22.6042,1,114.808
22.6056,0,115.162
22.6061,1,114.957
22.6075,0,115.142
22.6085,1,115.087
22.6094,1,114.951
22.6099,0,115.124
22.6113,1,114.957
22.6118,0,115.109
22.6127,0,115.095
22.6137,1,114.963
22.6151,0,115.208
22.616,1,115.092
22.617,0,115.182
22.6179,1,115.081
22.6189,1,115.071
22.6193,0,115.159
22.6203,0,115.014
22.6212,1,115.187
22.6226,0,115.138
22.6231,1,115.289
22.6245,0,115.12
22.6255,1,115.377
22.6264,1,115.205
22.6269,0,115.105
22.6283,1,115.18
22.6288,0,115.092
22.6297,0,114.956
22.6307,1,115.157
22.6321,0,115.086
22.6325,1,115.138
22.634,0,115.075
22.6349,1,115.12
22.6358,1,114.98
22.6363,0,115.191
22.6377,1,114.983
22.6382,0,115.167
22.6391,0,115.271
22.6401,1,115.11
22.6415,0,115.237
22.6425,1,115.221
22.6434,1,115.069
22.6439,0,115.208
22.6453,1,115.06
22.6458,0,115.182
22.6467,0,115.034
22.6476,1,115.052
22.6491,0,115.155
22.6495,1,115.046
22.6509,0,115.135
22.6519,1,115.04
22.6528,1,114.91
22.6533,0,115.243
22.6547,1,114.921
22.6552,0,115.213
22.6561,0,115.186
22.6571,1,115.056
22.6585,0,115.288
22.659,1,115.049
22.6604,0,115.252
22.6613,1,115.043
22.6623,1,115.038
22.6627,0,115.221
22.6637,0,115.068
22.6646,1,115.158
22.6661,0,115.185
22.6665,1,115.138
22.6679,0,115.161
22.6689,1,115.121
22.6698,1,114.981
22.6703,0,115.266
22.6717,1,114.983
22.6722,0,115.233
22.6731,0,115.204
22.6741,1,115.11
22.6755,0,115.303
22.676,1,115.097
22.6774,0,115.265
22.6783,1,115.209
22.6793,1,115.058
22.6797,0,115.232
22.6812,1,115.176
22.6816,0,115.203
22.6826,0,115.053
22.6835,1,115.279
22.6849,0,115.046
22.6854,1,115.244
22.6868,0,115.04
22.6878,1,115.214
22.6887,1,115.187
22.6892,0,115.035
22.6901,0,115.031
22.6911,1,115.289
22.6925,0,115.152
22.693,1,115.252
22.6944,0,115.133
22.6953,1,115.346
22.6963,1,115.178
22.6967,0,115.116
22.6981,1,115.28
22.6986,0,115.102
22.6996,0,114.964
22.7005,1,115.37
22.7019,0,114.969
22.7024,1,115.324
22.7038,0,114.973
22.7048,1,115.284
22.7057,1,115.123
22.7062,0,115.101
22.7076,1,115.108
22.7081,0,115.213
22.709,0,115.312
22.7099,1,115.094
22.7114,0,115.273
22.7123,1,115.207
22.7133,1,115.057
22.7137,0,115.239
22.7151,1,115.174
22.7156,0,115.209
22.7166,0,115.058
22.7175,1,115.278
22.7189,0,115.05
22.7194,1,115.243
22.7208,0,115.044
22.7217,1,115.213
22.7227,1,115.061
22.7232,0,115.164
22.7246,1,115.053
22.7251,0,115.268
22.726,0,115.11
22.7269,1,115.047
22.7284,0,115.221
22.7288,1,115.041
22.7302,0,115.193
22.7312,1,115.036
22.7321,1,115.031
22.7326,0,115.294
22.7335,0,115.132
22.7345,1,115.152
22.7354,0,115.116
22.7364,1,115.133
22.7378,0,115.101
22.7387,1,115.117
22.7397,1,114.977
22.7402,0,115.214
22.7416,1,114.98
22.742,0,115.312
22.743,0,115.148
22.7439,1,114.982
22.7453,0,115.254
22.7458,1,114.985
22.7472,0,115.223
22.7482,1,115.112
22.7491,1,115.098
22.7496,0,115.32
22.751,1,115.21
22.7515,0,115.28
22.7524,0,115.12
22.7534,1,115.309
22.7548,0,115.105
22.7553,1,115.27
22.7567,0,115.092
22.7576,1,115.237
22.7586,1,115.207
22.759,0,115.205
22.76,0,115.055
22.7609,1,115.181
22.7623,0,115.173
22.7628,1,115.159
22.7642,0,115.151
22.7652,1,115.264
22.7661,1,115.231
22.7666,0,115.257
22.768,1,115.327
22.7685,0,115.225
22.7694,0,115.072
22.7704,1,115.411
22.7718,0,115.063
22.7723,1,115.36
22.7737,0,115.055
22.7746,1,115.44
22.7756,1,115.26
22.776,0,115.173
22.7774,1,115.227
22.7779,0,115.152
22.7789,0,115.133
22.7798,1,115.199
22.7812,0,115.116
22.7822,1,115.299
22.7831,1,115.262
22.7836,0,115.227
22.785,1,115.229
22.7855,0,115.198
22.7864,0,115.048
22.7874,1,115.325
22.7888,0,115.042
22.7892,1,115.285
22.7907,0,115.037
22.7916,1,115.374
22.7925,1,115.202
22.793,0,115.157
22.7944,1,115.177
22.7949,0,115.138
22.7959,0,114.996
22.7968,1,115.155
22.7982,0,115.121
22.7987,1,115.136
22.8001,0,115.231
22.801,1,115.244
22.802,1,115.088
22.8025,0,115.327
22.8039,1,115.077
22.8043,0,115.286
22.8053,0,115.25
22.8062,1,115.067
22.8077,0,115.219
22.8086,1,115.184
22.8095,1,115.036
22.81,0,115.317
22.8114,1,115.032
22.8119,0,115.277
22.8128,0,115.118
22.8138,1,115.028
22.8152,0,115.228
22.8157,1,115.024
22.8171,0,115.324
22.818,1,115.146
22.819,1,115.003
22.8195,0,115.409
22.8209,1,115.003
22.8213,0,115.358
22.8223,0,115.188
22.8232,1,115.127
22.8246,0,115.164
22.8251,1,115.236
22.8265,0,115.144
22.8275,1,115.207
22.8284,1,115.181
22.8289,0,115.126
22.8298,0,114.985
22.8308,1,115.158
22.8322,0,115.112
22.8327,1,115.139
22.8341,0,115.223
22.835,1,115.246
22.836,1,115.09
22.8364,0,115.32
22.8379,1,115.079
22.8383,0,115.28
22.8393,0,115.12
22.8402,1,115.194
22.8416,0,115.23
22.8421,1,115.295
22.8435,0,115.201
22.8445,1,115.383
22.8454,1,115.21
22.8459,0,115.176
22.8473,1,115.184
22.8478,0,115.154
22.8487,0,115.135
22.8497,1,115.161
22.8511,0,115.243
22.852,1,115.266
22.853,0,115.213
22.8539,1,115.233
22.8549,1,115.204
22.8553,0,115.186
22.8563,0,115.038
22.8572,1,115.303
22.8586,0,115.158
22.8591,1,115.39
22.8605,0,115.138
22.8615,1,115.466
22.8624,1,115.283
22.8629,0,115.121
22.8643,1,115.248
22.8648,0,115.106
22.8657,0,114.968
22.8667,1,115.217
22.8681,0,115.097
22.8685,1,115.19
22.87,0,115.085
22.8709,1,115.166
22.8718,1,115.02
22.8723,0,115.199
22.8737,1,115.018
22.8742,0,115.174
22.8751,0,115.277
22.8761,1,115.14
22.8775,0,115.243
22.8785,1,115.248
22.8794,1,115.092
22.8799,0,115.212
22.8813,1,115.08
22.8818,0,115.186
22.8827,0,115.038
22.8836,1,115.07
22.8851,0,115.158
22.8855,1,115.062
22.8869,0,115.138
22.8879,1,115.054
22.8888,1,114.922
22.8893,0,115.246
22.8907,1,114.932
22.8912,0,115.215
22.8921,0,115.188
22.8931,1,115.065
22.8945,0,115.29
22.895,1,115.057
22.8964,0,115.254
22.8973,1,115.05
22.8983,1,115.044
22.8987,0,115.222
22.8997,0,115.069
22.9006,1,115.163
22.9021,0,115.185
22.9025,1,115.143
22.9039,0,115.162
22.9049,1,115.125
22.9058,1,114.984
22.9063,0,115.267
22.9077,1,114.986
22.9082,0,115.234
22.9091,0,115.204
22.9101,1,115.113
22.9115,0,115.304
22.912,1,115.099
22.9134,0,115.266
22.9143,1,115.212
22.9153,1,115.06
22.9157,0,115.233
22.9172,1,115.178
22.9176,0,115.204
22.9186,0,115.053
22.9195,1,115.28
22.9209,0,115.046
22.9214,1,115.245
22.9228,0,115.041
22.9238,1,115.215
22.9247,1,115.188
22.9252,0,115.036
22.9261,0,115.031
22.9271,1,115.289
22.9285,0,115.152
22.929,1,115.253
22.9304,0,115.133
22.9313,1,115.347
22.9323,1,115.178
22.9327,0,115.117
22.9341,1,115.281
22.9346,0,115.102
22.9356,0,114.964
22.9365,1,115.371
22.9379,0,114.969
22.9384,1,115.324
22.9398,0,114.973
22.9408,1,115.284
22.9417,1,115.123
22.9422,0,115.101
22.9436,1,115.108
22.9441,0,115.213
22.945,0,115.312
22.9459,1,115.094
22.9474,0,115.273
22.9483,1,115.208
22.9493,1,115.057
22.9497,0,115.239
22.9511,1,115.175
22.9516,0,115.209
22.9526,0,115.058
22.9535,1,115.278
22.9549,0,115.051
22.9554,1,115.243
22.9568,0,115.044
22.9577,1,115.213
22.9587,1,115.061
22.9592,0,115.164
22.9606,1,115.053
22.9611,0,115.268
22.962,0,115.11
22.9629,1,115.047
22.9644,0,115.221
22.9648,1,115.041
22.9662,0,115.193
22.9672,1,115.036
22.9681,1,115.031
22.9686,0,115.294
22.9695,0,115.132
22.9705,1,115.152
22.9714,0,115.116
22.9724,1,115.133
22.9738,0,115.101
22.9747,1,115.117
22.9757,1,114.977
22.9762,0,115.214
22.9776,1,114.98
22.978,0,115.312
22.979,0,115.148
22.9799,1,114.982
22.9813,0,115.254
22.9818,1,114.985
22.9832,0,115.223
22.9842,1,115.112
22.9851,1,115.098
22.9856,0,115.32
22.987,1,115.21
22.9875,0,115.28
22.9884,0,115.12
22.9894,1,115.309
22.9908,0,115.105
22.9913,1,115.27
22.9927,0,115.092
22.9936,1,115.237
22.9946,1,115.207
22.995,0,115.205
22.996,0,115.055
22.9969,1,115.181
22.9988,1,115.159
23.0012,1,115.264
23.0021,1,115.231
23.004,1,115.327
23.0064,1,115.411
23.0083,1,115.36
23.0106,1,115.44
23.0116,1,115.26
23.0134,1,115.227
23.0158,1,115.199
23.0182,1,115.299
23.0191,1,115.262
23.021,1,115.229
23.1135,0,114.923
23.1159,0,114.932
23.1178,0,114.691
23.1187,0,114.23
23.1211,0,113.951
23.1229,0,113.457
23.1253,0,113.15
23.1277,0,112.756
23.13,0,112.412
23.1329,0,112.11
23.1352,0,111.721
23.1357,1,114.825
23.1366,1,114.347
23.1381,1,113.804
23.1385,0,111.381
23.1395,0,110.959
23.1404,1,113.078
23.1418,1,112.318
23.1423,0,110.589
23.1437,1,111.529
23.1442,0,110.265
23.1456,0,109.607
23.1465,1,110.963
23.1475,0,109.156
23.1484,1,110.342
23.1494,0,108.637
23.1499,1,109.549
23.1513,0,108.057
23.1517,1,108.856
23.1532,0,107.425
23.1536,1,108.124
23.1546,0,106.622
23.1555,1,107.233
23.1569,1,106.329
23.1574,0,106.044
23.1588,1,105.413
23.1593,0,105.414
23.1607,0,104.487
23.1617,1,104.736
23.1626,0,103.801
23.1635,1,104.019
23.1645,0,103.201
23.165,1,103.267
23.1664,0,102.426
23.1668,1,102.484
23.1683,0,101.623
23.1687,1,101.798
23.1697,0,100.795
23.1706,1,100.948
23.172,1,100.08
23.1725,0,100.07
23.1739,1,99.1948
23.1744,0,99.3116
23.1758,0,98.5226
23.1768,1,98.4205
23.1777,0,97.8323
23.1786,1,97.6179
23.1796,0,97.1033
23.1801,1,96.9157
23.1815,0,96.2154
23.1819,1,96.1762
23.1834,0,95.3134
23.1838,1,95.4042
23.1848,0,94.3993
23.1857,1,94.4787
23.1871,1,93.6688
23.1876,0,93.5994
23.189,1,92.8352
23.1895,0,92.8994
23.1909,0,92.037
23.1914,1,91.9808
23.1928,0,91.0324
23.1933,1,91.2332
23.1947,0,90.1533
23.1956,1,90.5791
23.1966,0,89.5092
23.1975,0,88.8205
23.198,1,89.8817
23.1994,0,88.218
23.2004,1,89.2715
23.2008,0,87.8157
23.2018,0,87.3387
23.2032,1,88.6125
23.2037,0,87.0464
23.2051,1,88.036
23.2055,0,86.6656
23.207,1,87.2815
23.2074,0,86.4574
23.2089,1,86.6213
23.2093,0,86.1502
23.2107,0,85.7564
23.2117,1,86.1686
23.2126,1,85.5225
23.2136,0,85.4119
23.2145,1,85.0822
23.2155,1,84.6969
23.2159,0,85.1104
23.2173,1,84.3598
23.2183,1,84.0649
23.2192,1,83.9317
23.2202,0,85.0966
23.2211,0,84.8345
23.2221,0,84.6052
23.2225,1,83.9403
23.2235,1,83.8227
23.2249,0,84.2796
23.2254,1,83.8449
23.2268,0,83.9946
23.2277,0,83.7453
23.2282,1,83.9893
23.2296,0,83.5271
23.2301,1,83.9906
23.2315,0,83.3362
23.232,1,83.8668
23.2334,0,83.1692
23.2339,1,83.8834
23.2353,0,83.0231
23.2358,1,83.898
23.2372,0,83.0202
23.2376,1,83.9108
23.2386,1,83.7969
23.24,0,83.0176
23.2405,1,83.8223
23.2414,1,83.7195
23.2424,0,83.0154
23.2433,0,83.0135
23.2443,1,83.6296
23.2452,0,83.0118
23.2461,1,83.5509
23.2471,0,83.0103
23.248,1,83.607
23.249,0,82.8841
23.2499,1,83.5311
23.2509,0,82.7735
23.2518,1,83.4647
23.2527,0,82.8019
23.2537,1,83.4067
23.2546,1,83.2308
23.2556,0,82.8266
23.2565,1,83.202
23.2575,0,82.8483
23.2584,0,82.8673
23.2594,1,83.1767
23.2603,0,82.8838
23.2612,1,83.1546
23.2622,0,82.8984
23.2636,1,83.1353
23.2641,0,83.1611
23.2655,1,83.2434
23.266,0,83.2659
23.2674,1,83.338
23.2679,0,83.3577
23.2693,1,83.4207
23.2702,1,83.3681
23.2707,0,83.688
23.2721,1,83.3221
23.2726,0,83.852
23.2735,0,83.8705
23.2749,1,83.2818
23.2754,0,84.0117
23.2768,1,83.2466
23.2773,0,84.1352
23.2787,1,83.2158
23.2792,0,84.2433
23.2801,0,84.2129
23.2815,1,83.3138
23.282,0,84.3113
23.2834,1,83.2746
23.2839,0,84.2724
23.2848,0,84.2383
23.2863,1,83.2403
23.2872,0,84.4585
23.2881,1,83.4602
23.2891,0,84.6512
23.29,1,83.6527
23.291,0,84.6948
23.2919,1,83.8211
23.2929,0,84.733
23.2938,0,84.6413
23.2948,1,84.0935
23.2957,1,84.0818
23.2966,0,84.8112
23.2976,1,84.1966
23.2985,1,84.172
23.2995,0,84.9598
23.3004,1,84.2755
23.3014,1,84.2411
23.3023,1,84.2109
23.3033,0,85.3398
23.3042,0,85.1723
23.3051,0,85.0258
23.3061,1,84.5596
23.307,1,84.6146
23.308,0,85.0226
23.3089,0,84.8947
23.3094,1,84.7878
23.3108,0,84.7829
23.3117,0,84.685
23.3122,1,85.0643
23.3136,0,84.5994
23.3141,1,85.1813
23.3155,0,84.5245
23.316,1,85.1586
23.3174,0,84.4589
23.3179,1,85.2638
23.3193,0,84.4016
23.3198,1,85.3558
23.3212,0,84.3514
23.3217,1,85.4363
23.3226,1,85.3818
23.324,0,84.3074
23.3245,1,85.4591
23.3254,1,85.4017
23.3269,0,84.269
23.3278,0,84.2354
23.3283,1,85.6015
23.3297,0,84.206
23.3302,1,85.6513
23.3311,1,85.5699
23.332,0,84.3052
23.333,1,85.3736
23.3339,0,84.3921
23.3349,1,85.3269
23.3358,0,84.4681
23.3368,1,85.2861
23.3377,0,84.5345
23.3387,1,85.2503
23.3396,1,85.219
23.3405,0,84.5927
23.3415,1,85.1916
23.3424,0,84.6436
23.3434,0,84.6882
23.3443,1,85.1677
23.3453,0,84.7272
23.3462,1,85.1467
23.3471,0,84.7613
23.3481,1,85.1284
23.349,0,84.7911
23.35,1,84.9873
23.3509,0,84.8172
23.3519,1,84.8639
23.3528,0,84.8401
23.3542,1,84.8809
23.3552,1,84.8958
23.3556,0,85.2351
23.3571,1,84.9088
23.3575,0,85.4557
23.3585,0,85.5237
23.3599,1,84.9202
23.3604,0,85.7082
23.3618,1,84.9302
23.3623,0,85.8697
23.3637,1,84.9389
23.3641,0,86.011
23.3651,0,86.0096
23.3665,1,84.9466
23.367,0,86.0084
23.3684,1,84.9532
23.3689,0,86.0074
23.3698,0,86.0064
23.3712,1,84.9591
23.3717,0,86.1306
23.3731,1,84.9642
23.3736,0,86.1143
23.375,1,84.8437
23.3759,0,86.1
23.3769,1,84.9882
23.3778,0,86.2125
23.3788,0,86.186
23.3797,1,85.3647
23.3807,1,85.4441
23.3816,0,86.4127
23.3825,1,85.6386
23.3835,1,85.6838
23.3844,0,86.6111
23.3854,1,85.8483
23.3863,1,85.8673
23.3873,1,85.8838
23.3882,0,86.9097
23.3892,0,86.796
23.3901,0,86.6965
23.391,1,86.2734
23.392,1,86.1142
23.3929,0,86.7344
23.3939,0,86.6426
23.3948,1,86.2249
23.3958,0,86.6873
23.3967,0,86.6014
23.3977,1,86.4468
23.3986,0,86.6512
23.3995,0,86.5698
23.4,1,86.641
23.4014,0,86.4986
23.4019,1,86.6858
23.4033,0,86.4363
23.4038,1,86.8501
23.4052,0,86.3817
23.4057,1,86.9938
23.4071,0,86.334
23.4076,1,87.1196
23.4085,1,87.1047
23.4099,0,86.1673
23.4104,1,87.2166
23.4113,1,87.1895
23.4128,0,86.1464
23.4137,0,86.1281
23.4142,1,87.4158
23.4156,0,86.1121
23.4161,1,87.4888
23.417,1,87.4277
23.4184,0,86.098
23.4189,1,87.3743
23.4203,0,86.2108
23.4208,1,87.4525
23.4217,1,87.3959
23.4227,0,86.3094
23.4236,1,87.3464
23.4246,0,86.3958
23.4255,1,87.3031
23.4264,1,87.2652
23.4274,0,86.4713
23.4283,1,87.2321
23.4293,0,86.5374
23.4302,0,86.5952
23.4312,1,87.2031
23.4321,0,86.6458
23.4331,1,87.1777
23.434,0,86.5651
23.4349,1,87.0305
23.4359,0,86.4944
23.4368,1,87.0267
23.4378,0,86.5576
23.4387,1,87.0233
23.4397,0,86.6129
23.4406,1,86.8954
23.4415,1,86.7835
23.4425,0,86.6613
23.4434,1,86.6856
23.4444,0,86.7036
23.4453,0,86.7407
23.4463,1,86.7249
23.4472,0,86.7731
23.4486,1,86.7592
23.4491,0,87.0515
23.4505,1,86.7893
23.451,0,87.17
23.4519,0,87.1488
23.4533,1,86.8157
23.4538,0,87.2552
23.4552,1,86.8387
23.4557,0,87.4733
23.4567,0,87.5391
23.4581,1,86.8589
23.4585,0,87.7217
23.46,1,86.7515
23.4604,0,87.8815
23.4618,1,86.7826
23.4623,0,88.0213
23.4637,1,86.8098
23.4642,0,88.1437
23.4651,0,88.1257
23.4666,1,86.8335
23.4675,1,86.8543
23.468,0,88.235
23.4694,1,86.8725
23.4703,1,87.0135
23.4713,0,88.4556
23.4722,1,87.2618
23.4732,1,87.3541
23.4741,1,87.4348
23.4751,0,88.7737
23.476,0,88.677
23.4769,0,88.4673
23.4779,1,87.7555
23.4788,1,87.661
23.4798,0,88.5339
23.4807,0,88.4672
23.4817,1,87.9534
23.4826,0,88.5338
23.4836,0,88.4671
23.4845,1,88.2092
23.4854,0,88.5337
23.4864,0,88.467
23.4873,1,88.4331
23.4883,0,88.5336
23.4892,1,88.5039
23.4902,0,88.5919
23.4911,1,88.6909
23.4921,0,88.6429
23.493,1,88.7296
23.4939,0,88.5625
23.4949,0,88.3672
23.4954,1,88.8884
23.4963,1,88.9023
23.4977,0,88.3213
23.4982,1,89.0395
23.4991,1,89.0346
23.5005,0,88.2812
23.5015,0,88.246
23.502,1,89.1553
23.5034,0,88.2153
23.5039,1,89.1359
23.5048,1,88.9939
23.5062,0,88.1883
23.5067,1,88.9946
23.5081,0,88.1648
23.5086,1,89.1203
23.5095,1,89.1053
23.5109,0,88.1442
23.5114,1,89.2171
23.5128,0,88.1262
23.5133,1,89.315
23.5142,1,89.2756
23.5157,0,88.1104
23.5161,1,89.3662
23.5171,1,89.3204
23.518,0,88.2216
23.519,0,88.1939
23.5199,1,89.1553
23.5208,0,88.1697
23.5218,1,89.0109
23.5227,0,88.2735
23.5237,1,89.0096
23.5246,0,88.3643
23.5256,1,89.0084
23.5265,0,88.4437
23.5275,1,89.0073
23.5284,0,88.5133
23.5293,1,89.0064
23.5303,1,89.0056
23.5312,0,88.5741
23.5322,1,89.0049
23.5331,0,88.6273
23.5341,0,88.6739
23.535,1,89.0043
23.5359,0,88.5897
23.5369,1,88.8787
23.5378,0,88.516
23.5388,1,88.7689
23.5397,0,88.5765
23.5407,0,88.6294
23.5416,1,88.6728
23.5426,0,88.6757
23.5435,1,88.5887
23.5444,0,88.7163
23.5454,0,88.8767
23.5468,1,88.5151
23.5473,0,89.1421
23.5487,1,88.5757
23.5492,0,89.3744
23.5506,1,88.6288
23.5511,0,89.5776
23.5525,1,88.6752
23.5529,0,89.6304
23.5539,0,89.5516
23.5553,1,88.7158
23.5562,1,88.7513
23.5567,0,89.7326
23.5581,1,88.7824
23.5591,1,88.8096
23.5595,0,90.0161
23.561,1,88.7084
23.5619,1,88.6198
23.5629,1,88.5424
23.5633,0,90.264
23.5643,0,90.106
23.5652,0,89.9678
23.5666,1,88.5996
23.5676,1,88.7746
23.5685,0,90.2218
23.5695,0,90.1941
23.5704,1,89.1778
23.5713,0,90.2948
23.5723,0,90.258
23.5732,1,89.5306
23.5742,0,90.3507
23.5751,0,90.3069
23.5761,1,89.8392
23.577,0,90.3935
23.578,1,89.8593
23.5789,0,90.3443
23.5798,1,89.8769
23.5808,0,90.3013
23.5817,1,89.8923
23.5827,0,90.2636
23.5836,0,90.2307
23.5846,1,90.1558
23.5855,1,90.1363
23.5865,0,90.4518
23.5874,1,90.2443
23.5883,1,90.2137
23.5893,0,90.6454
23.5902,0,90.5647
23.5912,1,90.437
23.5921,0,90.6191
23.5931,1,90.6324
23.594,1,90.6783
23.5949,0,90.6667
23.5959,0,90.4584
23.5964,1,90.8435
23.5978,0,90.2761
23.5983,1,90.9881
23.5992,1,90.9896
23.6006,0,90.2416
23.6011,1,91.1159
23.6025,0,90.2114
23.603,1,91.1014
23.6039,1,90.9637
23.6053,0,90.1849
23.6058,1,90.9683
23.6067,1,90.8472
23.6082,0,90.1618
23.6091,0,90.2666
23.6096,1,90.9913
23.611,0,90.2333
23.6115,1,91.1174
23.6129,0,90.2041
23.6134,1,91.2277
23.6148,0,90.1786
23.6152,1,91.3243
23.6167,0,90.1563
23.6171,1,91.4087
23.6181,1,91.3576
23.619,0,90.2617
23.62,1,91.1879
23.6209,1,91.0394
23.6219,0,90.229
23.6228,1,90.9095
23.6237,0,90.2004
23.6247,0,90.1753
23.6256,1,90.7958
23.6266,0,90.2784
23.6275,1,90.8213
23.6285,0,90.3686
23.6294,1,90.8437
23.6303,0,90.4475
23.6313,0,90.5166
23.6322,1,90.8632
23.6332,0,90.577
23.6341,1,90.8803
23.6351,0,90.6299
23.636,0,90.6762
23.637,1,90.7703
23.6379,0,90.5916
23.6388,1,90.674
23.6398,0,90.5177
23.6407,1,90.5897
23.6417,0,90.453
23.6426,1,90.516
23.6436,0,90.5214
23.6445,0,90.5812
23.6455,1,90.4515
23.6464,1,90.3951
23.6473,0,90.6335
23.6488,1,90.3457
23.6497,1,90.3025
23.6502,0,91.0543
23.6516,1,90.3897
23.6525,1,90.466
23.6535,1,90.5327
23.6539,0,91.4225
23.6549,0,91.3697
23.6558,0,91.3235
23.6573,1,90.5911
23.6582,1,90.6422
23.6587,0,91.5331
23.6596,0,91.4664
23.661,1,90.687
23.6615,0,91.5331
23.6624,0,91.4665
23.6639,1,90.6011
23.6643,0,91.5332
23.6653,0,91.4665
23.6667,1,90.5259
23.6672,0,91.5332
23.6686,1,90.5852
23.6695,0,91.5916
23.6705,1,90.8871
23.6714,0,91.7676
23.6724,1,91.1512
23.6733,0,91.9217
23.6742,0,91.9315
23.6752,1,91.5073
23.6761,1,91.5689
23.6771,0,92.19
23.678,1,91.7478
23.679,1,91.6543
23.6799,0,92.2913
23.6809,0,92.1299
23.6818,1,91.8225
23.6827,0,92.1136
23.6837,1,91.8447
23.6846,1,91.7391
23.6856,0,92.2244
23.6865,0,92.1964
23.6875,1,91.8967
23.6884,0,92.2968
23.6893,1,92.0346
23.6903,1,92.0303
23.6912,0,92.5097
23.6922,1,92.1515
23.6931,0,92.571
23.6941,1,92.2576
23.695,1,92.3504
23.696,0,92.6246
23.6969,1,92.4316
23.6978,1,92.3776
23.6988,0,92.6716
23.6997,0,92.4626
23.7007,0,92.2798
23.7011,1,92.7054
23.7026,0,92.2448
23.703,1,92.8672
23.7045,0,92.2142
23.7049,1,92.8838
23.7063,0,92.1874
23.7068,1,92.8984
23.7082,0,92.164
23.7087,1,92.9111
23.7096,1,92.7972
23.7111,0,92.1435
23.7115,1,92.8225
23.7125,1,92.8447
23.7139,0,92.1256
23.7144,1,92.9891
23.7158,0,92.1099
23.7167,0,92.0961
23.7172,1,93.2405
23.7186,0,92.0841
23.7191,1,93.3354
23.7205,0,92.0736
23.721,1,93.2935
23.7224,0,92.0644
23.7233,0,92.0563
23.7238,1,93.3818
23.7247,1,93.2091
23.7257,0,92.0493
23.7266,1,93.0579
23.7276,0,92.0431
23.7285,0,92.0377
23.7295,1,93.0507
23.7304,0,92.158
23.7314,1,93.0444
23.7323,0,92.2633
23.7332,1,93.0388
23.7342,0,92.3554
23.7351,1,93.034
23.7361,0,92.4359
23.737,0,92.5065
23.738,1,92.9047
23.7389,1,92.7916
23.7399,0,92.4431
23.7408,1,92.6927
23.7417,1,92.6061
23.7427,0,92.3878
23.7436,1,92.5303
23.7446,1,92.464
23.7455,1,92.406
23.7465,0,92.4643
23.7474,0,92.5312
23.7483,0,92.5898
23.7493,1,92.3553
23.7502,1,92.3109
23.7512,0,92.6411
23.7521,0,92.686
23.7531,1,92.272
23.754,0,92.7252
23.755,0,92.7596
23.7564,1,92.363
23.7568,0,92.9146
23.7578,0,92.9253
23.7592,1,92.4426
23.7597,0,93.0596
23.7611,1,92.5123
23.7616,0,93.1772
23.763,1,92.4483
23.7635,0,93.28
23.7649,1,92.3922
23.7653,0,93.37
23.7663,0,93.3238
23.7677,1,92.3432
23.7686,1,92.3003
23.7691,0,93.5333
23.7705,1,92.2628
23.7715,1,92.3549
23.7719,0,93.5916
23.7729,0,93.5177
23.7743,1,92.4356
23.7748,0,93.578
23.7762,1,92.5061
23.7771,1,92.6928
23.7781,0,93.8807
23.779,0,93.8956
23.78,1,92.9812
23.7809,0,93.9087
23.7819,1,93.1086
23.7828,1,93.095
23.7837,0,94.0451
23.7847,1,93.2081
23.7856,0,94.0395
23.7866,1,93.3071
23.7875,1,93.2687
23.7885,0,94.1595
23.7894,1,93.3601
23.7904,1,93.4401
23.7913,0,94.3896
23.7922,0,94.3409
23.7932,0,94.2983
23.7941,1,93.8851
23.7951,0,94.386
23.796,1,94.0245
23.797,0,94.3377
23.7979,1,94.0214
23.7989,0,94.2955
23.7998,1,94.1437
23.8007,0,94.2586
23.8017,1,94.2508
23.8026,1,94.2194
23.8036,0,94.3513
23.8045,1,94.317
23.8055,1,94.2774
23.8064,0,94.4323
23.8073,1,94.3677
23.8083,0,94.5033
23.8092,0,94.4404
23.8102,0,94.3853
23.8107,1,94.5717
23.8121,0,94.3372
23.8125,1,94.6253
23.814,0,94.17
23.8144,1,94.6721
23.8158,0,94.0238
23.8168,0,93.8958
23.8173,1,94.9631
23.8182,1,94.9677
23.8196,0,93.9088
23.8201,1,95.0967
23.8215,0,93.9202
23.8225,0,93.9302
23.8229,1,95.2096
23.8243,0,93.9389
23.8248,1,95.1834
23.8262,0,93.9466
23.8267,1,95.1605
23.8281,0,93.9532
23.8286,1,95.1404
23.83,0,93.9591
23.8309,0,93.8392
23.8314,1,95.2479
23.8324,1,95.2169
23.8333,1,95.1898
23.8343,0,93.9843
23.8352,1,95.1661
23.8361,1,95.1453
23.8371,0,94.1113
23.838,1,95.1271
23.839,1,94.9863
23.8399,1,94.863
23.8409,0,94.0973
23.8418,0,94.0852
23.8427,0,94.0745
23.8437,1,94.7551
23.8446,1,94.6607
23.8456,0,94.0652
23.8465,0,94.0571
23.8475,1,94.5781
23.8484,0,94.0499
23.8494,0,94.1687
23.8503,1,94.5059
23.8512,0,94.2726
23.8522,0,94.3635
23.8531,1,94.4426
23.8541,0,94.4431
23.855,1,94.3873
23.856,0,94.3877
23.8569,1,94.3389
23.8579,0,94.3392
23.8588,1,94.2965
23.8597,0,94.2968
23.8607,0,94.2597
23.8616,1,94.2595
23.8626,1,94.227
23.8635,0,94.2273
23.8645,1,94.1986
23.8654,1,94.1738
23.8663,0,94.3239
23.8673,0,94.4084
23.8682,1,94.1521
23.8692,0,94.4823
23.8706,1,94.1331
23.8715,1,94.1164
23.872,0,94.922
23.873,0,94.8068
23.8744,1,94.2269
23.8748,0,94.8309
23.8763,1,94.3235
23.8772,1,94.4081
23.8777,0,95.1021
23.8791,1,94.4821
23.8796,0,95.2143
23.881,1,94.4218
23.8819,1,94.3691
23.8824,0,95.4375
23.8838,1,94.323
23.8848,1,94.2826
23.8852,0,95.6328
23.8862,0,95.5537
23.8871,0,95.4845
23.8885,1,94.2473
23.889,0,95.5489
23.8904,1,94.2164
23.8914,0,95.6053
23.8923,1,94.4393
23.8933,0,95.7797
23.8942,1,94.7594
23.8951,0,95.9322
23.8961,1,95.0395
23.897,1,95.1595
23.898,0,96.0657
23.8989,1,95.2646
23.8999,1,95.2315
23.9008,0,96.1825
23.9017,1,95.3276
23.9027,0,96.1597
23.9036,0,96.0147
23.9046,0,95.8879
23.9055,1,95.6616
23.9065,0,95.9019
23.9074,1,95.8289
23.9084,0,95.9141
23.9093,1,95.9753
23.9102,0,96.0499
23.9112,0,96.0436
23.9121,1,96.2284
23.9131,1,96.1998
23.914,0,96.2882
23.915,1,96.1749
23.9159,0,96.2522
23.9169,0,96.0956
23.9178,1,96.278
23.9187,0,96.0837
23.9197,1,96.3683
23.9206,0,96.0732
23.9216,1,96.4472
23.9225,0,96.0641
23.9235,1,96.5163
23.9244,0,96.0561
23.9253,0,95.9241
23.9263,1,96.7018
23.9272,1,96.6141
23.9282,1,96.5373
23.9291,0,96.3085
23.9301,0,96.27
23.9305,1,96.5951
23.9315,1,96.5207
23.9329,0,96.1112
23.9334,1,96.5807
23.9343,1,96.5081
23.9353,1,96.5696
23.9367,0,96.0973
23.9376,0,96.0852
23.9386,0,96.0745
23.939,1,96.9984
23.94,1,96.8736
23.9414,0,96.0652
23.9423,0,96.0571
23.9428,1,97.0144
23.9442,0,96.0499
23.9452,0,96.0437
23.9456,1,97.1376
23.9471,0,96.0382
23.948,0,96.0334
23.9485,1,97.2454
23.9499,0,95.9043
23.9504,1,97.2147
23.9513,1,97.0629
23.9523,0,96.0412
23.9532,1,97.055
23.9541,0,96.1611
23.9551,1,97.0481
23.956,0,96.2659
23.957,0,96.2327
23.9579,1,96.9171
23.9589,1,96.8025
23.9598,0,96.2036
23.9607,1,96.7022
23.9617,1,96.6144
23.9626,0,96.1782
23.9636,0,96.1559
23.9645,1,96.5376
23.9655,0,96.1364
23.9664,1,96.4704
23.9674,1,96.4116
23.9683,0,96.1194
23.9692,0,96.2294
23.9702,1,96.3601
23.9711,0,96.3258
23.9721,1,96.3151
23.973,1,96.2757
23.974,0,96.285
23.9749,1,96.1163
23.9759,0,96.2494
23.9768,1,96.1017
23.9777,1,96.089
23.9787,0,96.2182
23.9796,1,96.0779
23.9806,1,96.0682
23.9815,0,96.1909
23.9825,0,96.1671
23.9834,0,96.1462
23.9843,1,96.0596
23.9853,0,96.1279
23.9862,1,96.0522
23.9872,0,96.1119
23.9881,1,96.0457
23.9891,0,96.0979
23.9905,1,96.0399
23.991,0,96.2107
23.9924,1,96.035
23.9933,1,96.0306
23.9938,0,96.4344
23.9952,1,96.1518
23.9961,1,96.2578
23.9966,0,96.7551
23.998,1,96.3506
23.9985,0,96.9107
23.9995,0,96.9218
24.0004,0,96.9316
24.0018,1,96.3067
24.0023,0,97.0652
24.0037,1,96.2684
24.0042,0,97.182
24.0056,1,96.2348
24.0061,0,97.2843
24.007,0,97.2487
24.0084,1,96.2055
24.0094,1,96.1798
24.0098,0,97.3426
24.0113,1,96.2823
24.0122,0,97.4248
24.0131,0,97.4967
24.0141,1,96.747
24.015,0,97.6846
24.016,1,96.9037
24.0169,0,97.724
24.0179,1,97.0407
24.0188,0,97.7585
24.0197,1,97.1606
24.0207,0,97.7887
24.0216,0,97.6901
24.0226,1,97.3905
24.0235,1,97.3417
24.0245,1,97.299
24.0254,0,97.9789
24.0264,0,97.8565
24.0273,1,97.5116
24.0282,1,97.5727
24.0292,0,97.9994
24.0301,1,97.7511
24.0311,1,97.7822
24.032,1,97.8094
24.033,0,98.2495
24.0339,0,98.0933
24.0349,0,97.9567
24.0358,1,98.0832
24.0367,1,97.9478
24.0377,0,98.0871
24.0386,0,97.9512
24.0396,1,98.2044
24.0405,0,97.9573
24.0415,0,97.8376
24.0424,1,98.4288
24.0433,0,97.8579
24.0443,0,97.7507
24.0452,1,98.6252
24.0462,0,97.7818
24.0471,1,98.6721
24.0481,1,98.5881
24.049,0,98.0591
24.05,1,98.5145
24.0509,0,98.0517
24.0518,1,98.4502
24.0528,0,98.0453
24.0537,0,97.9146
24.0547,0,97.9253
24.0551,1,98.6439
24.0561,1,98.6885
24.0575,0,97.9346
24.058,1,98.7274
24.0589,1,98.6365
24.0603,0,97.9428
24.0613,0,97.9499
24.0618,1,98.8069
24.0632,0,97.9562
24.0636,1,98.831
24.0646,1,98.7272
24.066,0,97.9617
24.0669,0,97.8415
24.0674,1,98.8863
24.0688,0,97.7363
24.0693,1,98.9005
24.0703,1,98.7879
24.0717,0,97.7692
24.0721,1,98.8144
24.0736,0,97.7981
24.074,1,98.9626
24.075,1,98.8423
24.0759,1,98.737
24.0769,0,97.8233
24.0778,1,98.6449
24.0787,1,98.5643
24.0797,0,97.8454
24.0806,0,97.8647
24.0816,0,97.8816
24.0825,1,98.4937
24.0835,0,97.8964
24.0844,1,98.432
24.0854,0,97.9094
24.0863,1,98.378
24.0872,0,97.9207
24.0882,1,98.3308
24.0891,0,98.0556
24.0901,1,98.2894
24.091,1,98.2532
24.092,0,98.0487
24.0929,1,98.0966
24.0939,1,97.9595
24.0948,0,98.0426
24.0957,1,97.8396
24.0967,0,98.0373
24.0976,0,98.0326
24.0986,0,98.0285
24.0995,1,97.8596
24.1005,0,98.025
24.1014,1,97.8772
24.1023,0,98.0218
24.1033,1,97.8925
24.1042,0,98.0191
24.1052,0,98.0167
24.1061,1,97.906
24.1071,1,97.9177
24.108,0,98.1396
24.109,1,97.803
24.1099,0,97.9972
24.1108,0,97.8725
24.1118,1,97.7026
24.1127,0,97.7635
24.1137,1,97.7398
24.1146,0,97.793
24.1156,1,97.7723
24.1165,0,97.8189
24.1175,1,97.8008
24.1184,0,97.8415
24.1193,0,97.9863
24.1208,1,97.8257
24.1217,1,97.8475
24.1226,1,97.8665
24.1231,0,98.4881
24.1241,0,98.552
24.1255,1,97.8832
24.1264,1,97.8978
24.1269,0,98.733
24.1283,1,97.9106
24.1293,1,97.9218
24.1302,1,97.9315
24.1307,0,99.0164
24.1316,0,99.0144
24.1326,0,99.0126
24.134,1,97.9401
24.1349,1,97.9476
24.1354,0,99.261
24.1363,0,99.2284
24.1377,1,97.9541
24.1382,0,99.3248
24.1392,0,99.2842
24.1406,1,97.9599
24.1415,0,99.3737
24.1425,0,99.327
24.1434,1,98.3399
24.1444,0,99.4111
24.1453,1,98.5474
24.1462,1,98.604
24.1472,0,99.6097
24.1481,1,98.7785
24.1491,0,99.6585
24.15,1,99.0562
24.151,0,99.7012
24.1519,0,99.6135
24.1529,0,99.5368
24.1538,1,99.4241
24.1547,1,99.3711
24.1557,0,99.7197
24.1566,1,99.4497
24.1576,1,99.5185
24.1585,0,99.8798
24.1595,0,99.7698
24.1604,1,99.8287
24.1613,0,99.7986
24.1623,1,99.9751
24.1632,1,99.9782
24.1642,0,99.9488
24.1651,0,99.8302
24.1661,1,100.231
24.167,0,99.9764
24.168,1,100.202
24.1689,1,100.052
24.1698,0,100.104
24.1708,1,100.045
24.1717,0,100.091
24.1727,1,100.04
24.1736,1,99.9097
24.1746,1,99.921
24.1755,0,100.33
24.1765,1,100.056
24.1774,1,100.049
24.1783,0,100.539
24.1793,0,100.471
24.1802,0,100.412
24.1812,1,100.418
24.1821,0,100.486
24.1831,1,100.491
24.184,0,100.55
24.1849,1,100.429
24.1859,0,100.481
24.1868,0,100.296
24.1873,1,100.501
24.1887,0,100.134
24.1892,1,100.563
24.1901,1,100.493
24.1916,0,100.117
24.192,1,100.556
24.193,1,100.487
24.1944,0,100.103
24.1949,1,100.551
24.1963,0,100.09
24.1972,0,100.079
24.1982,0,100.069
24.1986,1,100.857
24.2001,0,100.06
24.2005,1,100.875
24.2019,0,99.9277
24.2024,1,100.89
24.2038,0,99.8117
24.2048,0,99.7103
24.2052,1,101.029
24.2062,1,100.9
24.2076,0,99.6215
24.2081,1,100.913
24.209,1,100.924
24.21,0,99.6688
24.2109,0,99.7102
24.2119,1,100.808
24.2128,0,99.7464
24.2137,1,100.707
24.2147,0,99.7781
24.2156,1,100.619
24.2166,0,99.8058
24.2175,1,100.542
24.2185,0,99.8301
24.2194,0,99.8514
24.2203,1,100.474
24.2213,1,100.415
24.2222,1,100.363
24.2232,0,99.8699
24.2241,0,99.8862
24.2251,1,100.317
24.226,1,100.278
24.227,0,99.9004
24.2279,1,100.118
24.2288,1,99.9783
24.2298,1,99.856
24.2307,0,99.9129
24.2317,0,99.9238
24.2326,0,99.9333
24.2336,1,99.874
24.2345,1,99.8897
24.2355,0,99.9416
24.2364,0,99.9489
24.2373,1,99.9035
24.2383,0,99.9553
24.2392,0,99.9609
24.2402,1,99.9156
24.2411,0,99.9658
24.2421,0,99.9701
24.243,1,99.9261
24.2439,0,99.8488
24.2449,1,99.8104
24.2458,1,99.7091
24.2468,0,99.7427
24.2477,1,99.6204
24.2487,0,99.6499
24.2496,1,99.5429
24.2506,0,99.6936
24.2515,0,99.7319
24.2524,0,99.7654
24.2534,1,99.6
24.2543,1,99.65
24.2553,0,99.7948
24.2562,1,99.6938
24.2572,1,99.732
24.2581,0,99.8204
24.2591,0,99.9679
24.2605,1,99.7655
24.2609,0,100.097
24.2624,1,99.7948
24.2633,1,99.8205
24.2638,0,100.335
24.2647,0,100.293
24.2661,1,99.8429
24.2666,0,100.381
24.268,1,99.9876
24.269,1,99.9891
24.2694,0,100.584
24.2709,1,99.9905
24.2713,0,100.761
24.2727,1,99.9917
24.2737,1,99.9927
24.2746,1,99.9936
24.2751,0,101.166
24.2765,1,99.9944
24.2775,1,99.9951
24.2779,0,101.27
24.2789,0,101.111
24.2798,0,100.972
24.2812,1,99.9957
24.2822,0,101.101
24.2831,1,100.246
24.2841,0,101.213
24.285,1,100.465
24.286,0,101.186
24.2869,0,101.163
24.2878,1,100.782
24.2888,0,101.268
24.2897,1,100.935
24.2907,1,100.943
24.2916,0,101.484
24.2926,1,101.075
24.2935,1,101.065
24.2945,0,101.674
24.2954,1,101.307
24.2963,0,101.715
24.2973,0,101.625
24.2982,0,101.547
24.2992,1,101.769
24.3001,0,101.604
24.3011,1,101.923
24.302,0,101.653
24.3029,1,101.932
24.3039,0,101.697
24.3048,0,101.61
24.3058,1,102.066
24.3067,1,101.933
24.3077,0,101.783
24.3086,1,101.941
24.3096,1,101.823
24.3105,0,101.935
24.3114,0,101.943
24.3124,1,101.971
24.3133,0,102.076
24.3143,1,102.099
24.3152,0,102.191
24.3162,1,102.212
24.3171,0,102.292
24.3181,1,102.31
24.319,0,102.256
24.3199,0,102.099
24.3209,1,102.397
24.3218,1,102.222
24.3228,1,102.069
24.3237,0,102.336
24.3247,0,102.169
24.3256,1,102.186
24.3265,1,102.037
24.3275,0,102.273
24.3284,1,102.033
24.3294,1,102.029
24.3303,1,102.025
24.3313,0,102.614
24.3322,0,102.537
24.3332,0,102.47
24.3341,0,102.411
24.3346,1,102.397
24.3355,1,102.347
24.3369,0,102.235
24.3379,0,102.081
24.3383,1,102.554
24.3398,0,101.945
24.3407,0,101.827
24.3412,1,102.735
24.3426,0,101.724
24.3435,0,101.633
24.344,1,102.893
24.3454,0,101.679
24.3459,1,102.781
24.3468,1,102.684
24.3483,0,101.719
24.3487,1,102.723
24.3501,0,101.754
24.3506,1,102.758
24.352,0,101.785
24.353,0,101.687
24.3539,0,101.601
24.3544,1,103.038
24.3553,1,102.908
24.3563,1,102.795
24.3572,0,101.651
24.3582,1,102.695
24.3591,1,102.608
24.3601,0,101.695
24.361,0,101.733
24.3619,1,102.407
24.3629,0,101.766
24.3638,1,102.231
24.3648,1,102.078
24.3657,0,101.795
24.3667,0,101.821
24.3676,1,101.943
24.3686,0,101.843
24.3695,1,101.825
24.3704,1,101.847
24.3714,0,101.863
24.3723,1,101.866
24.3733,0,101.88
24.3742,1,101.883
24.3752,1,101.897
24.3761,1,101.91
24.3771,0,101.895
24.378,1,101.796
24.3789,1,101.697
24.3799,0,101.908
24.3808,0,101.92
24.3818,0,101.93
24.3827,1,101.61
24.3837,0,101.813
24.3846,1,101.534
24.3855,0,101.712
24.3865,1,101.467
24.3874,0,101.748
24.3884,0,101.779
24.3893,1,101.534
24.3903,0,101.807
24.3912,1,101.592
24.3922,1,101.643
24.3931,0,101.831
24.394,1,101.687
24.395,1,101.602
24.3959,0,101.727
24.3969,1,101.526
24.3978,0,101.636
24.3988,0,101.557
24.3997,0,101.487
24.4007,1,101.461
24.4016,0,101.426
24.4025,1,101.403
24.4035,0,101.373
24.4044,1,101.478
24.4054,0,101.451
24.4063,0,101.52
24.4073,1,101.543
24.4082,1,101.6
24.4091,0,101.58
24.4106,1,101.65
24.4115,1,101.694
24.412,0,101.882
24.4129,0,101.897
24.4143,1,101.732
24.4148,0,102.035
24.4162,1,101.766
24.4167,0,102.156
24.4181,1,101.795
24.4186,0,102.261
24.42,1,101.821
24.4205,0,102.354
24.4214,0,102.434
24.4228,1,101.843
24.4238,1,101.863
24.4247,1,101.88
24.4252,0,102.88
24.4261,0,102.895
24.4276,1,101.895
24.4285,1,101.908
24.429,0,103.033
24.4304,1,101.919
24.4313,1,102.055
24.4323,1,102.173
24.4332,0,103.404
24.4342,0,103.354
24.4351,0,103.309
24.4361,0,103.271
24.437,1,102.651
24.4379,1,102.695
24.4389,0,103.362
24.4398,0,103.317
24.4408,1,102.983
24.4417,0,103.402
24.4427,0,103.352
24.4436,1,103.235
24.4445,0,103.433
24.4455,0,103.379
24.4464,1,103.456
24.4474,0,103.456
24.4483,1,103.524
24.4493,1,103.583
24.4502,0,103.649
24.4512,1,103.76
24.4521,0,103.693
24.453,1,103.915
24.454,0,103.607
24.4549,0,103.406
24.4559,0,103.355
24.4568,1,104.176
24.4578,1,104.029
24.4587,1,103.9
24.4597,0,103.686
24.4606,1,103.913
24.4615,1,103.799
24.4625,0,103.85
24.4634,0,103.744
24.4644,1,103.949
24.4653,0,103.776
24.4663,1,104.08
24.4672,1,104.07
24.4681,0,104.054
24.4691,0,104.047
24.47,1,104.311
24.471,0,104.041
24.4719,1,104.272
24.4729,1,104.113
24.4738,0,104.161
24.4748,1,104.099
24.4757,0,104.141
24.4766,1,104.087
24.4776,1,103.951
24.4785,1,103.832
24.4795,0,104.373
24.4804,1,103.853
24.4814,1,103.871
24.4823,0,104.452
24.4833,0,104.395
24.4842,0,104.346
24.4851,1,104.263
24.4861,0,104.428
24.487,1,104.355
24.488,0,104.374
24.4889,0,104.202
24.4894,1,104.435
24.4908,0,104.052
24.4917,0,103.921
24.4922,1,104.631
24.4936,0,103.805
24.4941,1,104.677
24.4951,1,104.592
24.4965,0,103.705
24.4969,1,104.518
24.4979,1,104.329
24.4993,0,103.742
24.4998,1,104.413
24.5012,0,103.774
24.5021,0,103.802
24.5031,0,103.827
24.5035,1,104.736
24.505,0,103.724
24.5054,1,104.769
24.5069,0,103.633
24.5073,1,104.798
24.5087,0,103.554
24.5097,0,103.485
24.5102,1,104.948
24.5111,1,104.83
24.512,1,104.726
24.513,0,103.424
24.5139,1,104.51
24.5149,1,104.321
24.5158,0,103.496
24.5168,0,103.559
24.5177,1,104.156
24.5187,0,103.614
24.5196,1,104.012
24.5205,0,103.662
24.5215,1,103.885
24.5224,0,103.705
24.5234,1,103.775
24.5243,0,103.742
24.5253,0,103.774
24.5262,1,103.803
24.5271,1,103.827
24.5281,1,103.849
24.529,0,103.802
24.53,0,103.702
24.5309,1,103.743
24.5319,1,103.65
24.5328,0,103.739
24.5338,1,103.569
24.5347,1,103.498
24.5356,1,103.435
24.5366,0,103.647
24.5375,0,103.566
24.5385,0,103.495
24.5394,0,103.433
24.5404,1,103.506
24.5413,1,103.568
24.5423,0,103.504
24.5432,0,103.566
24.5441,1,103.622
24.5451,0,103.62
24.546,0,103.668
24.547,1,103.544
24.5479,0,103.584
24.5489,0,103.511
24.5498,1,103.476
24.5507,0,103.447
24.5517,1,103.417
24.5526,1,103.364
24.5536,0,103.391
24.5545,1,103.319
24.5555,0,103.343
24.5564,1,103.279
24.5574,0,103.425
24.5583,0,103.497
24.5592,0,103.56
24.5602,1,103.369
24.5611,1,103.448
24.5621,1,103.517
24.563,0,103.615
24.564,1,103.452
24.5649,1,103.396
24.5659,0,103.538
24.5668,0,103.471
24.5677,1,103.346
24.5687,0,103.412
24.5696,1,103.303
24.5706,1,103.265
24.5715,0,103.36
24.5725,0,103.315
24.5739,1,103.232
24.5743,0,103.526
24.5758,1,103.328
24.5767,1,103.412
24.5772,0,103.96
24.5786,1,103.486
24.5791,0,104.215
24.5805,1,103.55
24.5814,1,103.606
24.5824,1,103.655
24.5828,0,104.563
24.5843,1,103.698
24.5852,1,103.736
24.5857,0,104.743
24.5866,0,104.65
24.5876,0,104.569
24.589,1,103.644
24.5895,0,104.623
24.5909,1,103.564
24.5913,0,104.67
24.5923,0,104.711
24.5937,1,103.618
24.5942,0,104.872
24.5951,0,104.888
24.5965,1,103.666
24.5975,0,105.027
24.5984,1,103.958
24.5994,1,104.088
24.6003,0,105.274
24.6013,1,104.327
24.6022,1,104.536
24.6031,0,105.49
24.6041,1,104.844
24.605,0,105.553
24.606,0,105.359
24.6069,0,105.189
24.6079,1,105.239
24.6088,0,105.166
24.6097,1,105.334
24.6107,0,105.27
24.6116,1,105.417
24.6126,0,105.361
24.6135,0,105.316
24.6145,1,105.615
24.6154,1,105.538
24.6164,1,105.471
24.6173,0,105.652
24.6182,1,105.537
24.6192,1,105.595
24.6201,0,105.945
24.6211,0,105.952
24.622,1,105.895
24.623,0,105.958
24.6239,1,105.909
24.6249,0,105.963
24.6258,1,105.92
24.6267,0,105.968
24.6277,1,105.93
24.6286,0,105.972
24.6296,0,105.85
24.6305,1,106.064
24.6315,1,105.931
24.6324,1,105.814
24.6333,0,106.119
24.6343,0,105.979
24.6352,1,105.963
24.6362,1,105.967
24.6371,0,106.232
24.6381,1,106.096
24.639,1,106.084
24.64,1,105.949
24.6409,0,106.453
24.6418,0,106.271
24.6428,0,106.112
24.6437,0,105.973
24.6447,1,106.33
24.6456,1,106.164
24.6466,0,106.102
24.6475,0,105.964
24.6485,1,106.268
24.6494,0,105.968
24.6503,0,105.847
24.6513,1,106.36
24.6522,0,105.866
24.6532,0,105.883
24.6541,1,106.565
24.6551,0,106.023
24.656,1,106.619
24.6569,1,106.417
24.6579,0,106.145
24.6588,1,106.365
24.6598,0,106.127
24.6607,1,106.319
24.6617,0,106.111
24.6626,0,105.972
24.6636,0,105.851
24.6645,0,105.744
24.665,1,106.529
24.6659,1,106.338
24.6669,1,106.171
24.6683,0,105.651
24.6687,1,106.149
24.6697,1,106.131
24.6711,0,105.695
24.6721,0,105.733
24.6725,1,106.364
24.6739,0,105.641
24.6744,1,106.444
24.6754,1,106.388
24.6768,0,105.561
24.6777,0,105.491
24.6782,1,106.59
24.6796,0,105.43
24.6801,1,106.641
24.681,1,106.561
24.6824,0,105.376
24.6829,1,106.491
24.6843,0,105.329
24.6848,1,106.43
24.6857,1,106.251
24.6867,1,106.094
24.6876,1,105.958
24.6886,0,105.413
24.6895,1,105.838
24.6905,1,105.733
24.6914,0,105.486
24.6923,0,105.55
24.6933,0,105.607
24.6942,1,105.767
24.6952,0,105.656
24.6961,1,105.796
24.6971,0,105.699
24.698,0,105.736
24.699,1,105.696
24.6999,0,105.644
24.7008,0,105.564
24.7018,1,105.609
24.7027,0,105.493
24.7037,1,105.533
24.7046,1,105.466
24.7056,0,105.432
24.7065,1,105.408
24.7075,1,105.357
24.7084,0,105.378
24.7093,1,105.312
24.7103,0,105.331
24.7112,0,105.414
24.7122,0,105.487
24.7131,1,105.398
24.7141,0,105.552
24.715,1,105.474
24.7159,0,105.483
24.7169,1,105.414
24.7178,0,105.422
24.7188,0,105.369
24.7197,1,105.363
24.7207,1,105.317
24.7216,1,105.278
24.7226,0,105.323
24.7235,1,105.243
24.7244,1,105.213
24.7254,0,105.283
24.7263,0,105.248
24.7273,1,105.186
24.7282,0,105.342
24.7292,1,105.288
24.7301,0,105.424
24.7311,1,105.377
24.732,0,105.371
24.7329,1,105.33
24.7339,0,105.325
24.7348,0,105.284
24.7358,1,105.288
24.7367,1,105.252
24.7377,1,105.221
24.7386,0,105.248
24.7395,0,105.217
24.7405,1,105.193
24.7414,1,105.169
24.7424,0,105.19
24.7433,1,105.148
24.7443,1,105.129
24.7452,1,105.238
24.7462,0,105.291
24.7471,0,105.38
24.748,0,105.458
24.749,0,105.4
24.7499,1,105.208
24.7509,1,105.182
24.7518,0,105.35
24.7528,0,105.306
24.7537,1,105.16
24.7547,0,105.268
24.7556,0,105.235
24.7565,1,105.14
24.7575,0,105.205
24.7584,0,105.305
24.7598,1,105.122
24.7603,0,105.517
24.7617,1,105.107
24.7627,1,105.219
24.7631,0,105.827
24.7646,1,105.316
24.765,0,106.099
24.7665,1,105.402
24.7669,0,106.211
24.7679,0,106.185
24.7688,0,106.162
24.7698,0,106.142
24.7712,1,105.602
24.7721,1,105.776
24.7731,1,105.929
24.7735,0,106.499
24.7749,1,105.938
24.7759,1,105.946
24.7764,0,106.687
24.7773,0,106.601
24.7787,1,105.953
24.7792,0,106.651
24.7806,1,105.959
24.7816,1,106.089
24.7825,0,106.944
24.7834,0,106.951
24.7844,1,106.453
24.7853,0,107.082
24.7863,1,106.646
24.7872,1,106.69
24.7882,0,107.322
24.7891,1,106.854
24.7901,0,107.407
24.791,1,106.997
24.7919,1,106.998
24.7929,1,106.998
24.7938,1,106.998
24.7948,0,107.731
24.7957,1,107.123
24.7967,1,107.108
24.7976,0,107.89
24.7985,0,107.778
24.7995,0,107.681
24.8004,1,107.469
24.8014,0,107.721
24.8023,1,107.536
24.8033,0,107.756
24.8042,0,107.661
24.8052,1,107.719
24.8061,0,107.704
24.807,0,107.741
24.808,1,107.879
24.8089,0,107.773
24.8099,1,107.894
24.8108,1,107.782
24.8118,0,107.926
24.8127,1,107.81
24.8137,1,107.708
24.8146,0,108.061
24.8155,1,107.745
24.8165,0,108.053
24.8174,0,107.921
24.8184,0,107.806
24.8193,1,108.027
24.8203,0,107.83
24.8212,1,108.023
24.8221,0,107.852
24.8231,1,108.02
24.824,0,107.995
24.825,0,107.871
24.8259,1,108.143
24.8269,1,108
24.8278,1,107.875
24.8288,0,108.137
24.8297,1,107.891
24.8306,1,107.779
24.8316,0,108.245
24.8325,0,108.089
24.8335,1,107.932
24.8344,0,108.078
24.8354,1,107.94
24.8363,0,108.068
24.8373,1,107.948
24.8382,0,108.06
24.8391,1,107.954
24.8401,0,108.177
24.841,0,108.155
24.842,1,108.085
24.8429,1,107.949
24.8439,1,107.831
24.8448,0,108.386
24.8457,0,108.213
24.8467,1,107.977
24.8476,1,107.855
24.8486,0,108.311
24.8495,1,107.873
24.8505,1,107.764
24.8514,1,107.668
24.8524,0,108.522
24.8533,0,108.332
24.8542,0,108.165
24.8552,0,108.02
24.8561,1,108.085
24.8571,1,108.074
24.858,0,108.267
24.859,0,108.109
24.8599,1,108.19
24.8609,0,108.095
24.8618,0,107.958
24.8627,0,107.839
24.8632,1,108.416
24.8646,0,107.734
24.8656,0,107.642
24.866,1,108.614
24.8675,0,107.562
24.8679,1,108.537
24.8689,1,108.345
24.8703,0,107.492
24.8708,1,108.302
24.8722,0,107.43
24.8727,1,108.264
24.8741,0,107.501
24.875,0,107.564
24.876,0,107.493
24.8769,0,107.432
24.8774,1,108.606
24.8783,1,108.405
24.8793,1,108.23
24.8807,0,107.378
24.8811,1,108.201
24.8821,1,108.176
24.883,1,108.154
24.884,0,107.33
24.8849,0,107.289
24.8859,1,108.01
24.8868,0,107.253
24.8878,1,107.883
24.8887,1,107.773
24.8896,0,107.221
24.8906,0,107.194
24.8915,1,107.676
24.8925,0,107.169
24.8934,1,107.592
24.8944,1,107.518
24.8953,0,107.148
24.8963,1,107.453
24.8972,0,107.13
24.8981,1,107.522
24.8991,1,107.581
24.9,1,107.634
24.901,1,107.554
24.9019,0,107.114
24.9029,1,107.485
24.9038,1,107.424
24.9047,0,107.099
24.9057,0,107.087
24.9066,0,107.076
24.9076,1,107.371
24.9085,0,107.067
24.9095,1,107.325
24.9104,0,107.058
24.9114,0,107.051
24.9123,1,107.284
24.9132,0,107.045
24.9142,0,107.039
24.9151,1,107.374
24.9161,0,107.159
24.917,1,107.452
24.918,1,107.396
24.9189,0,107.139
24.9199,1,107.346
24.9208,1,107.303
24.9217,0,107.122
24.9227,1,107.265
24.9236,0,107.107
24.9246,0,107.093
24.9255,0,107.082
24.9265,1,107.232
24.9274,0,107.071
24.9283,1,107.203
24.9293,0,107.062
24.9302,1,107.178
24.9312,0,107.055
24.9321,0,107.173
24.9331,1,107.28
24.934,1,107.37
24.935,1,107.324
24.9359,0,107.151
24.9368,1,107.284
24.9378,1,107.248
24.9387,0,107.132
24.9397,0,107.116
24.9406,1,107.217
24.9416,0,107.101
24.9425,1,107.19
24.9435,0,107.089
24.9444,1,107.166
24.9453,0,107.078
24.9463,1,107.145
24.9472,0,107.068
24.9482,0,107.059
24.9491,1,107.252
24.9501,1,107.346
24.951,1,107.427
24.9519,0,107.052
24.9529,0,107.045
24.9538,1,107.374
24.9548,1,107.327
24.9557,0,107.04
24.9567,1,107.286
24.9576,1,107.251
24.9586,1,107.219
24.9595,0,107.035
24.9604,0,107.03
24.9614,0,107.027
24.9623,0,107.023
24.9633,1,107.192
24.9642,1,107.168
24.9652,0,107.02
24.9661,0,107.143
24.9671,1,107.272
24.968,0,107.125
24.9689,0,107.109
24.9699,0,107.221
24.9713,1,107.363
24.9718,0,107.443
24.9727,0,107.513
24.9741,1,107.443
24.9746,0,107.699
24.976,1,107.637
24.977,1,107.683
24.9774,0,107.986
24.9789,1,107.722
24.9793,0,108.113
24.9807,1,107.757
24.9812,0,108.224
24.9822,0,108.196
24.9831,0,108.171
24.984,0,108.275
24.9855,1,107.787
24.9864,1,107.814
24.9873,1,107.837
24.9878,0,108.616
24.9892,1,107.858
24.9902,1,107.875
24.9911,1,107.891
24.9916,0,108.914
24.9925,0,108.924
24.994,1,107.905
24.9949,0,109.059
24.9958,1,108.166
24.9968,1,108.271
24.9977,0,109.302
24.9987,0,109.264
24.9996,1,108.612
25.0006,0,109.356
25.0015,1,108.785
25.0025,1,108.812
25.0034,0,109.561
25.0043,1,108.961
25.0053,0,109.616
25.0062,1,109.091
25.0072,1,109.079
25.0081,1,109.069
25.0091,1,109.061
25.01,0,110.039
25.0109,1,109.178
25.0119,1,109.156
25.0128,0,110.159
25.0138,0,110.014
25.0147,0,109.888
25.0157,1,109.511
25.0166,0,109.902
25.0176,1,109.572
25.0185,0,109.914
25.0194,0,109.8
25.0204,1,109.751
25.0213,0,109.825
25.0223,0,109.722
25.0232,1,109.907
25.0242,0,109.756
25.0251,1,109.919
25.0261,1,109.804
25.027,0,109.787
25.0279,1,109.828
25.0289,1,109.725
25.0298,0,109.939
25.0308,1,109.759
25.0317,0,109.946
25.0327,0,109.828
25.0336,0,109.724
25.0345,1,110.039
25.0355,0,109.759
25.0364,1,110.034
25.0374,0,109.789
25.0383,1,110.03
25.0393,0,109.815
25.0402,0,109.713
25.0412,1,110.151
25.0421,1,110.007
25.043,1,109.881
25.044,0,109.874
25.0449,1,109.896
25.0459,1,109.784
25.0468,0,110.015
25.0478,0,109.888
25.0487,1,109.936
25.0497,0,109.902
25.0506,1,109.944
25.0515,0,109.914
25.0525,1,109.951
25.0534,0,109.925
25.0544,1,109.957
25.0553,0,109.934
25.0563,0,109.818
25.0572,1,110.088
25.0581,1,109.952
25.0591,1,109.833
25.06,0,110.09
25.061,0,109.954
25.0619,1,109.854
25.0629,1,109.747
25.0638,0,110.085
25.0648,1,109.779
25.0657,1,109.681
25.0666,1,109.596
25.0676,0,110.324
25.0685,0,110.159
25.0695,0,110.014
25.0704,0,109.887
25.0714,1,110.022
25.0723,1,109.894
25.0733,0,110.026
25.0742,0,109.898
25.0751,1,110.032
25.0761,0,109.911
25.077,0,109.922
25.078,0,109.807
25.0789,1,110.153
25.0799,0,109.831
25.0808,0,109.727
25.0817,1,110.134
25.0827,0,109.761
25.0836,1,109.992
25.0846,1,109.743
25.0855,0,109.916
25.0865,1,109.775
25.0874,0,109.926
25.0884,1,109.803
25.0893,0,109.936
25.0902,0,109.819
25.0912,0,109.716
25.0921,0,109.627
25.0931,0,109.548
25.0935,1,110.203
25.0945,1,110.053
25.0954,1,109.921
25.0964,0,109.48
25.0973,1,109.931
25.0983,1,109.815
25.0992,1,109.713
25.1002,0,109.42
25.1011,0,109.367
25.102,1,109.874
25.1035,0,109.321
25.1039,1,109.889
25.1049,1,109.778
25.1063,0,109.281
25.1072,0,109.246
25.1077,1,109.931
25.1091,0,109.215
25.1096,1,109.94
25.1105,1,109.822
25.112,0,109.063
25.1124,1,109.844
25.1138,1,109.739
25.1148,1,109.521
25.1153,0,109.181
25.1162,1,109.456
25.1171,1,109.399
25.1186,0,109.033
25.119,1,109.474
25.12,1,109.415
25.1214,0,109.029
25.1223,1,109.613
25.1228,0,109.025
25.1238,0,109.022
25.1247,1,109.537
25.1256,0,109.019
25.1266,1,109.469
25.1275,0,109.017
25.1289,1,109.286
25.1294,0,109.14
25.1304,0,109.122
25.1318,1,109.125
25.1323,0,109.232
25.1337,1,108.984
25.1346,0,109.328
25.1351,1,108.986
25.1365,1,108.988
25.1374,0,109.537
25.1384,1,109.115
25.1393,1,109.1
25.1398,0,109.595
25.1407,0,109.521
25.1417,0,109.455
25.1431,1,109.088
25.1436,0,109.524
25.145,0,109.458
25.1459,1,109.077
25.1469,1,108.942
25.1474,0,109.526
25.1483,0,109.46
25.1497,1,108.824
25.1507,0,109.528
25.1511,1,108.846
25.1521,1,108.866
25.153,0,109.587
25.154,1,108.882
25.1554,0,109.513
25.1563,1,109.147
25.1573,0,109.574
25.1582,0,109.502
25.1587,1,109.254
25.1601,0,109.44
25.1606,1,109.347
25.1615,1,109.304
25.1625,0,109.385
25.1639,0,109.212
25.1648,1,109.391
25.1653,0,109.185
25.1662,1,109.342
25.1672,1,109.299
25.1686,0,109.037
25.1695,0,109.032
25.17,1,109.512
25.171,1,109.448
25.1724,0,109.028
25.1728,1,109.517
25.1738,1,109.452
25.1747,1,109.396
25.1761,0,109.025
25.1771,1,109.596
25.1776,0,109.022
25.1785,0,109.019
25.1799,1,109.397
25.1809,0,109.142
25.1813,1,109.347
25.1823,0,109.124
25.1837,1,109.179
25.1842,0,109.233
25.1851,0,109.204
25.1861,0,109.179
25.1875,1,109.156
25.1879,0,109.281
25.1889,0,109.246
25.1903,1,109.137
25.1908,0,109.34
25.1922,1,109.12
25.1931,1,109.105
25.1936,0,109.548
25.195,1,109.092
25.1955,0,109.604
25.1969,1,108.955
25.1974,0,109.654
25.1983,0,109.572
25.1993,0,109.501
25.2002,0,109.438
25.2012,0,109.383
25.2021,1,108.961
25.2031,1,108.966
25.204,1,108.845
25.2049,0,109.585
25.2064,1,108.864
25.2068,0,109.637
25.2078,1,108.881
25.2087,0,109.433
25.2101,0,109.378
25.2106,1,109.146
25.212,0,109.331
25.2125,1,109.253
25.2134,1,109.346
25.2149,0,109.165
25.2158,1,109.553
25.2163,0,109.144
25.2177,0,109.001
25.2182,1,109.734
25.2191,1,109.767
25.2205,0,109.001
25.2215,1,109.921
25.2224,1,109.931
25.2233,0,109.376
25.2243,1,110.065
25.2252,1,110.182
25.2262,1,110.159
25.2267,0,109.579
25.2281,1,110.264
25.229,1,110.231
25.2295,0,109.757
25.2309,0,109.662
25.2318,0,109.579
25.2323,1,110.577
25.2337,0,109.632
25.2347,1,110.755
25.2356,0,109.678
25.2366,1,110.911
25.2375,1,110.922
25.238,0,109.718
25.2389,0,109.628
25.2399,1,110.932
25.2408,0,109.675
25.2418,1,110.815
25.2432,0,109.84
25.2441,1,110.838
25.2451,1,110.983
25.2455,0,109.985
25.2469,1,110.986
25.2479,0,109.987
25.2488,0,109.864
25.2493,1,111.237
25.2507,0,109.881
25.2517,1,111.458
25.2526,0,110.021
25.2536,1,111.775
25.2545,1,111.679
25.255,0,110.143
25.2559,0,110.25
25.2569,1,111.594
25.2578,0,110.219
25.2587,1,111.644
25.2602,0,110.442
25.2611,1,111.689
25.2621,0,110.636
25.263,1,111.603
25.2639,1,111.527
25.2644,0,110.682
25.2654,0,110.597
25.2663,1,111.712
25.2672,0,110.522
25.2682,1,111.748
25.2696,0,110.582
25.2705,1,111.779
25.2715,1,111.682
25.272,0,110.634
25.2729,0,110.555
25.2739,1,111.722
25.2748,0,110.61
25.2757,1,111.631
25.2772,0,110.784
25.2781,1,111.677
25.279,0,110.811
25.28,1,111.718
25.2809,1,111.503
25.2814,0,110.96
25.2828,1,111.565
25.2838,1,111.495
25.2842,0,111.09
25.2857,0,110.829
25.2861,1,111.683
25.2875,0,110.725
25.2885,1,111.972
25.2894,1,111.976
25.2899,0,110.759
25.2913,1,111.979
25.2923,0,110.914
25.2932,0,110.925
25.2937,1,111.981
25.2951,0,110.934
25.2956,1,111.984
25.297,0,110.943
25.2979,0,110.95
25.2984,1,111.861
25.2998,0,111.081
25.3003,1,111.628
25.3012,1,111.3
25.3022,0,111.446
25.3031,1,111.137
25.3045,0,111.765
25.305,1,110.995
25.3064,0,111.92
25.3074,0,111.93
25.3083,0,111.813
25.3093,0,111.712
25.3102,1,111.371
25.3111,1,111.074
25.3116,0,111.748
25.313,1,110.94
25.314,0,111.904
25.3149,1,110.948
25.3159,0,112.166
25.3168,0,112.145
25.3173,1,110.954
25.3187,1,110.96
25.3196,0,112.252
25.3206,1,110.84
25.3215,1,110.61
25.322,0,112.346
25.3234,0,112.428
25.3239,1,110.534
25.3253,0,112.499
25.3262,1,110.592
25.3272,1,110.393
25.3277,0,112.562
25.3291,0,112.616
25.3295,1,110.344
25.3305,1,110.176
25.3319,0,112.789
25.3324,1,110.154
25.3333,1,110.01
25.3347,1,109.883
25.3357,0,113.066
25.3366,0,113.058
25.3371,1,110.023
25.3385,0,112.925
25.339,1,110.02
25.3404,1,110.143
25.3413,0,112.81
25.3423,0,112.708
25.3428,1,110.125
25.3442,0,112.745
25.3447,1,110.109
25.3456,1,109.971
25.3465,0,112.777
25.348,1,109.974
25.3489,0,112.805
25.3498,1,109.977
25.3508,0,112.829
25.3517,0,112.85
25.3522,1,110.105
25.3531,1,109.967
25.3546,0,112.994
25.355,1,109.971
25.3565,0,112.995
25.3574,1,110.1
25.3583,0,112.996
25.3593,0,112.871
25.3598,1,110.087
25.3612,0,112.887
25.3616,1,110.076
25.3626,1,109.942
25.3635,0,112.901
25.3649,1,109.949
25.3659,0,112.914
25.3668,1,109.955
25.3678,0,112.924
25.3687,0,112.934
25.3692,1,110.086
25.3706,0,112.942
25.3711,1,110.075
25.372,1,110.066
25.373,0,112.824
25.3744,1,110.183
25.3753,0,112.846
25.3763,1,110.16
25.3772,0,112.866
25.3782,0,112.882
25.3786,1,110.14
25.3796,1,109.997
25.3805,0,112.897
25.3819,1,109.998
25.3829,0,112.91
25.3838,1,109.998
25.3848,0,112.921
25.3857,0,112.931
25.3862,1,110.123
25.3871,1,109.983
25.3885,1,109.86
25.3895,0,113.19
25.3904,0,113.166
25.3909,1,109.877
25.3923,0,113.145
25.3928,1,109.893
25.3937,1,109.906
25.3947,0,113.127
25.3961,1,109.918
25.3966,0,112.986
25.398,1,109.803
25.3989,0,112.988
25.3999,0,112.864
25.4003,1,109.953
25.4018,0,112.756
25.4022,1,110.084
25.4032,1,110.073
25.4041,0,112.662
25.4055,1,110.064
25.406,0,112.704
25.407,0,112.491
25.4079,1,109.931
25.4093,0,112.555
25.4098,1,109.815
25.4107,1,109.713
25.4117,0,112.735
25.4131,1,109.749
25.4136,0,112.893
25.415,1,109.655
25.4155,0,112.907
25.4164,0,112.793
25.4173,0,112.569
25.4188,1,109.448
25.4197,0,112.498
25.4206,1,109.392
25.4216,1,109.218
25.4221,0,112.686
25.4235,1,109.191
25.4239,0,112.85
25.4249,0,112.869
25.4258,1,109.042
25.4273,1,109.037
25.4277,0,113.01
25.4291,0,113.134
25.4301,1,109.157
25.431,1,109.263
25.4315,0,113.367
25.4324,0,113.321
25.4334,1,109.355
25.4343,0,113.281
25.4353,1,109.31
25.4367,0,113.246
25.4376,1,109.397
25.4386,0,113.215
25.4395,1,109.472
25.4405,1,109.538
25.4409,0,113.188
25.4419,0,113.04
25.4428,1,109.596
25.4438,0,112.91
25.4447,1,109.771
25.4461,0,112.671
25.4471,1,110.175
25.448,0,112.587
25.449,0,112.264
25.4494,1,110.403
25.4504,1,110.603
25.4513,0,111.981
25.4523,1,110.777
25.4537,0,111.858
25.4546,1,110.93
25.4556,0,111.751
25.4565,1,111.064
25.4575,1,111.181
25.4579,0,111.657
25.4589,0,111.45
25.4598,1,111.283
25.4608,0,111.269
25.4617,1,111.373
25.4631,0,111.36
25.4641,1,111.451
25.465,0,111.315
25.466,1,111.52
25.4669,1,111.455
25.4674,0,111.276
25.4683,0,111.116
25.4693,1,111.523
25.4702,0,111.102
25.4711,1,111.583
25.4726,0,111.089
25.4735,1,111.635
25.4745,1,111.68
25.4749,0,111.078
25.4759,0,110.943
25.4768,1,111.72
25.4778,0,110.825
25.4787,1,111.755
25.4801,0,110.972
25.4811,1,111.786
25.482,0,111.101
25.4829,1,111.688
25.4839,1,111.602
25.4844,0,111.213
25.4853,0,111.061
25.4863,1,111.652
25.4872,0,110.929
25.4881,1,111.695
25.4896,0,110.938
25.4905,1,111.733
25.4914,0,110.945
25.4924,1,111.892
25.4933,1,111.905
25.4938,0,110.952
25.4947,0,110.833
25.4957,1,111.917
25.4966,0,110.854
25.4981,0,110.622
25.499,1,111.927
25.4999,0,110.42
25.5009,0,110.117
25.5014,1,112.186
25.5023,1,112.413
25.5032,0,109.977
25.5042,1,112.611
25.5051,0,109.855
25.5061,1,112.785
25.5075,0,109.748
25.5084,0,109.655
25.5089,1,113.062
25.5103,0,109.573
25.5108,1,113.179
25.5117,1,113.282
25.5127,0,109.376
25.5136,1,113.247
25.5146,0,109.204
25.5155,0,109.179
25.5165,1,113.341
25.5179,0,109.031
25.5183,1,113.548
25.5193,1,113.605
25.5202,0,109.027
25.5212,1,113.654
25.5226,1,113.572
25.5235,0,109.149
25.5245,0,109.13
25.525,1,113.626
25.5264,0,109.239
25.5268,1,113.548
25.5278,1,113.479
25.5287,0,109.459
25.5301,1,113.294
25.5306,0,109.652
25.532,1,113.132
25.533,0,109.695
25.5339,0,109.858
25.5344,1,113.116
25.5358,0,110.126
25.5363,1,113.101
25.5372,1,112.964
25.5382,0,110.61
25.5396,1,112.843
25.5401,0,110.909
25.5415,1,112.613
25.5424,0,111.17
25.5434,0,111.274
25.5438,1,112.536
25.5453,0,111.49
25.5462,1,112.594
25.5471,1,112.52
25.5476,0,111.679
25.549,1,112.455
25.55,0,111.844
25.5509,0,111.863
25.5514,1,112.398
25.5528,0,111.88
25.5533,1,112.473
25.5542,1,112.414
25.5552,0,112.145
25.5566,1,112.362
25.5571,0,112.377
25.5585,1,112.567
25.5594,0,112.455
25.5604,0,112.398
25.5608,1,112.621
25.5622,0,112.598
25.5627,1,112.669
25.5637,1,112.71
25.5646,0,112.649
25.566,1,112.871
25.5665,0,112.693
25.5674,0,112.606
25.5684,1,113.012
25.5698,0,112.53
25.5703,1,113.136
25.5712,1,113.244
25.5722,0,112.714
25.5736,1,113.338
25.574,0,112.875
25.5755,1,113.421
25.5764,0,112.89
25.5773,0,112.779
25.5778,1,113.368
25.5792,0,112.682
25.5797,1,113.447
25.5807,1,113.516
25.5816,0,112.721
25.583,1,113.577
25.5835,0,112.756
25.5849,1,113.505
25.5858,0,112.787
25.5868,0,112.688
25.5873,1,113.567
25.5887,0,112.727
25.5891,1,113.746
25.5901,1,113.778
25.591,0,112.886
25.5925,1,113.805
25.5934,0,112.901
25.5943,0,112.788
25.5948,1,113.705
25.5962,0,112.69
25.5967,1,113.742
25.5976,1,113.774
25.5986,0,112.728
25.6,1,113.802
25.6005,0,112.762
25.6019,1,113.702
25.6028,0,112.792
25.6038,0,112.693
25.6043,1,113.739
25.6057,0,112.606
25.6061,1,113.772
25.6071,1,113.8
25.608,0,112.781
25.6094,1,113.825
25.6099,0,112.808
25.6113,1,113.722
25.6123,0,112.957
25.6132,0,113.087
25.6137,1,113.507
25.6151,0,113.326
25.6161,1,113.568
25.617,1,113.372
25.6175,0,113.411
25.6189,1,113.201
25.6198,0,113.484
25.6208,0,113.424
25.6212,1,113.176
25.6227,0,113.496
25.6231,1,113.154
25.6241,1,113.135
25.625,0,113.684
25.6264,1,113.118
25.6269,0,113.723
25.6283,1,112.978
25.6293,0,113.883
25.6302,0,114.023
25.6307,1,112.856
25.6321,0,114.145
25.6326,1,112.874
25.6335,1,112.765
25.6345,0,114.127
25.6359,1,112.794
25.6363,0,113.986
25.6378,1,112.82
25.6387,0,113.988
25.6397,0,113.864
25.6401,1,112.967
25.6411,1,113.096
25.642,0,113.881
25.6434,1,113.084
25.6439,0,113.771
25.6453,1,113.074
25.6463,0,113.8
25.6472,0,113.825
25.6477,1,113.065
25.6491,0,113.847
25.6496,1,113.056
25.6505,1,113.049
25.6515,0,113.741
25.6529,1,113.043
25.6533,0,113.648
25.6548,1,113.038
25.6557,0,113.567
25.6566,0,113.496
25.6571,1,113.158
25.6585,0,113.434
25.659,1,113.138
25.6599,1,112.996
25.6609,0,113.38
25.6623,1,112.997
25.6628,0,113.332
25.6637,0,113.291
25.6647,1,112.997
25.6661,0,113.38
25.6666,1,112.997
25.6675,1,112.998
25.6684,0,113.332
25.6699,1,112.998
25.6703,0,113.291
25.6717,1,112.998
25.6727,0,113.254
25.6736,0,113.222
25.6741,1,113.123
25.6755,0,113.195
25.676,1,113.108
25.6769,1,113.095
25.6779,0,113.17
25.6793,1,113.083
25.6798,0,113.149
25.6812,1,113.072
25.6821,0,113.38
25.6831,0,113.458
25.6835,1,113.063
25.685,0,113.276
25.6859,1,113.18
25.6869,1,113.158
25.6873,0,113.241
25.6887,1,113.138
25.6897,0,113.211
25.6906,0,113.185
25.6911,1,113.246
25.6925,0,113.162
25.693,1,113.215
25.6939,1,113.188
25.6949,0,113.141
25.6963,1,113.165
25.6968,0,113.124
25.6982,1,113.269
25.6991,0,113.233
25.7001,0,113.329
25.7005,1,113.235
25.702,0,113.288
25.7024,1,113.206
25.7034,1,113.18
25.7043,0,113.252
25.7057,1,113.158
25.7062,0,113.22
25.7076,1,113.138
25.7086,0,113.318
25.7095,0,113.278
25.71,1,113.121
25.7109,1,113.106
25.7119,0,113.243
25.7133,1,113.092
25.7138,0,113.213
25.7152,1,113.206
25.7161,0,113.311
25.7171,0,113.397
25.7175,1,113.18
25.7189,0,113.348
25.7194,1,113.158
25.7204,1,113.138
25.7213,0,113.304
25.7227,1,113.121
25.7232,0,113.391
25.7246,1,113.106
25.7256,0,113.342
25.7265,0,113.3
25.727,1,113.092
25.7284,0,113.262
25.7289,1,112.956
25.7298,1,112.961
25.7307,0,113.229
25.7322,1,113.091
25.7326,0,113.201
25.7336,0,113.176
25.7345,1,113.08
25.7359,0,113.154
25.7364,1,113.07
25.7374,1,113.061
25.7383,0,113.134
25.7397,1,113.053
25.7402,0,113.243
25.7416,1,113.047
25.7425,0,113.212
25.7435,0,113.186
25.744,1,113.041
25.7454,0,113.163
25.7459,1,113.036
25.7468,1,113.031
25.7477,0,113.142
25.7492,1,113.152
25.7496,0,113.124
25.751,1,113.258
25.752,0,113.109
25.7529,0,113.095
25.7534,1,113.226
25.7548,0,112.958
25.7553,1,113.323
25.7562,1,113.282
25.7572,0,113.089
25.7586,1,113.247
25.7595,0,113.077
25.7605,0,113.068
25.761,1,113.216
25.7624,0,113.059
25.7628,1,113.189
25.7638,1,113.166
25.7647,0,113.052
25.7661,1,113.27
25.7666,0,113.045
25.768,1,113.361
25.769,0,113.04
25.7699,0,113.035
25.7704,1,113.316
25.7718,0,113.03
25.7723,1,113.276
25.7732,1,113.367
25.7742,0,113.152
25.7756,1,113.321
25.7761,0,113.258
25.7775,1,113.281
25.7784,0,113.475
25.7794,0,113.416
25.7798,1,113.246
25.7813,0,113.364
25.7822,1,113.465
25.7831,1,113.532
25.7836,0,113.319
25.785,1,113.59
25.786,0,113.279
25.7869,0,113.244
25.7874,1,113.517
25.7888,0,113.213
25.7893,1,113.577
25.7902,1,113.63
25.7912,0,113.312
25.7926,1,113.551
25.7931,0,113.398
25.7945,1,113.482
25.7954,0,113.348
25.7964,0,113.305
25.7968,1,113.422
25.7982,0,113.391
25.7987,1,113.369
25.7997,1,113.323
25.8006,0,113.343
25.802,1,113.408
25.8025,0,113.3
25.8034,0,113.262
25.8044,1,113.357
25.8058,0,113.229
25.8063,1,113.437
25.8072,1,113.508
25.8082,0,113.326
25.8096,1,113.444
25.81,0,113.41
25.8115,1,113.389
25.8124,0,113.359
25.8133,0,113.314
25.8138,1,113.34
25.8152,0,113.4
25.8157,1,113.297
25.8167,1,113.26
25.8176,0,113.35
25.819,1,113.353
25.8195,0,113.306
25.8209,1,113.309
25.8218,0,113.268
25.8228,0,113.234
25.8233,1,113.395
25.8247,0,113.205
25.8251,1,113.596
25.8261,1,113.521
25.827,0,113.304
25.8285,1,113.456
25.8294,0,113.266
25.8303,0,113.233
25.8308,1,113.399
25.8322,0,113.329
25.8327,1,113.349
25.8336,1,113.306
25.8346,0,113.288
25.836,1,113.392
25.8365,0,113.252
25.8379,1,113.343
25.8388,0,113.22
25.8398,0,113.193
25.8403,1,113.425
25.8417,0,113.169
25.8421,1,113.497
25.8431,1,113.56
25.844,0,113.273
25.8454,1,113.49
25.8459,0,113.239
25.8473,1,113.429
25.8483,0,113.459
25.8492,0,113.526
25.8497,1,113.375
25.8511,0,113.461
25.8521,1,113.578
25.853,1,113.506
25.8535,0,113.403
25.8549,1,113.443
25.8558,0,113.353
25.8568,0,113.309
25.8572,1,113.512
25.8587,0,113.27
25.8591,1,113.573
25.8601,1,113.627
25.861,0,113.361
25.8624,1,113.548
25.8629,0,113.316
25.8643,1,113.48
25.8653,0,113.402
25.8662,0,113.476
25.8667,1,113.42
25.8681,0,113.542
25.8686,1,113.367
25.8695,1,113.321
25.8705,0,113.474
25.8719,1,113.281
25.8723,0,113.415
25.8738,1,113.246
25.8747,0,113.488
25.8757,0,113.427
25.8761,1,113.34
25.8771,1,113.423
25.878,0,113.499
25.8794,1,113.37
25.8799,0,113.436
25.8813,1,113.324
25.8823,0,113.507
25.8832,0,113.568
25.8837,1,113.283
25.8851,0,113.622
25.8856,1,113.248
25.8865,1,113.217
25.8875,0,113.545
25.8889,1,113.19
25.8893,0,113.476
25.8908,1,113.166
25.8917,0,113.417
25.8926,0,113.365
25.8931,1,113.27
25.8945,0,113.319
25.895,1,113.236
25.8959,1,113.082
25.8969,0,113.279
25.8983,1,113.072
25.8988,0,113.244
25.8997,0,113.214
25.9007,1,113.063
25.9021,0,113.312
25.9026,1,113.055
25.9035,1,113.048
25.9044,0,113.273
25.9059,1,113.042
25.9063,0,113.239
25.9077,1,113.037
25.9087,0,113.209
25.9096,0,113.183
25.9101,1,113.157
25.9115,0,113.16
25.912,1,113.138
25.9129,1,113.12
25.9139,0,113.14
25.9153,1,113.105
25.9158,0,113.123
25.9172,1,113.092
25.9181,0,113.357
25.9191,0,113.438
25.9195,1,113.081
25.921,0,113.258
25.9219,1,113.196
25.9229,1,113.171
25.9233,0,113.226
25.9247,1,113.15
25.9257,0,113.197
25.9266,0,113.173
25.9271,1,113.256
25.9285,0,113.151
25.929,1,113.224
25.9299,1,113.196
25.9309,0,113.132
25.9323,1,113.171
25.9328,0,113.116
25.9342,1,113.275
25.9351,0,113.226
25.9361,0,113.323
25.9365,1,113.241
25.938,0,113.283
25.9384,1,113.211
25.9394,1,113.184
25.9403,0,113.247
25.9417,1,113.161
25.9422,0,113.216
25.9436,1,113.141
25.9446,0,113.314
25.9455,0,113.275
25.946,1,113.123
25.9469,1,113.108
25.9479,0,113.241
25.9493,1,113.095
25.9498,0,113.211
25.9512,1,113.208
25.9521,0,113.309
25.9531,0,113.396
25.9535,1,113.182
25.9549,0,113.346
25.9554,1,113.159
25.9564,1,113.139
25.9573,0,113.303
25.9587,1,113.122
25.9592,0,113.39
25.9606,1,113.107
25.9616,0,113.341
25.9625,0,113.299
25.963,1,113.093
25.9644,0,113.261
25.9649,1,112.957
25.9658,1,112.962
25.9667,0,113.229
25.9682,1,113.092
25.9686,0,113.2
25.9696,0,113.175
25.9705,1,113.08
25.9719,0,113.153
25.9724,1,113.07
25.9734,1,113.061
25.9743,0,113.134
25.9757,1,113.054
25.9762,0,113.242
25.9776,1,113.047
25.9785,0,113.212
25.9795,0,113.185
25.98,1,113.041
25.9814,0,113.412
25.9819,1,113.036
25.9828,1,113.032
25.9837,0,113.611
25.9852,1,113.153
25.9856,0,113.784
25.987,1,113.259
25.988,0,113.936
25.9889,0,113.944
25.9894,1,113.226
25.9908,0,114.076
25.9913,1,113.323
25.9922,1,113.283
25.9932,0,114.192
25.9946,1,113.247
25.9955,0,114.418
25.9965,0,114.366
25.997,1,113.216
25.9984,0,114.445
25.9988,1,113.189
25.9998,1,113.166
26.0007,0,114.514
26.0021,1,113.27
26.0026,0,114.575
26.004,1,113.611
26.005,0,114.628
26.0059,0,114.55
26.0064,1,113.91
26.0078,0,114.606
26.0083,1,114.046
26.0092,1,114.04
26.0102,0,114.78
26.0116,1,114.285
26.0121,0,114.933
26.0135,1,114.375
26.0144,0,115.066
26.0154,0,115.183
26.0158,1,114.453
26.0173,0,115.16
26.0182,1,114.646
26.0191,1,114.815
26.0196,0,115.14
26.021,1,114.963
26.022,0,115.122
26.0229,0,114.982
26.0234,1,115.093
26.0248,0,114.984
26.0253,1,115.081
26.0262,1,115.071
26.0272,0,115.111
26.0286,1,115.187
26.0291,0,115.222
26.0305,1,115.164
26.0314,0,115.32
26.0324,0,115.155
26.0328,1,115.143
26.0342,0,115.135
26.0347,1,115.125
26.0357,1,114.985
26.0366,0,115.243
26.038,1,115.112
26.0385,0,115.213
26.0394,0,115.061
26.0404,1,115.223
26.0418,0,115.054
26.0423,1,115.195
26.0432,1,115.171
26.0442,0,115.172
26.0456,1,115.274
26.046,0,115.275
26.0475,1,115.24
26.0484,0,115.366
26.0493,0,115.195
26.0498,1,115.21
26.0512,0,115.171
26.0517,1,115.184
26.0527,1,115.036
26.0536,0,115.275
26.055,1,115.156
26.0555,0,115.24
26.0569,1,115.137
26.0578,0,115.21
26.0588,0,115.059
26.0593,1,115.245
26.0607,0,115.052
26.0611,1,115.339
26.0621,1,115.422
26.063,0,115.17
26.0645,1,115.369
26.0654,0,115.274
26.0663,0,115.115
26.0668,1,115.323
26.0682,0,115.1
26.0687,1,115.282
26.0696,1,115.122
26.0706,0,115.213
26.072,1,115.232
26.0725,0,115.186
26.0739,1,115.203
26.0748,0,115.163
26.0758,0,115.018
26.0763,1,115.303
26.0777,0,115.015
26.0781,1,115.39
26.0791,1,115.341
26.08,0,115.138
26.0814,1,115.423
26.0819,0,115.121
26.0833,1,115.37
26.0843,0,115.231
26.0852,0,115.327
26.0857,1,115.324
26.0871,0,115.411
26.0881,1,115.409
26.089,1,115.358
26.0895,0,115.36
26.0909,1,115.313
26.0918,0,115.315
26.0928,0,115.15
26.0932,1,115.399
26.0947,0,115.132
26.0951,1,115.474
26.0961,1,115.415
26.097,0,115.24
26.0984,1,115.488
26.0989,0,115.21
26.1003,1,115.427
26.1013,0,115.309
26.1022,0,115.27
26.1027,1,115.373
26.1041,0,115.362
26.1046,1,115.327
26.1055,1,115.161
26.1065,0,115.441
26.1079,1,115.141
26.1083,0,115.386
26.1098,1,115.123
26.1107,0,115.338
26.1117,0,115.296
26.1121,1,115.233
26.1131,1,115.204
26.114,0,115.384
26.1154,1,115.303
26.1159,0,115.336
26.1173,1,115.265
26.1183,0,115.419
26.1192,0,115.366
26.1197,1,115.232
26.1211,0,115.446
26.1216,1,115.203
26.1225,1,115.053
26.1235,0,115.515
26.1249,1,115.046
26.1253,0,115.451
26.1268,1,115.04
26.1277,0,115.394
26.1286,0,115.22
26.1291,1,115.16
26.1305,0,115.192
26.131,1,115.265
26.1319,1,114.982
26.1329,0,115.168
26.1343,1,114.984
26.1348,0,115.147
26.1357,0,115.004
26.1367,1,114.986
26.1381,0,115.128
26.1386,1,114.988
26.1395,1,114.865
26.1404,0,115.237
26.1419,1,114.881
26.1423,0,115.208
26.1437,1,114.896
26.1447,0,115.182
26.1456,0,115.034
26.1461,1,115.034
26.1475,0,115.03
26.148,1,115.03
26.1489,1,114.901
26.1499,0,115.026
26.1513,1,115.039
26.1518,0,115.023
26.1532,1,115.034
26.1541,0,115.145
26.1551,0,115.252
26.1555,1,115.03
26.157,0,115.22
26.1579,1,115.026
26.1589,1,115.023
26.1593,0,115.193
26.1607,1,115.02
26.1617,0,115.169
26.1626,0,115.023
26.1631,1,115.142
26.1645,0,115.02
26.165,1,115.125
26.1659,1,114.984
26.1669,0,115.017
26.1683,1,115.111
26.1688,0,115.015
26.1702,1,115.097
26.1711,0,115.138
26.1721,0,115.121
26.1725,1,115.21
26.174,0,115.106
26.1744,1,115.184
26.1754,1,115.036
26.1763,0,115.218
26.1777,1,115.031
26.1782,0,115.19
26.1796,1,115.027
26.1806,0,115.167
26.1815,0,115.146
26.182,1,115.024
26.1829,1,114.896
26.1839,0,115.128
26.1853,1,115.034
26.1858,0,115.112
26.1872,1,115.03
26.1881,0,115.223
26.1891,0,115.195
26.1895,1,115.151
26.1909,0,115.17
26.1914,1,115.132
26.1924,1,114.991
26.1933,0,115.274
26.1947,1,114.992
26.1952,0,115.24
26.1966,1,114.993
26.1976,0,115.335
26.1985,0,115.168
26.199,1,114.994
26.2004,0,115.147
26.2009,1,114.994
26.2018,1,114.745
26.2027,0,115.129
26.2042,1,114.902
26.2046,0,115.113
26.2056,0,114.974
26.2065,1,115.039
26.2079,0,114.977
26.2084,1,115.034
26.2094,1,114.905
26.2103,0,115.105
26.2117,1,114.917
26.2122,0,115.092
26.2136,1,114.927
26.2145,0,115.205
26.2155,0,115.055
26.216,1,114.936
26.2174,0,115.048
26.2179,1,114.944
26.2188,1,114.826
26.2197,0,115.042
26.2212,1,114.973
26.2216,0,115.037
26.223,1,115.101
26.224,0,115.032
26.2249,0,114.903
26.2254,1,115.214
26.2268,0,114.915
26.2273,1,115.187
26.2282,1,115.164
26.2292,0,114.926
26.2306,1,115.143
26.2315,0,115.06
26.2325,0,114.927
26.233,1,115.125
26.2344,0,114.937
26.2348,1,115.11
26.2358,1,114.971
26.2367,0,114.944
26.2381,1,115.1
26.2386,0,114.951
26.24,1,115.212
26.241,0,114.957
26.2419,0,114.838
26.2424,1,115.311
26.2438,0,114.858
26.2443,1,115.272
26.2452,1,115.113
26.2462,0,115.001
26.2476,1,115.224
26.2481,0,115.126
26.2495,1,115.196
26.2504,0,115.235
26.2514,0,115.331
26.2518,1,115.171
26.2533,0,115.289
26.2542,1,115.275
26.2551,1,115.365
26.2556,0,115.253
26.257,1,115.445
26.258,0,115.221
26.2589,0,115.069
26.2594,1,115.514
26.2608,0,115.06
26.2613,1,115.45
26.2622,1,115.394
26.2632,0,115.178
26.2646,1,115.469
26.2651,0,115.28
26.2665,1,115.411
26.2674,0,115.37
26.2684,0,115.199
26.2688,1,115.359
26.2702,0,115.174
26.2707,1,115.315
26.2717,1,115.15
26.2726,0,115.277
26.274,1,115.256
26.2745,0,115.243
26.2754,0,115.087
26.2764,1,115.349
26.2778,0,115.076
26.2783,1,115.306
26.2792,1,115.267
26.2802,0,115.192
26.2816,1,115.359
26.282,0,115.293
26.2835,1,115.314
26.2844,0,115.381
26.2853,0,115.209
26.2858,1,115.275
26.2872,0,115.183
26.2877,1,115.241
26.2887,1,115.085
26.2896,0,115.285
26.291,1,115.2
26.2915,0,115.249
26.2929,1,115.175
26.2938,0,115.218
26.2948,0,115.066
26.2953,1,115.278
26.2967,0,115.058
26.2971,1,115.368
26.2981,1,115.447
26.299,0,115.175
26.3005,1,115.391
26.3014,0,115.278
26.3023,0,115.119
26.3028,1,115.342
26.3042,0,115.104
26.3047,1,115.3
26.3056,1,115.137
26.3066,0,115.216
26.308,1,115.245
26.3085,0,115.189
26.3099,1,115.214
26.3108,0,115.165
26.3118,0,115.02
26.3123,1,115.313
26.3137,0,115.017
26.3141,1,115.398
26.3151,1,115.349
26.316,0,115.14
26.3174,1,115.43
26.3179,0,115.122
26.3193,1,115.376
26.3203,0,115.232
26.3212,0,115.328
26.3217,1,115.329
26.3231,0,115.412
26.3241,1,115.413
26.325,1,115.361
26.3255,0,115.361
26.3269,1,115.316
26.3278,0,115.316
26.3288,0,115.151
26.3292,1,115.402
26.3307,0,115.132
26.3311,1,115.477
26.3321,1,115.417
26.333,0,115.241
26.3344,1,115.49
26.3349,0,115.211
26.3363,1,115.429
26.3373,0,115.309
26.3382,0,115.271
26.3387,1,115.375
26.3401,0,115.362
26.3406,1,115.328
26.3415,1,115.162
26.3425,0,115.442
26.3439,1,115.142
26.3443,0,115.386
26.3458,1,115.124
26.3467,0,115.338
26.3477,0,115.296
26.3481,1,115.234
26.3491,1,115.204
26.35,0,115.384
26.3514,1,115.304
26.3519,0,115.336
26.3533,1,115.266
26.3543,0,115.419
26.3552,0,115.367
26.3557,1,115.233
26.3571,0,115.446
26.3576,1,115.204
26.3585,1,115.053
26.3595,0,115.515
26.3609,1,115.046
26.3613,0,115.451
26.3628,1,115.041
26.3637,0,115.394
26.3646,0,115.22
26.3651,1,115.161
26.3665,0,115.192
26.367,1,115.266
26.3679,1,114.982
26.3689,0,115.168
26.3703,1,114.985
26.3708,0,115.147
26.3717,0,115.004
26.3727,1,114.986
26.3741,0,115.128
26.3746,1,114.988
26.3755,1,114.865
26.3764,0,115.237
26.3779,1,114.882
26.3783,0,115.208
26.3797,1,114.896
26.3807,0,115.182
26.3816,0,115.034
26.3821,1,115.034
26.3835,0,115.03
26.384,1,115.03
26.3849,1,114.901
26.3859,0,115.026
26.3873,1,115.039
26.3878,0,115.023
26.3892,1,115.034
26.3901,0,115.145
26.3911,0,115.252
26.3915,1,115.03
26.393,0,115.22
26.3939,1,115.026
26.3949,1,115.023
26.3953,0,115.193
26.3967,1,115.02
26.3977,0,115.169
26.3986,0,115.023
26.3991,1,115.142
26.4005,0,115.02
26.401,1,115.125
26.4019,1,114.984
26.4029,0,115.017
26.4043,1,115.111
26.4048,0,115.015
26.4062,1,115.097
26.4071,0,115.138
26.4081,0,115.121
26.4085,1,115.21
26.41,0,115.106
26.4104,1,115.184
26.4114,1,115.036
26.4123,0,115.218
26.4137,1,115.031
26.4142,0,115.19
26.4156,1,115.027
26.4166,0,115.167
26.4175,0,115.146
26.418,1,115.024
26.4189,1,114.896
26.4199,0,115.128
26.4213,1,115.034
26.4218,0,115.112
26.4232,1,115.03
26.4241,0,115.223
26.4255,1,115.151
26.4274,1,115.132
26.4284,1,114.991
26.4307,1,114.992
26.4326,1,114.993
26.435,1,114.994
26.4369,1,114.994
26.4378,1,114.745
26.4402,1,114.902
26.4425,1,115.039
26.4444,1,115.034
26.4454,1,114.905
26.5398,0,115.07
26.5421,0,115.186
26.5431,0,115.038
26.5449,0,114.533
26.5473,0,114.216
26.5492,0,113.814
26.5516,0,113.338
26.5539,0,112.92
26.5563,0,112.555
26.5591,0,112.361
26.5605,1,114.417
26.5615,0,112.066
26.5619,1,113.99
26.5629,1,113.366
26.5638,0,111.558
26.5652,0,111.113
26.5657,1,112.82
26.5667,1,112.093
26.5676,0,110.599
26.569,1,111.581
26.57,0,110.149
26.5709,1,110.884
26.5719,0,109.63
26.5728,1,110.148
26.5737,0,109.052
26.5747,1,109.505
26.5756,0,108.545
26.5766,1,108.942
26.577,0,107.977
26.578,1,108.074
26.5789,0,107.23
26.5803,0,106.451
26.5808,1,107.315
26.5818,1,106.525
26.5827,0,105.645
26.5841,1,105.835
26.5851,0,105.064
26.586,1,105.23
26.5865,0,104.306
26.5879,1,104.201
26.5888,0,103.643
26.5898,1,103.426
26.5907,0,102.937
26.5917,1,102.748
26.5921,0,102.32
26.5931,1,101.905
26.594,0,101.53
26.595,1,100.916
26.5959,0,100.589
26.5969,1,100.052
26.5978,0,99.7654
26.5992,1,99.2954
26.6002,0,99.0447
26.6011,1,98.6335
26.6016,0,98.2891
26.603,1,97.8043
26.6039,0,97.628
26.6049,1,97.0788
26.6058,0,96.9245
26.6068,1,96.3189
26.6073,0,96.1839
26.6082,1,95.529
26.6091,0,95.2859
26.6101,1,94.7129
26.611,0,94.5002
26.612,1,93.7488
26.6129,0,93.5627
26.6143,1,92.9052
26.6153,0,92.8673
26.6162,1,92.1671
26.6172,0,92.1339
26.6176,1,91.3962
26.6191,0,91.2422
26.62,1,90.5966
26.6209,0,90.4619
26.6219,0,89.6542
26.6224,1,90.0221
26.6233,0,88.9474
26.6242,1,89.2693
26.6252,0,88.204
26.6261,0,87.6785
26.6275,1,88.6106
26.628,0,87.3437
26.6294,1,88.0343
26.6299,0,87.0507
26.6313,0,86.6694
26.6323,1,87.53
26.6332,0,86.3357
26.6342,1,86.9638
26.6351,0,86.0437
26.636,1,86.5933
26.637,0,85.6633
26.6379,1,86.0191
26.6389,1,85.3917
26.6398,0,85.3304
26.6408,1,84.9678
26.6417,1,84.4718
26.6422,0,85.0391
26.6436,1,84.1628
26.6445,1,84.0175
26.6455,0,84.9092
26.6464,0,84.6705
26.6474,0,84.3367
26.6478,1,84.1403
26.6488,1,83.9978
26.6502,0,84.1696
26.6507,1,83.998
26.6521,0,84.0234
26.6526,1,83.8733
26.654,0,83.7705
26.6545,1,83.8891
26.6559,0,83.5492
26.6563,1,83.903
26.6578,0,83.3555
26.6582,1,83.9151
26.6596,0,83.1861
26.6601,1,83.9257
26.6615,0,83.1628
26.6625,0,83.0175
26.6629,1,84.06
26.6639,1,83.9275
26.6653,0,83.0153
26.6658,1,83.9366
26.6667,1,83.6945
26.6677,0,82.8884
26.6686,1,83.4827
26.6696,0,82.9023
26.6705,1,83.4223
26.6714,0,82.9145
26.6724,1,83.3696
26.6733,0,82.9252
26.6743,1,83.3234
26.6752,0,82.9346
26.6762,1,83.2829
26.6771,0,82.9427
26.6781,1,83.3726
26.679,0,82.9499
26.6799,1,83.326
26.6809,0,82.9562
26.6818,1,83.1602
26.6828,0,82.8366
26.6837,1,83.0152
26.6847,0,82.8571
26.6856,1,82.8883
26.6865,0,82.8749
26.6875,1,82.9023
26.6884,0,82.8906
26.6899,1,82.9145
26.6903,0,83.1542
26.6917,1,82.9252
26.6922,0,83.385
26.6936,1,82.9345
26.6941,0,83.5868
26.6955,1,83.0677
26.696,0,83.6385
26.6974,1,83.0592
26.6979,0,83.8087
26.6993,1,83.0518
26.6998,0,83.8326
26.7012,1,83.1704
26.7017,0,83.8535
26.7031,1,83.2741
26.7035,0,83.8718
26.7045,0,83.8878
26.7059,1,83.2398
26.7064,0,84.0269
26.7078,1,83.2098
26.7083,0,84.1485
26.7092,0,84.1299
26.7106,1,83.1836
26.7116,0,84.2387
26.7125,1,83.4107
26.7135,0,84.3339
26.7144,0,84.4171
26.7153,1,83.7343
26.7163,0,84.49
26.7172,1,83.8925
26.7182,0,84.5537
26.7191,1,84.031
26.7201,0,84.6095
26.721,1,84.1521
26.7219,1,84.1331
26.7229,0,84.7833
26.7238,1,84.2414
26.7248,1,84.2113
26.7257,0,84.9354
26.7267,1,84.3099
26.7276,1,84.2711
26.7286,0,85.0685
26.7295,0,84.9349
26.7304,0,84.8181
26.7314,1,84.6122
26.7323,1,84.6607
26.7333,0,84.9658
26.7342,0,84.8451
26.7347,1,84.8281
26.7361,0,84.7394
26.7366,1,84.9746
26.738,0,84.647
26.7385,1,85.1028
26.7399,0,84.5661
26.7404,1,85.2149
26.7418,0,84.4954
26.7422,1,85.3131
26.7437,0,84.4334
26.7441,1,85.3989
26.7455,0,84.3793
26.7465,0,84.3319
26.747,1,85.4741
26.7479,1,85.4148
26.7493,0,84.2904
26.7498,1,85.488
26.7507,1,85.427
26.7522,0,84.3791
26.7526,1,85.4986
26.754,0,84.4567
26.7545,1,85.5613
26.7555,1,85.4911
26.7564,0,84.5246
26.7573,1,85.4297
26.7583,0,84.584
26.7592,1,85.376
26.7602,0,84.636
26.7611,1,85.329
26.7621,0,84.6815
26.763,1,85.2879
26.764,0,84.7213
26.7649,1,85.2519
26.7658,0,84.7562
26.7668,1,85.2204
26.7677,0,84.7866
26.7687,1,85.1929
26.7696,0,84.8133
26.7706,1,85.1687
26.7715,0,84.8366
26.7725,1,85.1477
26.7734,0,84.8571
26.7743,1,85.1292
26.7753,0,84.8749
26.7762,1,85.113
26.7772,0,84.8906
26.7781,1,85.0989
26.7791,0,84.9042
26.7805,1,85.0865
26.7809,0,85.0412
26.7824,1,85.0757
26.7828,0,85.2861
26.7843,1,85.0663
26.7847,0,85.5003
26.7861,1,85.058
26.7866,0,85.6878
26.788,1,85.0507
26.7885,0,85.8518
26.7894,0,85.8703
26.7909,1,85.0444
26.7913,0,86.0115
26.7927,1,85.0388
26.7932,0,86.1351
26.7942,0,86.1182
26.7956,1,85.034
26.7961,0,86.2284
26.7975,1,85.0297
26.7979,0,86.1999
26.7989,0,86.0499
26.8003,1,85.026
26.8012,0,86.1687
26.8022,1,85.2728
26.8031,0,86.2726
26.8041,1,85.4887
26.805,0,86.3635
26.806,1,85.5526
26.8069,1,85.4835
26.8079,0,86.4431
26.8088,1,85.6731
26.8097,1,85.7139
26.8107,0,86.6377
26.8116,1,85.8747
26.8126,1,85.8904
26.8135,0,86.808
26.8145,0,86.707
26.8154,0,86.6186
26.8163,1,86.2791
26.8173,1,86.2442
26.8182,0,86.7913
26.8192,0,86.6924
26.8201,1,86.4637
26.8211,0,86.7308
26.822,1,86.6557
26.823,0,86.6395
26.8239,1,86.6987
26.8248,0,86.6845
26.8258,0,86.599
26.8263,1,86.8614
26.8277,0,86.5241
26.8281,1,87.0037
26.8296,0,86.4586
26.83,1,87.1283
26.8315,0,86.4013
26.8324,0,86.3511
26.8329,1,87.2372
26.8338,1,87.2076
26.8352,0,86.3072
26.8357,1,87.3066
26.8366,1,87.2683
26.8381,0,86.2688
26.8385,1,87.3598
26.8399,0,86.1102
26.8404,1,87.4398
26.8414,1,87.3848
26.8428,0,86.0964
26.8433,1,87.4617
26.8447,0,86.0844
26.8451,1,87.529
26.8466,0,86.0738
26.847,1,87.5879
26.848,1,87.3894
26.8489,0,86.0646
26.8499,1,87.2157
26.8508,0,86.1815
26.8517,1,87.1887
26.8527,0,86.2838
26.8536,1,87.1652
26.8546,0,86.3734
26.8555,1,87.1445
26.8565,0,86.4517
26.8574,1,87.1264
26.8584,0,86.5202
26.8593,1,87.1106
26.8602,0,86.5802
26.8612,1,87.0968
26.8621,0,86.6327
26.8631,1,87.0847
26.864,0,86.6786
26.865,1,86.9491
26.8659,0,86.5938
26.8669,1,86.8305
26.8678,0,86.6445
26.8687,1,86.7267
26.8697,0,86.689
26.8706,1,86.6358
26.8716,0,86.7279
26.8725,1,86.5564
26.8735,0,86.7619
26.8749,1,86.4868
26.8753,0,87.0416
26.8763,0,87.1614
26.8777,1,86.551
26.8782,0,87.3913
26.8796,1,86.6071
26.8801,0,87.5923
26.881,0,87.6433
26.8824,1,86.6562
26.8829,0,87.6879
26.8843,1,86.6992
26.8848,0,87.7269
26.8857,0,87.761
26.8871,1,86.7368
26.8876,0,87.9159
26.889,1,86.7697
26.8895,0,87.9264
26.8909,1,86.6735
26.8914,0,87.9356
26.8928,1,86.7143
26.8938,1,86.875
26.8947,0,88.0687
26.8956,1,87.1406
26.8966,1,87.248
26.8975,0,88.3101
26.8985,1,87.467
26.8994,1,87.5337
26.9004,0,88.5213
26.9013,0,88.4562
26.9023,0,88.3991
26.9032,1,87.967
26.9041,1,87.9711
26.9051,0,88.5992
26.906,0,88.5243
26.907,1,88.0997
26.9079,0,88.4588
26.9089,1,88.0872
26.9098,0,88.4014
26.9107,1,88.0763
26.9117,0,88.4763
26.9126,0,88.4167
26.9136,1,88.3168
26.9145,0,88.4896
26.9155,1,88.4022
26.9164,0,88.5534
26.9174,1,88.4769
26.9183,0,88.6093
26.9192,0,88.5331
26.9202,1,88.6673
26.9211,1,88.7089
26.9221,0,88.7165
26.923,0,88.6269
26.9235,1,88.8703
26.9244,1,88.8865
26.9259,0,88.4235
26.9263,1,89.0257
26.9277,0,88.3706
26.9282,1,89.1475
26.9292,1,89.129
26.9306,0,88.3243
26.931,1,89.2379
26.9325,0,88.2837
26.9329,1,89.2082
26.9343,0,88.2483
26.9348,1,89.1821
26.9358,1,89.0344
26.9372,0,88.3422
26.9377,1,89.1551
26.9391,0,88.4245
26.9395,1,89.2607
26.941,0,88.3714
26.9414,1,89.3531
26.9424,1,89.309
26.9433,0,88.45
26.9443,1,89.2703
26.9452,0,88.5187
26.9461,1,89.2366
26.9471,0,88.5789
26.948,1,89.207
26.949,0,88.5065
26.9499,1,89.0561
26.9509,0,88.4432
26.9518,1,88.9241
26.9528,0,88.3878
26.9537,1,88.9336
26.9546,0,88.4643
26.9556,1,88.9419
26.9565,0,88.5313
26.9575,1,88.9492
26.9584,0,88.5899
26.9594,1,88.9555
26.9603,0,88.6411
26.9613,1,88.9611
26.9622,0,88.686
26.9631,1,88.9659
26.9641,0,88.7252
26.965,0,88.7596
26.966,1,88.8452
26.9669,0,88.6646
26.9679,1,88.7395
26.9688,0,88.5816
26.9697,0,88.5089
26.9712,1,88.7721
26.9716,0,88.6953
26.9731,1,88.8006
26.9735,0,88.9833
26.9745,0,89.1104
26.9759,1,88.7005
26.9764,0,89.3466
26.9778,1,88.6129
26.9782,0,89.5533
26.9797,1,88.6613
26.9801,0,89.7341
26.9815,1,88.7037
26.9825,1,88.7407
26.983,0,89.8924
26.9844,1,88.7731
26.9853,1,88.8015
26.9858,0,90.0308
26.9872,1,88.8263
26.9882,1,88.848
26.9886,0,90.152
26.9896,0,90.008
26.9905,0,89.882
26.9919,1,88.742
26.9929,1,88.7743
26.9938,0,90.0217
26.9948,0,89.894
26.9957,1,89.0525
26.9967,0,89.9073
26.9976,1,89.2959
26.9985,0,90.0439
26.9995,1,89.5089
27.0004,0,90.1634
27.0014,0,90.1429
27.0023,1,89.8203
27.0033,0,90.2501
27.0042,1,89.9678
27.0051,0,90.3438
27.0061,1,90.0968
27.007,0,90.4258
27.008,0,90.2476
27.0089,1,90.2097
27.0099,1,90.0585
27.0108,0,90.3417
27.0118,0,90.174
27.0127,1,90.1762
27.0136,1,90.1542
27.0146,0,90.2772
27.0155,1,90.2599
27.0165,0,90.3676
27.0174,1,90.3524
27.0184,1,90.3083
27.0193,0,90.5716
27.0203,1,90.3948
27.0212,0,90.6252
27.0221,0,90.547
27.0226,1,90.4705
27.024,0,90.4786
27.0245,1,90.6616
27.0254,1,90.7039
27.0269,0,90.2938
27.0273,1,90.8659
27.0287,0,90.1321
27.0292,1,91.0077
27.0306,0,90.1156
27.0311,1,91.1317
27.0321,1,91.1153
27.0335,0,90.1011
27.0339,1,91.1009
27.0354,0,90.0885
27.0358,1,91.0883
27.0372,0,90.0774
27.0377,1,91.0772
27.0391,0,90.1927
27.0396,1,91.0676
27.041,0,90.2936
27.0415,1,91.1841
27.0424,1,91.1611
27.0434,0,90.3819
27.0443,1,91.141
27.0453,0,90.4592
27.0462,1,91.1233
27.0472,0,90.5268
27.0481,1,91.1079
27.049,0,90.5859
27.05,1,90.9694
27.0509,0,90.5127
27.0519,1,90.8483
27.0528,0,90.4486
27.0538,1,90.7422
27.0547,0,90.3925
27.0557,0,90.3435
27.0566,1,90.7744
27.0575,0,90.4255
27.0585,1,90.8026
27.0594,0,90.4973
27.0604,0,90.5602
27.0613,1,90.7023
27.0623,0,90.6152
27.0632,1,90.6145
27.0641,0,90.6633
27.0651,0,90.7054
27.066,1,90.6627
27.067,0,90.6172
27.0679,1,90.5799
27.0689,0,90.54
27.0698,1,90.5074
27.0708,0,90.4725
27.0717,1,90.444
27.0726,1,90.3885
27.0736,0,90.5385
27.075,1,90.4649
27.0759,1,90.4068
27.0764,0,90.9712
27.0778,1,90.3559
27.0788,1,90.3115
27.0793,0,91.3498
27.0802,0,91.431
27.0811,0,91.5022
27.0826,1,90.3975
27.0835,1,90.4728
27.084,0,91.6894
27.0849,0,91.6032
27.0863,1,90.5387
27.0868,0,91.6528
27.0882,1,90.5964
27.0887,0,91.6962
27.0901,1,90.6468
27.0906,0,91.7342
27.0915,0,91.6424
27.0929,1,90.566
27.0939,0,91.6871
27.0948,1,90.7452
27.0958,0,91.7262
27.0967,1,90.9021
27.0977,0,91.7604
27.0986,0,91.6654
27.0995,1,91.1643
27.1005,1,91.2688
27.1014,0,91.9572
27.1024,0,91.9626
27.1033,1,91.6102
27.1043,1,91.6589
27.1052,0,92.2172
27.1062,1,91.8265
27.1071,0,92.3151
27.108,1,91.9732
27.109,1,91.8516
27.1099,0,92.4007
27.1109,1,91.8701
27.1118,0,92.3506
27.1128,0,92.1818
27.1137,1,92.0114
27.1147,0,92.1591
27.1156,1,92.1349
27.1165,1,92.1181
27.1175,0,92.2642
27.1184,1,92.2283
27.1194,0,92.3562
27.1203,1,92.3248
27.1213,0,92.4366
27.1222,1,92.4092
27.1231,1,92.358
27.1241,0,92.6321
27.125,1,92.4383
27.126,0,92.553
27.1269,0,92.3589
27.1274,1,92.6335
27.1288,0,92.1891
27.1293,1,92.8043
27.1307,0,92.0404
27.1312,1,92.9538
27.1326,0,91.9104
27.1331,1,93.0845
27.134,1,93.074
27.1354,0,91.9216
27.1359,1,93.0647
27.1373,0,91.9314
27.1378,1,93.0566
27.1392,0,91.94
27.1397,1,93.0496
27.1411,0,91.9475
27.1416,1,93.0434
27.143,0,91.954
27.1434,1,93.1629
27.1449,0,91.9598
27.1453,1,93.2676
27.1467,0,91.9648
27.1477,0,91.9692
27.1482,1,93.4841
27.1491,1,93.4236
27.1501,0,92.098
27.151,1,93.2457
27.1519,0,92.0858
27.1529,0,92.0751
27.1538,1,93.09
27.1548,0,92.0657
27.1557,1,92.9537
27.1567,0,92.0575
27.1576,0,92.0503
27.1585,1,92.8345
27.1595,0,92.169
27.1604,1,92.8552
27.1614,0,92.2729
27.1623,1,92.8733
27.1633,0,92.3638
27.1642,1,92.8891
27.1652,1,92.903
27.1661,0,92.4433
27.167,1,92.7901
27.168,1,92.6913
27.1689,0,92.3879
27.1699,1,92.6049
27.1708,1,92.5293
27.1718,0,92.3394
27.1727,0,92.297
27.1737,0,92.2599
27.1746,1,92.4631
27.1755,1,92.4053
27.1765,0,92.3524
27.1774,0,92.4333
27.1784,1,92.3546
27.1793,0,92.5042
27.1803,1,92.3103
27.1812,0,92.5661
27.1826,1,92.2715
27.1831,0,92.8704
27.184,0,93.0116
27.1855,1,92.3625
27.1859,0,93.1351
27.1873,1,92.4422
27.1878,0,93.2432
27.1892,1,92.512
27.1897,0,93.3378
27.1906,0,93.2956
27.1921,1,92.573
27.193,1,92.6263
27.1935,0,93.5087
27.1944,0,93.4451
27.1958,1,92.548
27.1968,1,92.4795
27.1973,0,93.6394
27.1987,1,92.4196
27.1991,0,93.6845
27.2006,1,92.3671
27.2015,1,92.4463
27.2024,0,93.8489
27.2034,1,92.7655
27.2043,0,93.9928
27.2053,0,93.9937
27.2062,1,93.1698
27.2072,0,94.1195
27.2081,1,93.3986
27.2091,1,93.4737
27.21,0,94.2296
27.2109,1,93.5395
27.2119,0,94.2009
27.2128,1,93.5971
27.2138,0,94.1758
27.2147,1,93.6474
27.2157,1,93.5665
27.2166,0,94.2788
27.2175,1,93.6207
27.2185,0,94.2439
27.2194,0,94.2134
27.2204,1,93.7931
27.2213,0,94.3118
27.2223,1,93.944
27.2232,0,94.3978
27.2242,1,94.076
27.2251,0,94.4731
27.226,1,94.1915
27.227,1,94.0425
27.2279,0,94.5389
27.2289,1,94.0372
27.2298,0,94.4716
27.2308,1,94.1576
27.2317,0,94.4126
27.2327,1,94.2629
27.2336,0,94.361
27.2345,1,94.355
27.2355,0,94.3159
27.2364,0,94.2764
27.2369,1,94.4356
27.2383,0,94.2419
27.2388,1,94.5062
27.2402,0,94.2116
27.2411,0,94.1852
27.2416,1,94.6929
27.2426,1,94.6063
27.244,0,94.037
27.2445,1,94.6555
27.2459,0,94.0324
27.2468,0,94.0284
27.2473,1,94.9486
27.2487,0,94.0248
27.2492,1,95.08
27.2506,0,94.0217
27.2515,0,94.019
27.252,1,95.32
27.2534,0,94.0166
27.2539,1,95.28
27.2553,0,94.0145
27.2558,1,95.245
27.2572,0,94.0127
27.2577,1,95.2144
27.2586,1,95.0626
27.2596,1,94.9298
27.2605,0,94.0111
27.2614,1,94.8135
27.2624,1,94.8368
27.2633,0,94.1347
27.2643,1,94.8572
27.2652,1,94.8751
27.2662,0,94.2429
27.2671,0,94.3375
27.2681,0,94.4203
27.269,1,94.7657
27.2699,1,94.67
27.2709,0,94.3678
27.2718,0,94.3218
27.2728,1,94.5862
27.2737,0,94.2816
27.2747,1,94.513
27.2756,0,94.2464
27.2765,1,94.4488
27.2775,0,94.2156
27.2784,0,94.1886
27.2794,1,94.3927
27.2803,0,94.2901
27.2813,1,94.3436
27.2822,0,94.3788
27.2832,1,94.3007
27.2841,0,94.4565
27.285,0,94.5244
27.286,1,94.1381
27.2869,1,93.9958
27.2879,0,94.4588
27.2888,0,94.4015
27.2898,1,93.9964
27.2907,1,93.9968
27.2917,0,94.3513
27.2926,1,93.9972
27.2935,0,94.3074
27.2945,1,93.9976
27.2954,1,93.9979
27.2964,0,94.269
27.2978,1,93.9981
27.2983,0,94.4853
27.2992,0,94.5497
27.3006,1,93.9984
27.3011,0,94.731
27.3025,1,93.9986
27.3035,1,93.9987
27.3039,0,94.8896
27.3053,1,94.1239
27.3058,0,95.0284
27.3072,1,94.2334
27.3077,0,95.1498
27.3091,1,94.3292
27.3101,1,94.4131
27.3105,0,95.3811
27.3119,1,94.3614
27.3124,0,95.4585
27.3134,0,95.4012
27.3148,1,94.3163
27.3157,0,95.476
27.3167,1,94.5267
27.3176,0,95.5415
27.3186,1,94.7109
27.3195,0,95.5988
27.3204,1,94.872
27.3214,1,94.888
27.3223,0,95.774
27.3233,1,95.152
27.3242,0,95.9272
27.3252,1,95.383
27.3261,0,96.0613
27.3271,1,95.5851
27.328,0,96.0537
27.3289,1,95.637
27.3299,0,96.0469
27.3308,0,95.9161
27.3318,1,95.8074
27.3327,0,95.9266
27.3337,1,95.9564
27.3346,0,95.9357
27.3355,0,95.8188
27.3365,1,96.2119
27.3374,1,96.1854
27.3384,0,95.9664
27.3393,1,96.2872
27.3403,0,96.0956
27.3412,0,96.0837
27.3422,1,96.5013
27.3431,0,96.1982
27.344,1,96.5637
27.345,0,96.1734
27.3459,0,96.0268
27.3469,1,96.6182
27.3478,0,96.0234
27.3488,1,96.5409
27.3497,0,96.0205
27.3507,1,96.5983
27.3516,0,96.0179
27.3525,1,96.6485
27.3535,1,96.5675
27.3544,1,96.4965
27.3554,0,96.2657
27.3563,0,96.2325
27.3568,1,96.5595
27.3577,1,96.4895
27.3591,0,96.2034
27.3596,1,96.5533
27.3606,1,96.4842
27.362,0,96.053
27.3629,0,95.9214
27.3639,0,95.8062
27.3643,1,96.7986
27.3653,1,96.8238
27.3667,0,95.8304
27.3676,0,95.8516
27.3681,1,97.0958
27.3695,0,95.8702
27.37,1,97.2089
27.3714,0,95.8864
27.3719,1,97.1827
27.3733,0,95.9006
27.3743,0,95.913
27.3747,1,97.2849
27.3757,1,97.1243
27.3766,0,95.9239
27.3776,1,96.9838
27.3785,0,95.9334
27.3794,1,96.8608
27.3804,0,95.9417
27.3813,0,95.949
27.3823,1,96.8782
27.3832,1,96.8934
27.3842,0,96.0804
27.3851,0,96.1953
27.3861,1,96.9067
27.387,1,96.7934
27.3879,0,96.1709
27.3889,1,96.6942
27.3898,0,96.1496
27.3908,1,96.6074
27.3917,1,96.5315
27.3927,0,96.1309
27.3936,1,96.4651
27.3945,0,96.1145
27.3955,0,96.1002
27.3964,1,96.4069
27.3974,0,96.0877
27.3983,1,96.3561
27.3993,1,96.3116
27.4002,0,96.2017
27.4012,1,96.2726
27.4021,0,96.3015
27.403,1,96.2385
27.404,0,96.2638
27.4049,1,96.0837
27.4059,1,95.9483
27.4068,0,96.2308
27.4078,1,95.9547
27.4087,0,96.202
27.4097,0,96.1767
27.4106,1,95.9604
27.4115,0,96.1546
27.4125,1,95.9653
27.4134,0,96.1353
27.4144,1,95.9697
27.4153,0,96.1184
27.4167,1,95.9735
27.4177,1,95.9768
27.4181,0,96.4786
27.4196,1,95.9797
27.42,0,96.6688
27.4215,1,95.9822
27.4219,0,96.7102
27.4233,1,95.9844
27.4238,0,96.7464
27.4252,1,96.1114
27.4257,0,96.9031
27.4266,0,96.9152
27.4281,1,96.2225
27.4285,0,97.0508
27.4299,1,96.1947
27.4304,0,97.1695
27.4314,0,97.1483
27.4328,1,96.1703
27.4337,1,96.149
27.4342,0,97.3797
27.4356,1,96.1304
27.4366,0,97.4573
27.4375,0,97.4001
27.4384,1,96.4891
27.4394,0,97.4751
27.4403,1,96.678
27.4413,0,97.5407
27.4422,0,97.5981
27.4432,1,96.9682
27.4441,0,97.7734
27.4451,1,97.2222
27.446,0,97.8017
27.4469,1,97.3194
27.4479,0,97.8265
27.4488,1,97.4045
27.4498,1,97.3539
27.4507,1,97.3097
27.4517,0,98.0982
27.4526,0,97.9609
27.4535,1,97.521
27.4545,1,97.5809
27.4554,0,98.0908
27.4564,1,97.7582
27.4573,1,97.7885
27.4583,0,98.2044
27.4592,0,98.1789
27.4602,0,98.1565
27.4611,1,98.1899
27.462,1,98.1662
27.463,0,98.262
27.4639,0,98.1042
27.4649,1,98.2704
27.4658,0,98.0912
27.4668,1,98.2366
27.4677,0,98.0798
27.4687,1,98.207
27.4696,0,98.0698
27.4705,0,97.9361
27.4715,1,98.4311
27.4724,1,98.3773
27.4734,0,98.0691
27.4743,1,98.4551
27.4753,0,98.1854
27.4762,1,98.5232
27.4771,0,98.2873
27.4781,0,98.2514
27.479,0,98.2199
27.4795,1,98.7078
27.4805,1,98.6193
27.4819,0,98.0674
27.4828,0,97.934
27.4833,1,98.7919
27.4842,1,98.6929
27.4856,0,97.9423
27.4861,1,98.8563
27.4875,0,97.9495
27.488,1,98.9993
27.4889,1,98.8744
27.4904,0,97.9558
27.4908,1,98.8901
27.4923,0,97.9613
27.4932,0,97.9661
27.4937,1,99.0288
27.4951,0,97.9704
27.4956,1,99.0252
27.4965,1,98.8971
27.4979,0,97.8491
27.4984,1,98.9099
27.4998,0,97.7429
27.5003,1,98.9212
27.5012,1,98.806
27.5022,0,97.9001
27.5031,1,98.8303
27.5041,1,98.8515
27.505,0,97.9126
27.5059,1,98.7451
27.5069,0,97.9235
27.5078,0,97.9331
27.5088,1,98.6519
27.5097,0,97.9414
27.5107,1,98.5704
27.5116,0,97.9487
27.5125,1,98.4991
27.5135,0,97.9552
27.5144,1,98.4367
27.5154,1,98.3821
27.5163,0,97.9608
27.5173,1,98.3344
27.5182,0,97.9657
27.5192,1,98.2926
27.5201,0,98.095
27.521,1,98.256
27.522,0,98.0831
27.5229,1,98.099
27.5239,0,98.0727
27.5248,0,98.0636
27.5258,1,97.9616
27.5267,0,98.0557
27.5277,1,97.9664
27.5286,0,98.0487
27.5295,0,98.0426
27.5305,1,97.9706
27.5314,1,97.9743
27.5324,0,98.0373
27.5333,1,97.9775
27.5343,0,98.0326
27.5352,0,98.0285
27.5361,1,97.9803
27.5371,0,98.025
27.538,1,97.9828
27.539,0,97.8969
27.5399,0,97.7847
27.5409,1,97.8599
27.5418,0,97.6867
27.5428,1,97.7524
27.5437,0,97.7258
27.5451,1,97.9084
27.5456,0,98.0101
27.547,1,98.0448
27.5479,1,98.0392
27.5489,1,98.0343
27.5494,0,98.5088
27.5503,0,98.5702
27.5517,1,98.03
27.5527,1,98.0263
27.5531,0,98.8739
27.5546,1,98.023
27.5555,1,98.0201
27.556,0,99.0147
27.5569,0,98.8879
27.5579,0,98.7769
27.5593,1,98.0176
27.5602,1,98.0154
27.5607,0,98.9298
27.5616,0,98.9385
27.5631,1,98.1385
27.5635,0,99.0712
27.5649,1,98.1212
27.5659,0,99.1873
27.5668,1,98.356
27.5678,0,99.2889
27.5687,0,99.2528
27.5697,1,98.6865
27.5706,1,98.7257
27.5715,0,99.4712
27.5725,1,98.885
27.5734,0,99.5373
27.5744,1,99.0244
27.5753,0,99.5951
27.5763,0,99.5207
27.5772,0,99.4556
27.5782,1,99.3963
27.5791,1,99.4718
27.58,0,99.6487
27.581,0,99.5676
27.5819,1,99.6628
27.5829,1,99.58
27.5838,0,99.7467
27.5848,1,99.6325
27.5857,0,99.7783
27.5867,1,99.6784
27.5876,1,99.5936
27.5885,0,99.931
27.5895,1,99.7694
27.5904,0,99.9397
27.5914,0,99.8222
27.5923,1,100.048
27.5933,0,99.8444
27.5942,1,100.167
27.5951,1,100.146
27.5961,0,99.9889
27.597,1,100.253
27.598,0,99.9903
27.5989,1,100.221
27.5999,1,100.069
27.6008,0,100.116
27.6018,1,100.06
27.6027,1,99.9276
27.6036,0,100.227
27.6046,1,99.9367
27.6055,0,100.324
27.6065,0,100.283
27.6074,1,100.195
27.6084,0,100.373
27.6093,1,100.295
27.6103,0,100.451
27.6112,1,100.383
27.6121,0,100.52
27.6131,0,100.455
27.6136,1,100.46
27.6145,1,100.403
27.6159,0,100.273
27.6164,1,100.478
27.6178,0,100.114
27.6183,1,100.543
27.6197,0,99.9746
27.6202,1,100.6
27.6216,0,99.9778
27.6221,1,100.65
27.6235,0,99.9805
27.6244,0,99.983
27.6249,1,100.819
27.6263,0,99.9851
27.6268,1,100.841
27.6282,0,99.987
27.6291,0,99.9886
27.6296,1,100.986
27.6305,1,100.863
27.632,0,99.865
27.6324,1,100.88
27.6334,1,100.77
27.6343,0,99.8819
27.6353,0,99.8967
27.6362,1,100.674
27.6372,0,99.9096
27.6381,1,100.59
27.639,0,100.046
27.64,0,100.04
27.6409,1,100.516
27.6419,0,100.035
27.6428,1,100.451
27.6438,0,100.031
27.6447,1,100.27
27.6457,0,100.027
27.6466,1,100.111
27.6475,1,100.097
27.6485,1,100.085
27.6494,0,100.024
27.6504,0,100.021
27.6513,1,100.075
27.6523,1,100.065
27.6532,0,100.018
27.6541,1,100.057
27.6551,1,100.05
27.656,0,100.141
27.657,0,100.123
27.6579,0,100.108
27.6589,1,99.9187
27.6598,1,99.8038
27.6608,0,100.094
27.6617,0,100.083
27.6626,1,99.7034
27.6636,0,100.072
27.6645,1,99.7404
27.6655,0,100.063
27.6664,1,99.7729
27.6674,0,100.055
27.6683,0,100.048
27.6693,1,99.8013
27.6702,1,99.8261
27.6711,0,100.042
27.6721,1,99.8478
27.673,0,100.037
27.674,1,99.7419
27.6749,0,99.9074
27.6759,0,99.794
27.6768,0,99.6947
27.6777,1,99.6491
27.6787,1,99.568
27.6796,0,99.6079
27.6806,0,99.6569
27.6815,1,99.622
27.6825,1,99.6692
27.6834,0,99.6998
27.6848,1,99.7106
27.6853,0,99.9873
27.6867,1,99.7468
27.6877,1,99.7784
27.6881,0,100.364
27.6895,1,99.8061
27.69,0,100.568
27.691,0,100.497
27.6924,1,99.8303
27.6929,0,100.56
27.6943,1,99.8516
27.6952,1,99.8701
27.6957,0,100.74
27.6971,1,99.8863
27.6976,0,100.773
27.699,1,99.9006
27.6999,1,99.913
27.7004,0,101.051
27.7018,1,99.9239
27.7028,1,99.9334
27.7032,0,101.295
27.7047,1,99.9417
27.7056,0,101.383
27.7065,0,101.335
27.7075,1,100.324
27.7084,0,101.418
27.7094,1,100.533
27.7103,0,101.491
27.7113,1,100.717
27.7122,0,101.554
27.7131,0,101.485
27.7141,1,101.002
27.715,1,101.127
27.716,0,101.55
27.7169,1,101.236
27.7179,0,101.606
27.7188,1,101.332
27.7198,0,101.655
27.7207,1,101.415
27.7216,0,101.698
27.7226,1,101.488
27.7235,0,101.736
27.7245,0,101.644
27.7254,1,101.677
27.7264,0,101.688
27.7273,1,101.843
27.7283,0,101.727
27.7292,0,101.636
27.7301,1,102.112
27.7311,1,102.098
27.732,0,101.807
27.733,1,102.086
27.7339,1,101.95
27.7349,0,101.956
27.7358,0,101.837
27.7367,1,102.081
27.7377,0,101.857
27.7386,1,102.071
27.7396,0,101.875
27.7405,0,101.765
27.7415,1,102.187
27.7424,0,101.92
27.7434,1,102.289
27.7443,0,102.055
27.7452,1,102.378
27.7462,0,102.173
27.7471,1,102.456
27.7481,1,102.399
27.749,1,102.349
27.75,0,102.401
27.7509,0,102.226
27.7519,1,102.43
27.7528,1,102.251
27.7537,0,102.323
27.7547,1,102.22
27.7556,1,102.067
27.7566,0,102.408
27.7575,0,102.232
27.7585,0,102.203
27.7594,0,102.177
27.7599,1,102.309
27.7608,1,102.27
27.7622,0,102.155
27.7632,0,102.136
27.7637,1,102.487
27.7651,0,102.119
27.7655,1,102.551
27.767,0,101.979
27.7674,1,102.607
27.7688,0,101.857
27.7698,0,101.75
27.7703,1,102.781
27.7712,1,102.683
27.7726,0,101.656
27.7731,1,102.723
27.7745,0,101.574
27.775,1,102.633
27.7764,0,101.627
27.7773,0,101.674
27.7783,0,101.715
27.7788,1,102.929
27.7797,1,102.812
27.7806,1,102.711
27.7816,0,101.75
27.7825,0,101.781
27.7835,1,102.622
27.7844,1,102.544
27.7854,0,101.809
27.7863,1,102.476
27.7873,0,101.833
27.7882,1,102.417
27.7891,1,102.365
27.7901,0,101.854
27.791,1,102.319
27.792,0,101.747
27.7929,0,101.779
27.7939,1,102.154
27.7948,0,101.806
27.7957,1,102.01
27.7967,1,101.884
27.7976,0,101.83
27.7986,1,101.773
27.7995,0,101.852
27.8005,1,101.802
27.8014,1,101.826
27.8024,0,101.87
27.8033,1,101.848
27.8042,1,101.867
27.8052,0,101.886
27.8061,1,101.884
27.8071,0,101.901
27.808,0,101.913
27.809,1,101.773
27.8099,0,101.799
27.8109,1,101.677
27.8118,0,101.699
27.8127,1,101.592
27.8137,0,101.612
27.8146,0,101.535
27.8156,1,101.518
27.8165,1,101.453
27.8175,0,101.593
27.8184,1,101.522
27.8193,0,101.644
27.8203,1,101.581
27.8212,0,101.689
27.8222,1,101.634
27.8231,0,101.728
27.8241,1,101.679
27.825,0,101.762
27.826,0,101.666
27.8269,1,101.595
27.8278,0,101.583
27.8288,1,101.52
27.8297,0,101.51
27.8307,0,101.446
27.8316,1,101.455
27.8326,1,101.398
27.8335,0,101.391
27.8349,1,101.474
27.8359,1,101.539
27.8363,0,101.717
27.8373,0,101.877
27.8387,1,101.597
27.8392,0,102.143
27.8406,1,101.647
27.8411,0,102.375
27.842,0,102.453
27.8434,1,101.691
27.8439,0,102.521
27.8453,1,101.73
27.8458,0,102.581
27.8472,1,101.764
27.8477,0,102.633
27.8491,1,101.793
27.85,1,101.819
27.851,1,101.717
27.8514,0,102.929
27.8524,0,102.938
27.8538,1,101.752
27.8547,1,101.783
27.8557,0,103.196
27.8566,1,102.06
27.8576,1,102.178
27.8585,0,103.421
27.8595,0,103.369
27.8604,0,103.323
27.8614,0,103.282
27.8623,1,102.78
27.8632,1,102.933
27.8642,0,103.497
27.8651,0,103.435
27.8661,1,103.316
27.867,0,103.506
27.868,1,103.402
27.8689,0,103.442
27.8699,1,103.477
27.8708,0,103.512
27.8717,0,103.448
27.8727,1,103.667
27.8736,1,103.584
27.8746,0,103.642
27.8755,1,103.636
27.8765,0,103.687
27.8774,1,103.681
27.8783,0,103.726
27.8793,0,103.635
27.8802,0,103.556
27.8812,1,104.096
27.8821,1,104.084
27.8831,1,104.074
27.884,0,103.861
27.885,0,103.754
27.8859,1,104.189
27.8868,1,104.041
27.8878,0,103.909
27.8887,1,104.036
27.8897,0,103.921
27.8906,1,104.031
27.8916,1,103.902
27.8925,0,104.056
27.8935,1,103.914
27.8944,0,104.049
27.8953,0,104.043
27.8963,1,104.05
27.8972,0,104.162
27.8982,1,104.169
27.8991,1,104.148
27.9001,0,104.392
27.901,1,104.254
27.9019,0,104.343
27.9029,1,104.223
27.9038,1,104.07
27.9048,0,104.425
27.9057,1,104.061
27.9067,1,103.928
27.9076,0,104.497
27.9086,1,103.937
27.9095,0,104.435
27.9104,0,104.256
27.9114,1,104.07
27.9123,0,104.224
27.9133,1,104.186
27.9142,0,104.321
27.9152,0,104.281
27.9156,1,104.288
27.9171,0,104.245
27.918,0,104.09
27.9185,1,104.502
27.9194,1,104.439
27.9208,0,103.954
27.9213,1,104.509
27.9227,0,103.834
27.9232,1,104.571
27.9246,0,103.73
27.9251,1,104.624
27.9265,0,103.639
27.927,1,104.546
27.9284,0,103.559
27.9293,0,103.614
27.9298,1,104.603
27.9312,0,103.662
27.9317,1,104.653
27.9331,0,103.705
27.934,0,103.741
27.9345,1,104.821
27.9355,1,104.718
27.9364,1,104.629
27.9373,0,103.774
27.9383,1,104.55
27.9392,1,104.481
27.9402,0,103.802
27.9411,0,103.827
27.9421,1,104.421
27.943,0,103.848
27.944,1,104.243
27.9449,0,103.742
27.9458,0,103.65
27.9468,1,104.088
27.9477,0,103.693
27.9487,1,103.952
27.9496,0,103.732
27.9506,1,103.833
27.9515,0,103.765
27.9525,1,103.729
27.9534,1,103.638
27.9543,1,103.683
27.9553,0,103.795
27.9562,0,103.82
27.9572,1,103.723
27.9581,1,103.757
27.9591,0,103.843
27.96,1,103.788
27.9609,1,103.689
27.9619,0,103.737
27.9628,0,103.645
27.9638,0,103.565
27.9647,0,103.494
27.9657,1,103.603
27.9666,1,103.528
27.9676,0,103.432
27.9685,0,103.378
27.9694,1,103.462
27.9704,0,103.331
27.9713,1,103.529
27.9723,0,103.415
27.9732,1,103.588
27.9742,0,103.488
27.9751,0,103.552
27.9761,1,103.639
27.977,1,103.559
27.9779,0,103.483
27.9789,1,103.49
27.9798,0,103.422
27.9808,1,103.428
27.9817,0,103.37
27.9827,0,103.323
27.9836,0,103.283
27.9845,1,103.375
27.9855,1,103.328
27.9864,1,103.287
27.9874,0,103.248
27.9883,0,103.342
27.9893,1,103.376
27.9902,1,103.454
27.9912,0,103.424
27.9921,1,103.522
27.993,0,103.496
27.994,1,103.457
27.9949,1,103.4
27.9959,0,103.434
27.9968,1,103.35
27.9978,0,103.38
27.9987,0,103.332
28.0001,1,103.431
28.0006,0,103.541
28.002,1,103.502
28.003,1,103.439
28.0034,0,103.848
28.0048,1,103.385
28.0053,0,103.992
28.0067,1,103.461
28.0077,1,103.529
28.0081,0,104.368
28.0096,1,103.588
28.0105,1,103.639
28.011,0,104.572
28.0124,1,103.684
28.0129,0,104.626
28.0138,0,104.547
28.0152,1,103.724
28.0157,0,104.604
28.0171,1,103.758
28.0176,0,104.653
28.0185,0,104.572
28.0199,1,103.789
28.0204,0,104.625
28.0214,0,104.547
28.0228,1,103.815
28.0237,1,103.963
28.0247,0,104.854
28.0256,1,104.218
28.0266,0,104.997
28.0275,1,104.44
28.0284,0,105.122
28.0294,1,104.635
28.0303,0,105.232
28.0313,1,104.806
28.0322,0,105.328
28.0332,0,105.287
28.0341,1,105.205
28.0351,0,105.376
28.036,1,105.305
28.0369,0,105.329
28.0379,0,105.163
28.0388,1,105.517
28.0398,1,105.452
28.0407,1,105.395
28.0417,0,105.393
28.0426,1,105.471
28.0435,1,105.412
28.0445,0,105.594
28.0454,0,105.519
28.0464,1,105.611
28.0473,0,105.579
28.0483,1,105.659
28.0492,0,105.632
28.0502,0,105.678
28.0511,1,105.952
28.052,0,105.843
28.053,1,105.958
28.0539,0,105.863
28.0549,1,105.963
28.0558,0,105.88
28.0568,1,105.968
28.0577,1,105.847
28.0587,1,105.741
28.0596,0,106.145
28.0605,0,106.002
28.0615,1,105.898
28.0624,1,105.786
28.0634,0,106.127
28.0643,1,105.813
28.0653,1,105.711
28.0662,0,106.236
28.0671,0,106.206
28.0681,0,106.181
28.069,0,106.158
28.07,1,106.122
28.0709,1,105.982
28.0719,0,106.263
28.0728,0,106.105
28.0738,1,106.109
28.0747,0,106.092
28.0756,1,106.096
28.0766,0,106.081
28.0775,1,106.084
28.0785,0,106.071
28.0794,0,105.937
28.0804,1,106.198
28.0813,1,106.048
28.0823,0,106.07
28.0832,1,106.167
28.0841,0,106.186
28.0851,1,106.271
28.086,0,106.288
28.087,0,106.127
28.0879,0,105.986
28.0889,1,106.488
28.0898,1,106.302
28.0907,1,106.139
28.0917,0,106.238
28.0926,0,106.083
28.0936,0,105.948
28.0941,1,106.372
28.095,1,106.2
28.0964,0,105.829
28.0969,1,106.175
28.0983,0,105.725
28.0988,1,106.153
28.0997,1,106.134
28.1011,0,105.76
28.1016,1,106.242
28.103,0,105.79
28.104,0,105.691
28.1044,1,106.462
28.1059,0,105.605
28.1063,1,106.404
28.1073,1,106.229
28.1087,0,105.529
28.1092,1,106.325
28.1101,1,106.284
28.111,0,105.588
28.112,1,106.124
28.1129,1,105.983
28.1139,0,105.514
28.1148,1,105.861
28.1158,1,105.753
28.1167,0,105.575
28.1177,1,105.659
28.1186,0,105.628
28.1195,0,105.675
28.1205,1,105.576
28.1214,0,105.715
28.1224,1,105.504
28.1233,0,105.751
28.1243,0,105.782
28.1252,1,105.566
28.1261,0,105.809
28.1271,0,105.833
28.128,1,105.621
28.129,1,105.543
28.1299,0,105.729
28.1309,1,105.475
28.1318,0,105.638
28.1328,1,105.416
28.1337,0,105.558
28.1346,1,105.364
28.1356,0,105.488
28.1365,1,105.318
28.1375,0,105.427
28.1384,0,105.374
28.1394,1,105.279
28.1403,0,105.327
28.1413,1,105.369
28.1422,0,105.411
28.1431,0,105.485
28.1441,1,105.448
28.145,1,105.517
28.146,1,105.452
28.1469,0,105.424
28.1479,1,105.396
28.1488,1,105.346
28.1497,0,105.371
28.1507,0,105.325
28.1516,1,105.303
28.1526,0,105.284
28.1535,1,105.265
28.1545,0,105.249
28.1554,0,105.218
28.1564,1,105.232
28.1573,0,105.19
28.1582,1,105.328
28.1592,0,105.292
28.1601,1,105.412
28.1611,0,105.38
28.162,1,105.485
28.163,1,105.425
28.1639,1,105.372
28.1649,0,105.333
28.1658,0,105.291
28.1667,1,105.325
28.1677,1,105.285
28.1686,0,105.255
28.1696,1,105.249
28.1705,1,105.218
28.1715,0,105.223
28.1724,0,105.195
28.1733,0,105.171
28.1743,0,105.149
28.1752,1,105.316
28.1762,1,105.401
28.1771,0,105.256
28.1781,0,105.349
28.179,1,105.476
28.18,0,105.305
28.1809,1,105.417
28.1818,0,105.267
28.1828,1,105.364
28.1837,0,105.234
28.1847,0,105.329
28.1861,1,105.444
28.187,1,105.513
28.1875,0,105.663
28.1889,1,105.449
28.1894,0,105.83
28.1908,1,105.393
28.1913,0,105.977
28.1922,0,105.979
28.1932,0,106.107
28.1946,1,105.469
28.1955,1,105.535
28.1965,1,105.593
28.1969,0,106.469
28.1979,0,106.41
28.1988,0,106.359
28.2003,1,105.644
28.2012,1,105.814
28.2017,0,106.564
28.2031,1,105.962
28.2036,0,106.618
28.205,1,105.967
28.2059,1,105.971
28.2069,0,106.791
28.2078,1,106.225
28.2087,0,106.817
28.2097,0,106.715
28.2106,1,106.571
28.2116,0,106.876
28.2125,1,106.75
28.2135,1,106.781
28.2144,0,107.141
28.2154,1,106.934
28.2163,1,106.942
28.2172,0,107.374
28.2182,1,107.074
28.2191,1,107.19
28.2201,0,107.577
28.221,1,107.416
28.222,1,107.364
28.2229,0,107.755
28.2239,1,107.444
28.2248,0,107.785
28.2257,0,107.687
28.2267,1,107.638
28.2276,0,107.726
28.2286,1,107.683
28.2295,0,107.761
28.2305,0,107.665
28.2314,1,107.848
28.2323,0,107.707
28.2333,0,107.619
28.2342,1,107.992
28.2352,1,107.868
28.2361,0,107.792
28.2371,1,108.009
28.238,0,107.943
28.239,1,108.008
28.2399,0,107.95
28.2408,1,108.007
28.2418,0,107.956
28.2427,1,108.006
28.2437,0,107.962
28.2446,0,107.841
28.2456,1,108.131
28.2465,0,107.861
28.2475,1,108.114
28.2484,0,107.879
28.2493,0,107.769
28.2503,1,108.225
28.2512,1,108.072
28.2522,1,107.938
28.2531,0,108.048
28.2541,1,108.071
28.255,1,108.062
28.2559,0,108.167
28.2569,0,108.021
28.2578,1,108.179
28.2588,0,108.018
28.2597,1,108.157
28.2607,0,108.016
28.2616,0,107.889
28.2626,1,108.262
28.2635,0,107.903
28.2644,1,108.229
28.2654,0,107.915
28.2663,1,108.201
28.2673,0,107.926
28.2682,1,108.176
28.2692,1,108.029
28.2701,1,108.025
28.2711,0,108.185
28.272,0,108.037
28.2729,1,108.147
28.2739,1,108.004
28.2748,0,108.157
28.2758,1,108.003
28.2767,1,107.878
28.2777,0,108.263
28.2786,0,108.105
28.2795,0,107.967
28.2805,0,107.846
28.2814,1,108.268
28.2824,1,108.11
28.2833,0,107.99
28.2843,0,107.866
28.2852,1,108.221
28.2862,0,107.883
28.2871,0,107.898
28.2876,1,108.193
28.289,0,107.785
28.2895,1,108.294
28.2909,0,107.687
28.2918,0,107.601
28.2923,1,108.507
28.2932,1,108.319
28.2947,0,107.526
28.2951,1,108.279
28.2965,0,107.46
28.297,1,108.369
28.2984,0,107.403
28.2994,0,107.353
28.3003,0,107.308
28.3008,1,108.573
28.3017,1,108.376
28.3027,1,108.204
28.3041,0,107.395
28.305,0,107.471
28.306,0,107.412
28.3065,1,108.429
28.3074,1,108.25
28.3083,1,108.094
28.3093,0,107.485
28.3102,1,107.957
28.3112,0,107.55
28.3121,1,107.963
28.3131,1,107.967
28.314,0,107.606
28.3149,1,107.846
28.3159,0,107.53
28.3168,0,107.464
28.3178,1,107.741
28.3187,0,107.406
28.3197,1,107.648
28.3206,1,107.567
28.3216,0,107.355
28.3225,1,107.496
28.3234,1,107.434
28.3244,0,107.311
28.3253,1,107.38
28.3263,1,107.332
28.3272,0,107.272
28.3282,1,107.291
28.3291,1,107.379
28.3301,0,107.363
28.331,1,107.332
28.3319,0,107.318
28.3329,0,107.278
28.3338,1,107.291
28.3348,0,107.243
28.3357,1,107.254
28.3367,0,107.213
28.3376,0,107.186
28.3385,1,107.222
28.3395,0,107.163
28.3404,0,107.143
28.3414,1,107.195
28.3423,1,107.17
28.3433,0,107.125
28.3442,1,107.149
28.3452,0,107.109
28.3461,1,107.255
28.347,0,107.22
28.348,1,107.223
28.3489,0,107.193
28.3499,1,107.196
28.3508,0,107.169
28.3518,0,107.148
28.3527,1,107.171
28.3537,0,107.129
28.3546,1,107.15
28.3555,0,107.113
28.3565,0,107.099
28.3574,1,107.131
28.3584,1,107.115
28.3593,1,107.1
28.3603,0,107.087
28.3612,1,107.088
28.3621,1,107.077
28.3631,0,107.201
28.364,0,107.301
28.365,1,107.067
28.3659,0,107.263
28.3669,1,107.059
28.3678,0,107.23
28.3688,0,107.201
28.3697,1,107.051
28.3706,0,107.176
28.3716,1,107.045
28.3725,0,107.154
28.3735,1,107.039
28.3744,0,107.135
28.3754,1,107.034
28.3763,1,107.03
28.3773,1,107.026
28.3782,0,107.118
28.3791,0,107.228
28.3801,1,107.148
28.381,1,107.255
28.382,0,107.2
28.3829,1,107.223
28.3839,1,107.195
28.3848,0,107.175
28.3857,0,107.153
28.3867,0,107.134
28.3876,0,107.117
28.3886,1,107.171
28.3895,1,107.149
28.3905,0,107.102
28.3914,0,107.09
28.3924,1,107.131
28.3933,0,107.078
28.3942,0,107.069
28.3952,1,107.239
28.3961,0,107.185
28.3975,1,107.334
28.398,0,107.537
28.399,0,107.595
28.4004,1,107.418
28.4013,1,107.49
28.4018,0,107.895
28.4032,1,107.554
28.4037,0,108.034
28.4051,1,107.61
28.4056,0,108.154
28.4065,0,108.135
28.4075,0,108.118
28.4089,1,107.659
28.4098,1,107.701
28.4108,1,107.739
28.4112,0,108.478
28.4122,0,108.419
28.4131,0,108.366
28.4145,1,107.771
28.4155,1,107.8
28.4164,1,107.825
28.4169,0,108.695
28.4183,1,107.847
28.4193,0,108.859
28.4202,1,108.116
28.4211,1,108.226
28.4221,0,109.126
28.423,1,108.448
28.424,0,109.11
28.4249,0,109.097
28.4259,1,108.767
28.4268,0,109.21
28.4278,1,108.921
28.4287,1,108.931
28.4296,0,109.433
28.4306,1,109.065
28.4315,1,109.057
28.4325,0,109.629
28.4334,1,109.175
28.4344,1,109.153
28.4353,0,109.801
28.4363,1,109.259
28.4372,1,109.226
28.4381,0,109.95
28.4391,1,109.323
28.44,0,109.957
28.441,0,109.837
28.4419,1,109.533
28.4429,0,109.857
28.4438,1,109.591
28.4447,0,109.875
28.4457,0,109.766
28.4466,1,109.767
28.4476,0,109.795
28.4485,0,109.696
28.4495,1,109.921
28.4504,1,109.806
28.4514,0,109.859
28.4523,1,109.83
28.4532,0,109.876
28.4542,1,109.852
28.4551,0,109.892
28.4561,1,109.87
28.457,0,109.905
28.458,1,109.886
28.4589,0,109.917
28.4599,0,109.803
28.4608,1,110.026
28.4617,0,109.827
28.4627,1,110.022
28.4636,0,109.849
28.4646,0,109.743
28.4655,1,110.145
28.4665,1,110.001
28.4674,1,109.876
28.4683,0,110.025
28.4693,1,109.892
28.4702,1,109.78
28.4712,0,110.147
28.4721,0,110.003
28.4731,1,109.933
28.474,0,110.003
28.475,1,109.941
28.4759,0,110.003
28.4768,0,109.877
28.4778,1,110.074
28.4787,0,109.893
28.4797,1,110.064
28.4806,0,109.906
28.4816,1,110.056
28.4825,0,109.918
28.4835,1,110.049
28.4844,1,109.918
28.4853,1,109.803
28.4863,0,110.178
28.4872,0,110.031
28.4882,1,109.953
28.4891,1,109.834
28.4901,0,110.152
28.491,1,109.855
28.4919,1,109.748
28.4929,0,110.258
28.4938,0,110.101
28.4948,0,109.963
28.4957,0,109.843
28.4967,1,110.154
28.4976,1,110.01
28.4986,0,109.987
28.4995,0,109.864
28.5004,1,110.134
28.5014,0,109.881
28.5023,0,109.771
28.5033,1,110.242
28.5042,0,109.799
28.5052,1,110.212
28.5061,0,109.825
28.5071,0,109.721
28.508,1,110.185
28.5089,1,109.912
28.5099,0,109.881
28.5108,1,109.798
28.5118,0,109.896
28.5127,1,109.698
28.5137,0,109.909
28.5146,0,109.795
28.5155,0,109.696
28.5165,0,109.609
28.517,1,109.861
28.5179,1,109.753
28.5189,1,109.659
28.5198,0,109.408
28.5212,0,109.357
28.5222,0,109.312
28.5226,1,109.952
28.5236,1,109.833
28.5245,1,109.729
28.5255,0,109.273
28.5264,1,109.763
28.5278,0,109.114
28.5283,1,109.792
28.5292,1,109.693
28.5307,0,108.975
28.5311,1,109.732
28.5325,0,108.978
28.5335,0,108.981
28.534,1,109.765
28.5354,0,108.983
28.5358,1,109.795
28.5368,1,109.695
28.5382,0,108.985
28.5387,1,109.733
28.5396,1,109.642
28.541,0,108.987
28.5415,1,109.686
28.5425,1,109.601
28.5439,0,108.864
28.5443,1,109.651
28.5453,1,109.569
28.5467,0,108.756
28.5472,1,109.623
28.5486,0,108.661
28.5495,1,109.67
28.55,0,108.829
28.5514,0,108.85
28.5519,1,109.711
28.5533,0,108.869
28.5543,1,109.872
28.5552,0,109.01
28.5561,0,109.009
28.5566,1,109.888
28.558,1,109.777
28.559,0,109.133
28.5594,1,109.68
28.5609,1,109.47
28.5613,0,109.241
28.5627,0,109.211
28.5637,1,109.411
28.5646,1,109.235
28.5651,0,109.31
28.5661,0,109.271
28.567,1,109.206
28.5679,0,109.237
28.5694,1,109.18
28.5698,0,109.332
28.5712,0,109.416
28.5722,1,109.282
28.5727,0,109.364
28.5741,1,109.247
28.575,0,109.568
28.5755,1,109.216
28.5764,1,109.189
28.5774,0,109.497
28.5783,1,109.166
28.5797,0,109.31
28.5807,1,109.27
28.5816,0,109.271
28.5826,0,109.112
28.583,1,109.361
28.5845,0,109.098
28.5849,1,109.441
28.5863,1,109.386
28.5868,0,109.211
28.5882,0,109.31
28.5892,1,109.463
28.5901,1,109.405
28.5906,0,109.396
28.5915,0,109.347
28.5925,1,109.354
28.5934,1,109.31
28.5948,0,109.178
28.5958,0,109.031
28.5963,1,109.521
28.5972,1,109.456
28.5986,0,108.902
28.5991,1,109.524
28.6,1,109.459
28.6015,0,108.914
28.6024,1,109.651
28.6029,0,108.925
28.6038,0,108.934
28.6052,1,109.57
28.6062,0,109.193
28.6066,1,109.499
28.6076,0,109.169
28.609,1,109.436
28.6095,0,109.272
28.6104,0,109.238
28.6118,1,109.257
28.6123,0,109.334
28.6137,1,109.1
28.6142,0,109.417
28.6151,0,109.365
28.6166,1,109.087
28.6175,1,109.076
28.618,0,109.444
28.6194,1,109.067
28.6199,0,109.514
28.6213,1,109.058
28.6217,0,109.574
28.6227,0,109.503
28.6236,0,109.44
28.6246,0,109.385
28.6255,1,109.051
28.6269,0,109.462
28.6274,1,109.17
28.6284,1,109.273
28.6293,0,109.529
28.6302,0,109.463
28.6312,1,109.239
28.6326,1,109.209
28.6335,1,109.183
28.634,0,109.78
28.6354,1,109.16
28.6359,0,109.808
28.6369,0,109.707
28.6378,1,109.14
28.6392,0,109.618
28.6397,1,109.248
28.6411,0,109.541
28.642,1,109.467
28.643,1,109.408
28.6435,0,109.598
28.6444,0,109.524
28.6453,1,109.482
28.6468,0,109.333
28.6477,1,109.672
28.6487,1,109.713
28.6491,0,109.541
28.6505,1,109.874
28.6515,1,109.89
28.652,0,109.599
28.6534,1,110.028
28.6543,1,110.025
28.6548,0,109.774
28.6562,1,110.147
28.6567,0,109.802
28.6581,1,110.253
28.6586,0,109.827
28.6595,1,110.222
28.6605,0,109.849
28.6619,1,110.194
28.6628,0,109.992
28.6638,1,110.045
28.6642,0,110.118
28.6652,1,109.914
28.6661,0,110.229
28.6675,0,110.325
28.668,1,109.925
28.6689,1,109.934
28.6699,0,110.409
28.6713,1,110.193
28.6718,0,110.358
28.6732,1,110.543
28.6741,0,110.563
28.6751,0,110.493
28.6756,1,110.726
28.677,0,110.431
28.6774,1,111.01
28.6784,1,111.134
28.6793,0,110.627
28.6807,1,111.117
28.6812,0,110.799
28.6822,0,110.824
28.6831,1,111.102
28.6845,0,110.971
28.685,1,110.964
28.6864,0,110.975
28.6874,1,111.094
28.6883,1,111.207
28.6888,0,110.978
28.6902,1,111.306
28.6911,0,111.106
28.6921,0,111.092
28.6925,1,111.393
28.694,0,111.081
28.6944,1,111.344
28.6954,1,111.301
28.6963,0,111.196
28.6977,1,111.263
28.6982,0,111.296
28.6996,1,111.105
28.7006,0,111.384
28.7015,0,111.336
28.702,1,111.092
28.7034,0,111.419
28.7043,1,111.206
28.7053,1,111.305
28.7058,0,111.367
28.7072,1,111.267
28.7077,0,111.446
28.7091,1,111.358
28.7095,0,111.39
28.711,0,111.091
28.7114,1,111.439
28.7124,1,111.509
28.7133,0,111.08
28.7147,1,111.57
28.7152,0,111.195
28.7166,1,111.499
28.7176,0,111.171
28.7185,0,111.149
28.719,1,111.562
28.7204,0,111.131
28.7209,1,111.491
28.7218,1,111.305
28.7228,0,111.239
28.7242,0,111.334
28.7246,1,111.267
28.7256,1,110.983
28.727,0,111.543
28.7275,1,110.861
28.7289,0,111.725
28.7294,1,110.753
28.7303,0,111.884
28.7317,0,111.899
28.7327,0,111.786
28.7336,1,110.909
28.7346,0,111.813
28.7355,1,110.795
28.7364,1,110.571
28.7369,0,111.961
28.7383,0,112.216
28.7393,1,110.624
28.7402,0,112.439
28.7407,1,110.421
28.7416,1,110.244
28.7431,0,112.634
28.7435,1,110.213
28.7449,0,112.805
28.7459,1,110.187
28.7468,0,112.704
28.7478,1,110.163
28.7487,0,112.741
28.7497,0,112.774
28.7501,1,110.268
28.7511,1,110.109
28.7525,0,112.802
28.7534,1,110.221
28.7544,0,112.827
28.7553,0,112.723
28.7558,1,110.193
28.7567,1,110.044
28.7582,0,112.883
28.7586,1,110.038
28.7596,1,109.909
28.761,0,113.023
28.7615,1,109.92
28.7624,1,109.805
28.7633,0,113.145
28.7643,1,109.829
28.7657,0,113.252
28.7662,1,109.851
28.7676,0,113.22
28.7685,1,109.869
28.7695,0,113.193
28.77,1,109.886
28.7714,0,113.169
28.7718,1,109.9
28.7733,0,113.148
28.7737,1,109.913
28.7747,0,113.004
28.7761,1,110.048
28.777,1,109.917
28.7775,0,113.004
28.7789,0,112.878
28.7794,1,110.053
28.7808,0,112.893
28.7813,1,110.046
28.7827,0,112.907
28.7836,1,110.04
28.7846,0,112.918
28.7855,1,110.035
28.786,0,112.804
28.7874,1,110.031
28.7884,0,112.828
28.7893,0,112.85
28.7898,1,110.152
28.7912,0,112.743
28.7917,1,110.258
28.7931,1,110.226
28.794,0,112.775
28.795,0,112.679
28.7954,1,110.323
28.7964,1,110.157
28.7978,0,112.719
28.7983,1,110.138
28.7997,0,112.754
28.8006,1,110.12
28.8016,0,112.785
28.8025,1,110.105
28.8035,1,109.967
28.8039,0,112.687
28.8054,0,112.726
28.8058,1,109.971
28.8072,0,112.885
28.8077,1,109.975
28.8087,0,112.774
28.8101,1,110.103
28.811,0,112.803
28.812,0,112.577
28.8124,1,110.215
28.8134,1,110.063
28.8148,1,109.93
28.8157,0,112.755
28.8167,0,112.786
28.8172,1,109.939
28.8186,0,112.813
28.819,1,109.947
28.82,1,109.703
28.8209,0,112.836
28.8223,1,109.74
28.8228,0,112.856
28.8242,1,109.773
28.8252,0,113.124
28.8261,0,113.109
28.8266,1,109.801
28.828,0,113.095
28.8285,1,109.826
28.8294,1,109.723
28.8304,0,113.083
28.8318,1,109.757
28.8323,0,113.198
28.8332,0,113.173
28.8341,1,109.788
28.8356,0,113.152
28.836,1,109.939
28.837,1,109.822
28.8379,0,113.133
28.8393,1,109.844
28.8398,0,112.991
28.8408,0,112.867
28.8422,1,109.739
28.8426,0,112.759
28.8441,1,109.646
28.845,0,112.914
28.8455,1,109.566
28.8464,0,113.05
28.8478,1,109.37
28.8483,0,113.168
28.8493,1,109.324
28.8507,1,109.283
28.8511,0,113.397
28.8521,1,109.248
28.853,0,113.598
28.8544,1,109.217
28.8549,0,113.648
28.8563,0,113.567
28.8573,1,109.315
28.8577,0,113.496
28.8587,1,109.15
28.8601,0,113.559
28.8606,1,109.132
28.862,1,108.99
28.8625,0,113.614
28.8634,0,113.662
28.8644,1,108.991
28.8658,1,108.992
28.8662,0,113.705
28.8672,1,108.993
28.8686,1,108.994
28.8691,0,113.867
28.87,1,108.995
28.8714,0,114.133
28.8719,1,108.996
28.8729,1,108.871
28.8738,0,114.242
28.8747,1,108.762
28.8757,0,114.336
28.8771,1,108.792
28.8776,0,114.294
28.8785,1,108.818
28.8795,0,114.258
28.8809,0,114.1
28.8813,1,108.966
28.8823,1,108.97
28.8832,0,114.088
28.8847,1,108.849
28.8851,0,114.077
28.8865,1,108.868
28.887,0,114.067
28.888,1,108.759
28.8889,0,114.059
28.8903,0,113.926
28.8908,1,108.789
28.8922,1,108.816
28.8927,0,113.936
28.8941,0,113.944
28.895,1,108.964
28.896,1,108.843
28.8965,0,113.951
28.8974,0,113.832
28.8983,1,108.863
28.8993,0,113.728
28.9002,1,108.88
28.9016,1,108.77
28.9021,0,113.762
28.9031,0,113.792
28.904,1,108.799
28.9054,0,113.818
28.9059,1,108.824
28.9068,1,108.721
28.9078,0,113.716
28.9092,1,108.756
28.9097,0,113.876
28.9111,0,113.892
28.912,1,108.911
28.913,1,108.922
28.9134,0,113.905
28.9144,0,113.792
28.9153,1,109.057
28.9163,0,113.693
28.9172,1,109.175
28.9186,1,109.028
28.9191,0,113.731
28.9201,0,113.64
28.921,1,108.9
28.9224,1,108.912
28.9234,1,108.923
28.9238,0,113.81
28.9248,0,113.709
28.9257,1,108.808
28.9267,0,113.87
28.9281,1,108.832
28.929,0,113.886
28.93,1,108.978
28.9309,0,113.901
28.9319,0,113.788
28.9323,1,109.106
28.9333,1,109.092
28.9342,0,113.814
28.9352,1,109.081
28.9361,0,113.838
28.9375,1,109.071
28.9385,0,113.733
28.9394,1,109.187
28.9403,0,113.766
28.9413,0,113.671
28.9418,1,109.289
28.9427,1,109.127
28.9437,0,113.587
28.9446,1,108.987
28.946,0,113.638
28.947,1,109.113
28.9479,0,113.684
28.9488,1,109.099
28.9493,0,113.723
28.9507,1,108.962
28.9512,0,113.758
28.9526,1,108.841
28.9531,0,113.788
28.9545,0,113.815
28.9555,1,108.986
28.9564,1,108.988
28.9569,0,113.838
28.9578,0,113.608
28.9588,1,108.989
28.9597,0,113.532
28.9606,1,109.116
28.9621,0,113.59
28.963,1,109.351
28.9639,0,113.767
28.9649,1,109.432
28.9658,1,109.253
28.9663,0,113.921
28.9673,0,113.931
28.9682,1,109.347
28.9691,0,114.064
28.9701,1,109.428
28.9715,0,114.181
28.9724,1,109.625
28.9734,0,114.409
28.9743,0,114.358
28.9748,1,109.672
28.9757,1,109.713
28.9767,0,114.313
28.9776,1,109.749
28.9791,0,114.524
28.98,1,109.905
28.9809,0,114.458
28.9819,1,110.292
28.9828,1,110.505
28.9833,0,114.401
28.9842,0,114.226
28.9852,1,110.942
28.9861,0,114.073
28.9871,1,111.449
28.9885,0,113.939
28.9894,1,111.893
28.9904,0,113.821
28.9913,1,112.157
28.9923,1,112.387
28.9927,0,113.719
28.9937,0,113.629
28.9946,1,112.464
28.9956,0,113.425
28.997,1,112.656
28.9979,0,113.247
28.9989,1,112.824
28.9998,1,112.846
29.0003,0,113.216
29.0012,0,113.189
29.0022,1,113.115
29.0031,0,113.165
29.0041,1,113.226
29.0055,0,113.145
29.0064,1,113.322
29.0074,0,113.127
29.0083,1,113.282
29.0093,1,113.372
29.0097,0,113.111
29.0107,0,113.097
29.0116,1,113.325
29.0126,0,113.085
29.0135,1,113.285
29.0149,0,112.949
29.0159,1,113.374
29.0168,0,112.956
29.0178,1,113.327
29.0187,1,113.286
29.0192,0,113.086
29.0201,0,113.075
29.0211,1,113.501
29.022,0,113.066
29.0234,1,113.563
29.0244,0,113.058
29.0253,1,113.493
29.0263,1,113.556
29.0267,0,113.051
29.0277,0,113.044
29.0286,1,113.487
29.0296,0,113.039
29.0305,1,113.426
29.0319,0,112.909
29.0329,1,113.498
29.0338,0,112.92
29.0347,1,113.56
29.0357,1,113.49
29.0362,0,112.93
29.0371,0,112.939
29.0381,1,113.679
29.039,0,112.822
29.0399,1,113.719
29.0414,0,112.719
29.0423,1,113.754
29.0432,0,112.754
29.0442,0,112.785
29.0447,1,113.91
29.0456,1,113.796
29.0465,0,112.687
29.0475,1,113.822
29.0489,0,112.601
29.0499,1,113.844
29.0508,0,112.526
29.0517,1,113.863
29.0527,1,113.756
29.0532,0,112.585
29.0541,0,112.637
29.055,1,113.786
29.056,0,112.557
29.0569,1,113.813
29.0583,0,112.488
29.0593,1,113.961
29.0602,0,112.552
29.0612,1,114.091
29.0621,1,114.08
29.0626,0,112.608
29.0635,0,112.532
29.0645,1,114.07
29.0654,0,112.465
29.0664,1,114.061
29.0678,0,112.532
29.0687,1,113.928
29.0697,0,112.591
29.0706,0,112.642
29.0711,1,114.062
29.072,1,114.055
29.073,0,112.687
29.0739,1,113.923
29.0753,0,112.726
29.0763,1,113.807
29.0772,0,112.885
29.0782,1,113.831
29.0791,1,113.853
29.0796,0,112.899
29.0805,0,112.912
29.0815,1,113.746
29.0824,0,112.923
29.0834,1,113.653
29.0848,0,112.933
29.0857,1,113.571
29.0867,0,112.941
29.0876,1,113.5
29.0886,1,113.437
29.089,0,113.198
29.09,0,113.174
29.0909,1,113.383
29.0919,0,113.027
29.0933,1,113.46
29.0942,0,113.149
29.0952,1,113.527
29.0961,1,113.586
29.0966,0,113.13
29.0975,0,113.114
29.0985,1,113.513
29.0994,0,113.1
29.1004,1,113.449
29.1018,0,113.087
29.1027,1,113.393
29.1037,0,113.076
29.1046,1,113.344
29.1055,1,113.301
29.106,0,113.192
29.107,0,113.168
29.1079,1,113.263
29.1089,0,113.147
29.1098,1,113.23
29.1112,0,113.253
29.1122,1,113.326
29.1131,0,113.222
29.114,0,113.194
29.1145,1,113.536
29.1155,1,113.469
29.1164,0,113.17
29.1173,1,113.41
29.1188,0,113.149
29.1197,1,113.359
29.1207,0,113.13
29.1216,1,113.314
29.1225,1,113.275
29.123,0,113.239
29.124,0,113.209
29.1249,1,113.24
29.1258,0,113.183
29.1268,1,113.21
29.1282,0,113.285
29.1291,1,113.309
29.1301,0,113.374
29.131,1,113.395
29.132,1,113.346
29.1325,0,113.328
29.1334,0,113.287
29.1343,1,113.303
29.1353,0,113.251
29.1362,1,113.265
29.1376,0,113.219
29.1386,1,113.232
29.1395,0,113.192
29.1405,0,113.168
29.1409,1,113.328
29.1419,1,113.287
29.1428,0,113.147
29.1438,1,113.251
29.1452,0,113.254
29.1461,1,113.345
29.1471,0,113.347
29.148,1,113.427
29.149,1,113.373
29.1494,0,113.304
29.1504,0,113.266
29.1513,1,113.327
29.1523,0,113.357
29.1532,1,113.411
29.1546,0,113.313
29.1556,1,113.359
29.1565,0,113.274
29.1575,1,113.314
29.1584,1,113.275
29.1589,0,113.364
29.1598,0,113.319
29.1608,1,113.241
29.1617,0,113.279
29.1631,1,113.336
29.1641,0,113.369
29.165,1,113.419
29.166,1,113.366
29.1664,0,113.323
29.1674,0,113.283
29.1683,1,113.321
29.1693,0,113.372
29.1702,1,113.406
29.1716,0,113.326
29.1726,1,113.355
29.1735,0,113.285
29.1745,1,113.31
29.1754,1,113.272
29.1759,0,113.249
29.1768,0,113.218
29.1778,1,113.238
29.1787,0,113.191
29.1797,1,113.208
29.1811,0,113.292
29.182,1,113.307
29.183,0,113.256
29.1839,1,113.144
29.1848,1,113.001
29.1853,0,113.474
29.1863,0,113.539
29.1872,1,113.126
29.1881,0,113.472
29.1896,1,113.11
29.1905,0,113.413
29.1915,1,113.096
29.1924,1,113.084
29.1929,0,113.361
29.1938,0,113.316
29.1948,1,113.074
29.1957,0,113.277
29.1966,1,113.064
29.1981,0,113.367
29.199,1,113.181
29.1999,0,113.321
29.2009,1,113.159
29.2018,1,113.139
29.2023,0,113.281
29.2033,0,113.371
29.2042,1,113.246
29.2051,0,113.45
29.2061,1,113.216
29.2075,0,113.393
29.2084,1,113.189
29.2094,0,113.344
29.2103,0,113.301
29.2108,1,113.29
29.2117,1,113.254
29.2127,0,113.264
29.2136,1,113.222
29.2151,0,113.356
29.216,1,113.194
29.2169,0,113.311
29.2179,1,113.17
29.2188,1,113.149
29.2193,0,113.272
29.2202,0,113.363
29.2212,1,113.255
29.2221,0,113.443
29.2231,1,113.348
29.2245,0,113.387
29.2254,1,113.305
29.2264,0,113.339
29.2273,1,113.267
29.2283,1,113.233
29.2287,0,113.422
29.2297,0,113.369
29.2306,1,113.204
29.2316,0,113.323
29.233,1,113.179
29.2339,0,113.282
29.2349,1,113.156
29.2358,1,113.137
29.2363,0,113.247
29.2372,0,113.341
29.2382,1,113.245
29.2391,0,113.424
29.2401,1,113.339
29.2415,0,113.371
29.2424,1,113.297
29.2434,0,113.324
29.2443,1,113.26
29.2453,1,113.352
29.2457,0,113.284
29.2467,0,113.248
29.2476,1,113.308
29.2486,0,113.217
29.2495,1,113.27
29.2509,0,113.19
29.2519,1,113.236
29.2528,0,113.166
29.2538,1,113.206
29.2547,1,113.181
29.2552,0,113.396
29.2561,0,113.471
29.2571,1,113.283
29.258,0,113.412
29.2594,1,113.248
29.2604,0,113.361
29.2613,1,113.217
29.2623,1,113.315
29.2627,0,113.316
29.2637,0,113.276
29.2646,1,113.275
29.2656,0,113.242
29.2665,1,113.241
29.2679,0,113.211
29.2689,1,113.211
29.2698,0,113.185
29.2707,1,113.184
29.2717,1,113.161
29.2722,0,113.287
29.2731,0,113.376
29.2741,1,113.266
29.275,0,113.329
29.2759,1,113.108
29.2774,0,113.288
29.2783,1,113.094
29.2792,0,113.252
29.2802,0,113.22
29.2807,1,113.333
29.2816,1,113.291
29.2825,0,113.193
29.2835,1,113.255
29.2849,0,113.169
29.2859,1,113.223
29.2868,0,113.148
29.2877,1,113.195
29.2887,1,113.171
29.2892,0,113.254
29.2901,0,113.347
29.291,1,113.274
29.292,0,113.304
29.2929,1,113.24
29.2943,0,113.266
29.2953,1,113.21
29.2962,0,113.358
29.2972,1,113.309
29.2981,1,113.395
29.2986,0,113.313
29.2995,0,113.274
29.3005,1,113.346
29.3014,0,113.24
29.3024,1,113.303
29.3038,0,113.21
29.3047,1,113.265
29.3057,0,113.183
29.3066,0,113.161
29.3071,1,113.482
29.308,1,113.546
29.309,0,113.14
29.3099,1,113.478
29.3113,0,113.123
29.3123,1,113.418
29.3132,0,113.233
29.3142,1,113.491
29.3151,1,113.555
29.3156,0,113.203
29.3165,0,113.178
29.3175,1,113.485
29.3184,0,113.156
29.3194,1,113.425
29.3208,0,113.136
29.3217,1,113.372
29.3227,0,113.119
29.3236,1,113.325
29.3246,1,113.284
29.325,0,113.354
29.326,0,113.31
29.3269,1,113.249
29.3279,0,113.146
29.3293,1,113.343
29.3302,0,113.253
29.3312,1,113.425
29.3321,1,113.497
29.3326,0,113.221
29.3335,0,113.194
29.3345,1,113.435
29.3354,0,113.17
29.3364,1,113.38
29.3378,0,113.148
29.3387,1,113.333
29.3397,0,113.13
29.3406,1,113.291
29.3415,1,113.255
29.342,0,113.239
29.343,0,113.209
29.3439,1,113.223
29.3449,0,113.183
29.3458,1,113.195
29.3472,0,113.285
29.3482,1,113.296
29.3491,0,113.249
29.35,0,113.218
29.3505,1,113.509
29.3515,1,113.445
29.3524,0,113.191
29.3533,1,113.39
29.3548,0,113.167
29.3557,1,113.341
29.3567,0,113.146
29.3576,1,113.298
29.3585,1,113.261
29.359,0,113.253
29.36,0,113.221
29.3609,1,113.228
29.3618,0,113.194
29.3628,1,113.2
29.3642,0,113.294
29.3651,1,113.3
29.3661,0,113.383
29.367,1,113.387
29.368,1,113.339
29.3685,0,113.335
29.3694,0,113.293
29.3703,1,113.297
29.3713,0,113.256
29.3722,1,113.259
29.3736,0,113.224
29.3746,1,113.227
29.3755,0,113.196
29.3765,0,113.172
29.3769,1,113.324
29.3779,1,113.283
29.3788,0,113.15
29.3798,1,113.248
29.3812,0,113.256
29.3821,1,113.342
29.3831,0,113.349
29.384,1,113.424
29.385,1,113.371
29.3854,0,113.306
29.3864,0,113.268
29.3873,1,113.325
29.3883,0,113.359
29.3892,1,113.409
29.3906,0,113.314
29.3916,1,113.358
29.3925,0,113.275
29.3935,1,113.313
29.3944,1,113.274
29.3949,0,113.366
29.3958,0,113.32
29.3968,1,113.24
29.3977,0,113.28
29.3991,1,113.335
29.4001,0,113.37
29.401,1,113.418
29.402,1,113.366
29.4024,0,113.324
29.4034,0,113.283
29.4043,1,113.32
29.4053,0,113.373
29.4062,1,113.405
29.4076,0,113.326
29.4086,1,113.354
29.4095,0,113.535
29.4105,1,113.31
29.4114,1,113.271
29.4119,0,113.718
29.4128,0,113.754
29.4138,1,113.237
29.4147,0,113.909
29.4157,1,113.208
29.4171,0,114.171
29.418,1,113.307
29.419,0,114.274
29.4199,1,113.143
29.4208,1,113
29.4213,0,114.49
29.4223,0,114.679
29.4232,1,113.125
29.4241,0,114.844
29.4256,1,113.11
29.4265,0,114.864
29.4275,1,113.096
29.4284,1,113.209
29.4289,0,114.881
29.4298,0,114.77
29.4308,1,113.433
29.4317,0,114.799
29.4326,1,113.629
29.4341,0,114.949
29.435,1,113.925
29.4359,0,114.956
29.4369,1,114.06
29.4378,1,114.052
29.4383,0,115.086
29.4393,0,114.95
29.4402,1,114.296
29.4411,0,115.082
29.4421,1,114.509
29.4435,0,115.196
29.4444,1,114.57
29.4454,0,115.172
29.4463,0,115.025
29.4468,1,114.624
29.4477,1,114.671
29.4487,0,115.022
29.4496,1,114.712
29.4511,0,115.144
29.452,1,114.748
29.4529,0,115.126
29.4539,1,114.779
29.4548,1,114.682
29.4553,0,115.236
29.4562,0,115.081
29.4572,1,114.847
29.4581,0,115.196
29.4591,1,114.991
29.4605,0,115.296
29.4614,1,115.117
29.4624,0,115.259
29.4633,1,115.102
29.4643,1,114.965
29.4647,0,115.227
29.4657,0,115.199
29.4666,1,114.969
29.4676,0,115.174
29.469,1,114.973
29.4699,0,115.152
29.4709,1,114.976
29.4718,1,114.854
29.4723,0,115.258
29.4732,0,115.101
29.4742,1,114.997
29.4751,0,115.213
29.4761,1,115.123
29.4775,0,115.312
29.4784,1,115.232
29.4794,0,115.273
29.4803,1,115.203
29.4813,1,115.053
29.4817,0,115.239
29.4827,0,115.084
29.4836,1,115.171
29.4846,0,115.073
29.4855,1,115.15
29.4869,0,115.064
29.4879,1,115.131
29.4888,0,115.056
29.4898,1,115.115
29.4907,1,114.975
29.4912,0,115.174
29.4921,0,115.277
29.4931,1,115.104
29.494,0,115.368
29.4954,1,115.216
29.4964,0,115.322
29.4973,1,115.189
29.4983,1,115.04
29.4987,0,115.281
29.4997,0,115.121
29.5006,1,115.16
29.5016,0,115.106
29.5025,1,115.14
29.5039,0,115.093
29.5049,1,115.123
29.5058,0,115.081
29.5067,1,115.107
29.5077,1,114.969
29.5082,0,115.196
29.5091,0,115.172
29.5101,1,115.098
29.511,0,115.15
29.5119,1,115.085
29.5134,0,115.256
29.5143,1,115.075
29.5152,0,115.224
29.5162,0,115.071
29.5167,1,115.065
29.5176,1,115.182
29.5185,0,115.062
29.5195,1,115.159
29.5209,0,115.055
29.5219,1,115.14
29.5228,0,115.048
29.5237,1,115.122
29.5247,1,114.982
29.5252,0,115.167
29.5261,0,115.146
29.527,1,115.109
29.528,0,115.128
29.5289,1,115.095
29.5303,0,115.237
29.5313,1,115.209
29.5322,0,115.207
29.5332,1,115.182
29.5341,1,115.16
29.5346,0,115.306
29.5355,0,115.143
29.5365,1,115.265
29.5374,0,115.125
29.5384,1,115.232
29.5398,0,115.109
29.5407,1,115.203
29.5417,0,115.096
29.5426,0,114.959
29.5431,1,115.302
29.544,1,115.39
29.545,0,114.964
29.5459,1,115.341
29.5473,0,115.093
29.5483,1,115.423
29.5492,0,115.082
29.5502,1,115.37
29.5511,1,115.324
29.5516,0,115.197
29.5525,0,115.047
29.5535,1,115.409
29.5544,0,115.041
29.5554,1,115.357
29.5568,0,115.036
29.5577,1,115.313
29.5587,0,115.031
29.5596,1,115.274
29.5606,1,115.114
29.561,0,115.153
29.562,0,115.133
29.5629,1,115.1
29.5639,0,115.117
29.5653,1,115.213
29.5662,0,115.102
29.5672,1,115.311
29.5681,1,115.272
29.5686,0,115.214
29.5695,0,115.063
29.5705,1,115.363
29.5714,0,115.055
29.5724,1,115.318
29.5738,0,115.048
29.5747,1,115.278
29.5757,0,115.042
29.5766,1,115.243
29.5775,1,115.088
29.578,0,115.162
29.579,0,115.016
29.5799,1,115.077
29.5809,0,115.014
29.5818,1,115.067
29.5832,0,115.138
29.5842,1,115.184
29.5851,0,115.245
29.586,0,115.09
29.5865,1,115.286
29.5875,1,115.375
29.5884,0,115.079
29.5893,1,115.328
29.5908,0,115.069
29.5917,1,115.287
29.5927,0,115.06
29.5936,1,115.251
29.5945,1,115.095
29.595,0,115.178
29.596,0,115.03
29.5969,1,115.083
29.5978,0,115.027
29.5988,1,115.073
29.6002,0,115.148
29.6011,1,115.189
29.6021,0,115.255
29.603,1,115.29
29.604,1,115.129
29.6045,0,115.348
29.6054,0,115.179
29.6063,1,115.238
29.6073,0,115.157
29.6082,1,115.208
29.6096,0,115.137
29.6106,1,115.182
29.6115,0,115.12
29.6125,0,114.98
29.6129,1,115.159
29.6139,1,115.139
29.6148,0,114.983
29.6158,1,115.122
29.6172,0,115.11
29.6181,1,115.232
29.6191,0,115.221
29.62,1,115.328
29.621,1,115.162
29.6214,0,115.318
29.6224,0,115.154
29.6233,1,115.267
29.6243,0,115.134
29.6252,1,115.233
29.6266,0,115.243
29.6276,1,115.329
29.6285,0,115.212
29.6295,1,115.288
29.6304,1,115.127
29.6309,0,115.186
29.6318,0,115.163
29.6328,1,115.111
29.6337,0,115.142
29.6351,1,115.222
29.6361,0,115.249
29.637,1,115.319
29.638,1,115.154
29.6384,0,115.343
29.6394,0,115.175
29.6403,1,115.26
29.6413,0,115.153
29.6422,1,115.228
29.6436,0,115.259
29.6446,1,115.324
29.6455,0,115.227
29.6465,1,115.284
29.6474,1,115.123
29.6479,0,115.198
29.6488,0,115.049
29.6498,1,115.108
29.6507,0,115.043
29.6517,1,115.094
29.6531,0,115.162
29.654,1,115.208
29.655,0,115.142
29.6559,1,115.182
29.6568,1,114.909
29.6573,0,115.249
29.6583,0,115.343
29.6592,1,114.92
29.6601,0,115.425
29.6616,1,115.055
29.6625,0,115.372
29.6635,1,115.048
29.6644,1,114.917
29.6649,0,115.326
29.6658,0,115.16
29.6668,1,114.928
29.6677,0,115.14
29.6686,1,114.937
29.6701,0,115.247
29.671,1,115.07
29.6719,0,115.216
29.6729,1,115.061
29.6738,1,114.928
29.6743,0,115.314
29.6753,0,115.15
29.6762,1,115.062
29.6771,0,115.256
29.6781,1,115.179
29.6795,0,115.349
29.6804,1,115.157
29.6814,0,115.306
29.6823,0,115.142
29.6828,1,115.137
29.6837,1,115.12
29.6847,0,115.125
29.6856,1,115.105
29.6871,0,115.234
29.688,1,115.092
29.6889,0,115.205
29.6899,1,115.081
29.6908,1,114.945
29.6913,0,115.304
29.6922,0,115.141
29.6932,1,115.077
29.6941,0,115.249
29.6951,1,115.193
29.6965,0,115.342
29.6974,1,115.294
29.6984,0,115.3
29.6993,1,115.257
29.7003,1,115.1
29.7007,0,115.262
29.7017,0,115.229
29.7026,1,115.087
29.7036,0,115.201
29.705,1,115.076
29.7059,0,115.176
29.7069,1,115.067
29.7078,1,114.933
29.7083,0,115.279
29.7092,0,115.119
29.7102,1,115.067
29.7111,0,115.229
29.7121,1,115.183
29.7135,0,115.325
29.7144,1,115.286
29.7154,0,115.285
29.7163,1,115.25
29.7173,1,115.094
29.7177,0,115.249
29.7187,0,115.093
29.7196,1,115.207
29.7206,0,115.081
29.7215,1,115.181
29.7229,0,115.071
29.7239,1,115.158
29.7248,0,115.062
29.7258,1,115.139
29.7267,1,114.996
29.7272,0,115.179
29.7281,0,115.282
29.7291,1,115.122
29.73,0,115.372
29.7314,1,115.232
29.7324,0,115.325
29.7333,1,115.203
29.7343,1,115.052
29.7347,0,115.285
29.7357,0,115.124
29.7366,1,115.171
29.7376,0,115.109
29.7385,1,115.149
29.7399,0,115.095
29.7409,1,115.131
29.7418,0,115.083
29.7427,1,115.114
29.7437,1,114.975
29.7442,0,115.198
29.7451,0,115.173
29.7461,1,115.103
29.747,0,115.151
29.7479,1,115.09
29.7494,0,115.257
29.7503,1,115.079
29.7512,0,115.225
29.7522,0,115.072
29.7527,1,115.069
29.7536,1,115.185
29.7545,0,115.063
29.7555,1,115.162
29.7569,0,115.055
29.7579,1,115.142
29.7588,0,115.048
29.7597,1,115.124
29.7607,1,114.984
29.7612,0,115.167
29.7621,0,115.146
29.763,1,115.111
29.764,0,115.128
29.7649,1,115.097
29.7663,0,115.237
29.7673,1,115.21
29.7682,0,115.207
29.7692,1,115.184
29.7701,1,115.161
29.7706,0,115.306
29.7715,0,115.143
29.7725,1,115.266
29.7734,0,115.125
29.7744,1,115.232
29.7758,0,115.11
29.7767,1,115.203
29.7777,0,115.096
29.7786,0,114.959
29.7791,1,115.303
29.78,1,115.39
29.781,0,114.964
29.7819,1,115.341
29.7833,0,115.094
29.7843,1,115.424
29.7852,0,115.082
29.7862,1,115.371
29.7871,1,115.324
29.7876,0,115.197
29.7885,0,115.047
29.7895,1,115.409
29.7904,0,115.041
29.7914,1,115.358
29.7928,0,115.036
29.7937,1,115.313
29.7947,0,115.032
29.7956,1,115.274
29.7966,1,115.115
29.797,0,115.153
29.798,0,115.134
29.7989,1,115.1
29.7999,0,115.117
29.8013,1,115.213
29.8022,0,115.102
29.8032,1,115.311
29.8041,1,115.272
29.8046,0,115.214
29.8055,0,115.063
29.8065,1,115.363
29.8074,0,115.055
29.8084,1,115.318
29.8098,0,115.048
29.8107,1,115.278
29.8117,0,115.042
29.8126,1,115.243
29.8135,1,115.088
29.814,0,115.162
29.815,0,115.016
29.8159,1,115.077
29.8169,0,115.014
29.8178,1,115.067
29.8192,0,115.138
29.8202,1,115.184
29.8211,0,115.245
29.822,0,115.09
29.8225,1,115.286
29.8235,1,115.375
29.8244,0,115.079
29.8253,1,115.328
29.8268,0,115.069
29.8277,1,115.287
29.8287,0,115.06
29.8296,1,115.251
29.8305,1,115.095
29.831,0,115.178
29.832,0,115.03
29.8329,1,115.083
29.8338,0,115.027
29.8348,1,115.073
29.8362,0,115.148
29.8371,1,115.189
29.8381,0,115.255
29.839,1,115.29
29.84,1,115.129
29.8405,0,115.348
29.8414,0,115.179
29.8423,1,115.238
29.8433,0,115.157
29.8442,1,115.208
29.8456,0,115.137
29.8466,1,115.182
29.8475,0,115.12
29.8485,0,114.98
29.8489,1,115.159
29.8499,1,115.139
29.8508,0,114.983
29.8518,1,115.122
29.8532,0,115.11
29.8541,1,115.232
29.8551,0,115.221
29.856,1,115.328
29.857,1,115.162
29.8593,1,115.267
29.8612,1,115.233
29.8636,1,115.329
29.8655,1,115.288
29.8664,1,115.127
29.8688,1,115.111
29.8711,1,115.222
29.873,1,115.319
29.874,1,115.154
29.9712,0,115.068
29.9731,0,115.06
29.9754,0,114.802
29.9764,0,114.452
29.9783,0,114.021
29.9806,0,113.643
29.9825,0,113.188
29.9849,0,112.664
29.9877,0,112.331
29.9896,1,114.76
29.9901,0,112.04
29.991,1,114.54
29.9924,1,113.973
29.9929,0,111.66
29.9943,1,113.351
29.9953,1,112.682
29.9957,0,111.327
29.9967,0,110.786
29.9981,1,112.097
29.999,0,110.438
30,1,111.46
30.0005,0,109.883
30.0019,1,110.527
30.0028,0,109.398
30.0038,1,109.836
30.0047,0,108.973
30.0057,1,109.232
30.0061,0,108.477
30.0071,1,108.453
30.008,0,107.792
30.0094,0,107.068
30.0099,1,107.646
30.0108,1,106.815
30.0118,0,106.309
30.0132,1,106.089
30.0141,0,105.646
30.0151,1,105.452
30.0156,0,104.94
30.017,1,104.521
30.0179,0,104.198
30.0189,1,103.831
30.0198,0,103.548
30.0208,1,103.102
30.0212,0,102.854
30.0222,1,102.339
30.0231,0,101.998
30.0241,1,101.547
30.025,0,101.248
30.0259,1,100.603
30.0269,0,100.342
30.0283,1,99.903
30.0293,0,99.6742
30.0302,1,99.1651
30.0307,0,98.8399
30.0321,1,98.2695
30.033,0,98.2349
30.034,1,97.4858
30.0349,0,97.4555
30.0359,1,96.8001
30.0363,0,96.6486
30.0373,1,95.9501
30.0382,0,95.6925
30.0392,1,95.0813
30.0401,0,94.856
30.0411,1,94.3211
30.042,0,93.874
30.0434,1,93.531
30.0444,0,93.1397
30.0453,1,92.8396
30.0462,0,92.3723
30.0472,1,92.1097
30.0481,0,91.7007
30.0486,1,91.346
30.0495,0,90.7381
30.051,1,90.4277
30.0514,0,90.0209
30.0529,1,89.4993
30.0533,0,89.3933
30.0543,0,88.5941
30.0552,1,88.6868
30.0562,0,87.8948
30.0576,1,87.976
30.058,0,87.533
30.059,0,86.9664
30.0604,0,86.5956
30.0613,1,87.479
30.0623,0,86.2711
30.0632,1,87.0441
30.0642,0,85.9872
30.0651,1,86.5386
30.0656,0,85.6138
30.067,1,85.9713
30.068,1,85.3499
30.0684,0,85.4121
30.0698,1,84.8061
30.0708,1,84.3304
30.0713,0,85.2356
30.0727,1,83.9141
30.0736,1,83.6748
30.0746,0,85.0811
30.0755,1,83.5905
30.0765,1,83.3916
30.0774,0,85.071
30.0783,0,84.8121
30.0793,0,84.5856
30.0798,1,83.4677
30.0812,0,84.2624
30.0816,1,83.4092
30.0831,0,84.1046
30.0835,1,83.4831
30.0849,0,83.8415
30.0854,1,83.5477
30.0868,0,83.6113
30.0873,1,83.6042
30.0887,0,83.4099
30.0892,1,83.6537
30.0906,0,83.2337
30.0916,0,83.0795
30.092,1,83.822
30.093,1,83.7192
30.0944,0,83.0695
30.0949,1,83.7543
30.0958,1,83.535
30.0967,0,82.9358
30.0977,1,83.3432
30.0986,0,82.9439
30.0996,1,83.3003
30.1005,0,82.9509
30.1015,1,83.2627
30.1024,0,82.957
30.1034,1,83.2299
30.1043,0,82.9624
30.1052,1,83.2012
30.1062,0,82.9671
30.1071,1,83.176
30.1081,0,82.9712
30.109,1,83.279
30.11,0,82.9748
30.1109,1,83.1191
30.1119,0,82.853
30.1128,1,82.9792
30.1137,0,82.8713
30.1147,1,82.8568
30.1156,0,82.7624
30.1166,1,82.8747
30.1175,0,82.7921
30.1185,1,82.8904
30.1194,0,82.8181
30.1203,1,82.9041
30.1213,0,82.8408
30.1227,1,82.9161
30.1232,0,83.1107
30.1246,1,82.9266
30.1251,0,83.3469
30.1265,1,82.9357
30.127,0,83.5535
30.1284,1,82.9438
30.1288,0,83.6093
30.1303,1,82.9508
30.1307,0,83.6582
30.1321,1,83.082
30.1326,0,83.7009
30.134,1,83.1967
30.1345,0,83.8633
30.1359,1,83.1721
30.1364,0,84.0054
30.1373,0,84.0047
30.1388,1,83.1506
30.1397,0,84.1291
30.1406,1,83.3818
30.1416,0,84.238
30.1425,0,84.2082
30.1435,0,84.3072
30.1444,1,83.8341
30.1454,0,84.3938
30.1463,1,83.9798
30.1473,0,84.4696
30.1482,1,84.1073
30.1491,0,84.5359
30.1501,1,84.2189
30.151,1,84.1915
30.152,0,84.7189
30.1529,1,84.2926
30.1539,1,84.256
30.1548,0,84.879
30.1557,1,84.349
30.1567,1,84.3054
30.1576,0,85.0191
30.1586,1,84.3922
30.1595,1,84.3432
30.1605,0,85.1418
30.1614,0,84.999
30.1624,0,84.8742
30.1633,1,84.6753
30.1642,0,84.8899
30.1652,0,84.7786
30.1657,1,84.8409
30.1671,0,84.6813
30.1675,1,84.9858
30.169,0,84.5962
30.1694,1,85.1125
30.1709,0,84.5216
30.1713,1,85.2235
30.1727,0,84.4564
30.1732,1,85.3205
30.1746,0,84.3994
30.1756,0,84.3495
30.176,1,85.5305
30.177,1,85.3392
30.1784,0,84.3058
30.1789,1,85.4218
30.1798,1,85.369
30.1812,0,84.3925
30.1817,1,85.4479
30.1831,0,84.4685
30.1836,1,85.5169
30.1845,1,85.4523
30.1855,0,84.5349
30.1864,1,85.3958
30.1874,0,84.5931
30.1883,1,85.3463
30.1893,0,84.6439
30.1902,1,85.303
30.1911,0,84.6884
30.1921,1,85.2651
30.193,0,84.7274
30.194,1,85.107
30.1949,0,84.7615
30.1959,1,85.0936
30.1968,0,84.7913
30.1978,1,85.0819
30.1987,0,84.8174
30.1996,1,85.0717
30.2006,0,84.8402
30.2015,1,85.0627
30.2025,0,84.8602
30.2034,1,85.0549
30.2044,0,84.8776
30.2053,1,85.048
30.2063,0,84.8929
30.2072,1,85.042
30.2081,0,84.9063
30.2091,1,85.0368
30.21,0,84.918
30.2114,1,85.0322
30.2119,0,85.0533
30.2133,1,85.0281
30.2138,0,85.2966
30.2152,1,85.0246
30.2157,0,85.5095
30.2171,1,85.0215
30.2176,0,85.6958
30.219,1,84.8939
30.2195,0,85.8589
30.2209,1,84.9071
30.2214,0,86.0015
30.2223,0,86.0013
30.2237,1,84.9187
30.2242,0,86.1262
30.2256,1,84.9289
30.2261,0,86.2354
30.227,0,86.206
30.228,0,86.0552
30.2294,1,84.9378
30.2303,0,86.1733
30.2313,1,85.1956
30.2322,0,86.2766
30.2332,1,85.4211
30.2341,0,86.3671
30.235,1,85.6185
30.236,1,85.5412
30.2369,0,86.4462
30.2379,1,85.5985
30.2388,1,85.6487
30.2398,0,86.6404
30.2407,1,85.8176
30.2417,1,85.8404
30.2426,0,86.8104
30.2435,1,85.9854
30.2445,1,85.9872
30.2454,0,86.9591
30.2464,0,86.8392
30.2473,0,86.7343
30.2483,1,86.3638
30.2492,0,86.7675
30.2501,0,86.6716
30.2511,1,86.5683
30.252,0,86.7126
30.253,1,86.6223
30.2539,0,86.6235
30.2549,1,86.6695
30.2558,0,86.6706
30.2568,0,86.5868
30.2572,1,86.8358
30.2586,0,86.5134
30.2591,1,86.9813
30.2605,0,86.4492
30.2615,0,86.3931
30.2619,1,87.1087
30.2629,1,86.9701
30.2643,0,86.344
30.2648,1,87.0988
30.2657,1,87.0865
30.2671,0,86.301
30.2676,1,87.2007
30.269,0,86.2633
30.2695,1,87.3006
30.2704,1,87.263
30.2719,0,86.2304
30.2723,1,87.3551
30.2737,0,86.2016
30.2742,1,87.4357
30.2756,0,86.1764
30.2761,1,87.5063
30.2771,1,87.443
30.278,0,86.1544
30.2789,1,87.2626
30.2799,0,86.1351
30.2808,1,87.2298
30.2818,0,86.2432
30.2827,1,87.2011
30.2837,0,86.3378
30.2846,1,87.1759
30.2855,0,86.4206
30.2865,1,87.1539
30.2874,0,86.493
30.2884,1,87.1347
30.2893,0,86.5564
30.2903,1,87.1179
30.2912,0,86.6118
30.2922,1,87.1031
30.2931,0,86.6603
30.294,1,87.0902
30.295,0,86.5778
30.2959,1,86.954
30.2969,0,86.5056
30.2978,1,86.8347
30.2988,0,86.5674
30.2997,1,86.7304
30.3007,0,86.6215
30.3016,1,86.6391
30.3025,0,86.6688
30.3035,1,86.5592
30.3044,0,86.7102
30.3058,1,86.6143
30.3063,0,86.9964
30.3077,1,86.6625
30.3082,0,87.2469
30.3091,0,87.341
30.3106,1,86.7047
30.311,0,87.5484
30.3125,1,86.7416
30.3129,0,87.6048
30.3139,0,87.5292
30.3148,0,87.4631
30.3162,1,86.7739
30.3167,0,87.6552
30.3181,1,86.8022
30.3186,0,87.6983
30.32,1,86.8269
30.3205,0,87.736
30.3219,1,86.7235
30.3228,1,86.7581
30.3238,0,87.894
30.3247,1,87.0383
30.3257,1,87.1585
30.3266,0,88.1572
30.3276,1,87.3887
30.3285,1,87.4651
30.3294,0,88.3876
30.3304,1,87.657
30.3313,1,87.6999
30.3323,0,88.5891
30.3332,0,88.5155
30.3342,0,88.4511
30.3351,1,88.1124
30.3361,0,88.5197
30.337,0,88.3297
30.3379,1,88.2233
30.3389,0,88.2885
30.3398,1,88.1954
30.3408,0,88.2524
30.3417,1,88.296
30.3427,0,88.3459
30.3436,0,88.3026
30.3445,1,88.509
30.3455,0,88.3898
30.3464,1,88.5704
30.3474,0,88.4661
30.3483,0,88.4078
30.3493,1,88.7491
30.3502,1,88.7804
30.3512,0,88.6068
30.3521,0,88.531
30.3526,1,88.9329
30.3535,1,88.9413
30.3549,0,88.3396
30.3554,1,89.0736
30.3568,0,88.1722
30.3573,1,89.1894
30.3582,1,89.1657
30.3597,0,88.1506
30.3601,1,89.27
30.3615,0,88.1318
30.362,1,89.3613
30.3634,0,88.1153
30.3639,1,89.3161
30.3648,1,89.1516
30.3663,0,88.2259
30.3667,1,89.1326
30.3681,0,88.3227
30.3686,1,89.2411
30.37,0,88.4073
30.3705,1,89.3359
30.3715,1,89.2939
30.3724,0,88.4814
30.3733,1,89.2572
30.3743,0,88.5462
30.3752,1,89.225
30.3762,0,88.603
30.3771,1,89.1969
30.3781,0,88.6526
30.379,1,89.1723
30.3799,0,88.571
30.3809,1,89.0258
30.3818,0,88.4996
30.3828,1,88.8975
30.3837,0,88.5622
30.3847,1,88.9103
30.3856,0,88.6169
30.3866,1,88.9216
30.3875,0,88.6648
30.3884,1,88.9314
30.3894,0,88.7067
30.3903,1,88.9399
30.3913,0,88.7434
30.3922,1,88.9474
30.3932,0,88.7754
30.3941,1,88.954
30.3951,0,88.8035
30.396,1,88.8348
30.3969,0,88.7031
30.3979,0,88.6152
30.3988,1,88.7304
30.3998,0,88.5383
30.4007,1,88.6391
30.4017,0,88.596
30.4026,0,88.7715
30.4035,0,88.9251
30.405,1,88.5592
30.4054,0,89.1844
30.4069,1,88.4893
30.4073,0,89.4114
30.4087,1,88.4282
30.4092,0,89.61
30.4106,1,88.4996
30.4116,1,88.5622
30.412,0,89.9087
30.4135,1,88.6169
30.4144,1,88.6648
30.4149,0,90.0451
30.4163,1,88.7067
30.4172,1,88.7434
30.4177,0,90.1645
30.4191,1,88.7754
30.4201,1,88.8035
30.421,0,90.3939
30.422,0,90.2197
30.4229,0,90.0672
30.4238,1,89.2031
30.4248,0,90.0588
30.4257,0,89.9265
30.4267,1,89.4277
30.4276,0,90.0607
30.4286,1,89.6242
30.4295,0,90.1781
30.4305,1,89.7962
30.4314,0,90.2808
30.4323,0,90.2457
30.4333,1,90.0717
30.4342,0,90.34
30.4352,1,90.1877
30.4361,0,90.4225
30.4371,0,90.3697
30.438,1,90.4142
30.4389,1,90.2375
30.4399,0,90.4485
30.4408,0,90.2674
30.4418,1,90.3328
30.4427,1,90.2912
30.4437,0,90.359
30.4446,1,90.3798
30.4456,0,90.4391
30.4465,1,90.4573
30.4474,1,90.4001
30.4484,0,90.6342
30.4493,1,90.4751
30.4503,0,90.6799
30.4512,1,90.5407
30.4522,0,90.72
30.4531,0,90.63
30.4536,1,90.5981
30.4545,1,90.6484
30.4559,0,90.4262
30.4564,1,90.8173
30.4578,0,90.2479
30.4583,1,90.9652
30.4597,0,90.0919
30.4602,1,91.0945
30.4611,1,91.0827
30.4625,0,90.0805
30.463,1,91.1974
30.4644,0,90.0704
30.4649,1,91.1727
30.4663,0,90.0616
30.4668,1,91.1511
30.4682,0,90.0539
30.4687,1,91.1322
30.4701,0,90.1722
30.4706,1,91.1157
30.4715,1,91.1012
30.4725,0,90.2756
30.4734,1,91.0886
30.4743,0,90.3662
30.4753,1,91.0775
30.4762,0,90.4454
30.4772,1,91.0678
30.4781,0,90.5147
30.4791,1,91.0593
30.48,0,90.5754
30.481,1,90.9269
30.4819,0,90.5035
30.4828,1,90.8111
30.4838,0,90.4405
30.4847,1,90.7097
30.4857,0,90.3855
30.4866,1,90.746
30.4876,0,90.4623
30.4885,0,90.5295
30.4895,1,90.7777
30.4904,0,90.5883
30.4913,1,90.8055
30.4923,0,90.6398
30.4932,0,90.6848
30.4942,0,90.7242
30.4951,1,90.8298
30.4961,0,90.7587
30.497,1,90.8511
30.4979,0,90.6638
30.4989,1,90.7447
30.4998,0,90.5809
30.5008,1,90.6516
30.5017,1,90.5702
30.5027,0,90.5083
30.5036,1,90.4989
30.5046,1,90.4365
30.5055,0,90.5697
30.5069,1,90.382
30.5079,1,90.3342
30.5083,0,90.9985
30.5097,1,90.2924
30.5107,1,90.2559
30.5112,0,91.3737
30.5121,0,91.327
30.5131,0,91.4111
30.5145,1,90.3489
30.5149,0,91.4847
30.5159,0,91.4241
30.5173,1,90.4303
30.5178,0,91.4961
30.5192,1,90.5015
30.5197,0,91.5591
30.5211,1,90.5638
30.5215,0,91.6142
30.5225,0,91.5374
30.5239,1,90.4933
30.5249,0,91.5953
30.5258,1,90.6817
30.5267,0,91.6458
30.5277,0,91.5651
30.5286,1,90.9715
30.5296,1,90.975
30.5305,0,91.7445
30.5315,0,91.7764
30.5324,1,91.3531
30.5333,1,91.434
30.5343,0,92.0544
30.5352,1,91.6298
30.5362,0,92.1726
30.5371,1,91.801
30.5381,1,91.8259
30.539,0,92.401
30.54,1,91.8477
30.5409,0,92.3509
30.5418,1,91.8667
30.5428,0,92.307
30.5437,0,92.1436
30.5447,1,92.0084
30.5456,1,92.0073
30.5466,0,92.2507
30.5475,1,92.1314
30.5485,0,92.3443
30.5494,1,92.24
30.5503,0,92.4263
30.5513,1,92.335
30.5522,1,92.2931
30.5532,0,92.623
30.5541,1,92.3815
30.5551,0,92.6701
30.556,1,92.4588
30.5569,0,92.5864
30.5579,0,92.3881
30.5584,1,92.6514
30.5598,0,92.2146
30.5603,1,92.82
30.5617,0,92.0627
30.5621,1,92.9675
30.5631,1,92.9716
30.5645,0,92.0549
30.565,1,92.9751
30.5664,0,92.048
30.5669,1,92.9782
30.5683,0,92.042
30.5687,1,92.981
30.5702,0,92.0368
30.5706,1,92.9833
30.5721,0,92.0322
30.5725,1,92.9854
30.5739,0,92.0282
30.5744,1,93.1122
30.5758,0,92.0246
30.5763,1,93.2232
30.5772,1,93.1953
30.5782,0,92.1466
30.5791,1,93.1709
30.5801,0,92.2532
30.581,0,92.3466
30.582,1,93.0245
30.5829,0,92.3033
30.5839,1,92.8965
30.5848,0,92.2653
30.5857,0,92.2322
30.5867,0,92.2032
30.5876,1,92.7844
30.5886,0,92.1778
30.5895,1,92.6864
30.5905,0,92.2805
30.5914,1,92.7256
30.5923,0,92.3705
30.5933,1,92.7599
30.5942,1,92.7899
30.5952,0,92.4492
30.5961,1,92.8161
30.5971,1,92.8391
30.598,0,92.518
30.599,1,92.7342
30.5999,1,92.6425
30.6008,0,92.4533
30.6018,1,92.5621
30.6027,1,92.4919
30.6037,0,92.3966
30.6046,0,92.347
30.6056,0,92.3037
30.6065,1,92.4304
30.6075,0,92.3907
30.6084,0,92.4669
30.6093,1,92.3766
30.6103,0,92.5335
30.6112,1,92.3295
30.6122,0,92.5918
30.6136,1,92.2883
30.6141,0,92.8928
30.615,0,93.0312
30.6164,1,92.3773
30.6169,0,93.1523
30.6183,1,92.4551
30.6188,0,93.2583
30.6197,0,93.226
30.6211,1,92.5232
30.6221,1,92.5828
30.6226,0,93.4477
30.6235,0,93.3918
30.6249,1,92.51
30.6259,1,92.4462
30.6263,0,93.5928
30.6277,1,92.3905
30.6282,0,93.6437
30.6296,1,92.3416
30.6306,1,92.2989
30.6315,0,93.8132
30.6325,1,92.5116
30.6334,0,93.8366
30.6344,1,92.8226
30.6353,0,93.982
30.6362,0,93.9843
30.6372,1,93.2198
30.6381,1,93.3173
30.6391,0,94.2362
30.64,1,93.5277
30.641,0,94.2067
30.6419,1,93.5867
30.6429,0,94.1809
30.6438,1,93.6384
30.6447,1,93.5586
30.6457,0,94.2833
30.6466,1,93.6137
30.6476,0,94.2478
30.6485,1,93.662
30.6495,0,94.2169
30.6504,0,94.1898
30.6513,1,93.8293
30.6523,0,94.291
30.6532,1,93.9756
30.6542,0,94.3797
30.6551,1,94.1037
30.6561,1,94.0907
30.657,0,94.5822
30.658,1,94.0794
30.6589,0,94.5094
30.6598,1,94.1944
30.6608,0,94.4457
30.6617,1,94.2951
30.6627,0,94.39
30.6636,1,94.3832
30.6646,0,94.3413
30.6655,1,94.4603
30.6665,0,94.2986
30.6674,1,94.5278
30.6683,0,94.3863
30.6693,0,94.338
30.6698,1,94.5868
30.6707,1,94.5135
30.6721,0,94.2957
30.6726,1,94.5743
30.674,0,94.2588
30.6749,0,94.1014
30.6754,1,94.7525
30.6768,0,94.0888
30.6773,1,94.9084
30.6787,0,94.0777
30.6797,0,94.0679
30.6806,0,94.0595
30.6811,1,95.2949
30.6825,0,94.052
30.683,1,95.258
30.6844,0,94.0455
30.6849,1,95.2258
30.6863,0,94.0398
30.6867,1,95.1975
30.6877,1,95.0479
30.6886,1,94.9169
30.6896,0,94.0349
30.6905,1,94.8023
30.6915,1,94.702
30.6924,0,94.0305
30.6934,1,94.7392
30.6943,1,94.7718
30.6952,0,94.1517
30.6962,1,94.8003
30.6971,1,94.8253
30.6981,0,94.2577
30.699,0,94.3505
30.7,0,94.3067
30.7009,1,94.7221
30.7019,0,94.2684
30.7028,0,94.2348
30.7037,1,94.6319
30.7047,0,94.2055
30.7056,1,94.5529
30.7066,0,94.1798
30.7075,1,94.4838
30.7085,0,94.1573
30.7094,0,94.1376
30.7103,1,94.4233
30.7113,0,94.2454
30.7122,1,94.3704
30.7132,0,94.3398
30.7141,0,94.4223
30.7151,1,94.3241
30.716,1,94.2836
30.717,0,94.3695
30.7179,0,94.3233
30.7188,1,94.2481
30.7198,1,94.2171
30.7207,0,94.2829
30.7217,1,94.19
30.7226,0,94.2475
30.7236,1,94.1662
30.7245,1,94.1454
30.7255,0,94.2166
30.7269,1,94.1273
30.7273,0,94.4395
30.7288,1,94.1114
30.7292,0,94.6346
30.7302,0,94.6803
30.7316,1,94.0974
30.7325,1,94.0853
30.733,0,94.9702
30.7344,1,94.0746
30.7349,0,94.9739
30.7363,1,94.1903
30.7368,0,95.1022
30.7382,1,94.2915
30.7391,1,94.3801
30.7396,0,95.3394
30.741,1,94.4575
30.7415,0,95.422
30.7429,1,94.4004
30.7434,0,95.4942
30.7443,0,95.4325
30.7457,1,94.3503
30.7467,0,95.5034
30.7476,1,94.5565
30.7486,0,95.5655
30.7495,1,94.737
30.7505,1,94.7698
30.7514,0,95.7448
30.7524,1,94.9236
30.7533,0,95.7767
30.7542,1,95.1832
30.7552,0,95.9296
30.7561,1,95.4103
30.7571,0,96.0634
30.758,1,95.609
30.759,0,96.0555
30.7599,1,95.6579
30.7609,0,96.0485
30.7618,1,95.7006
30.7627,0,96.0425
30.7637,0,95.9122
30.7646,1,95.863
30.7656,1,95.8802
30.7665,0,96.0481
30.7675,1,96.0201
30.7684,0,96.0421
30.7693,0,95.9119
30.7703,1,96.2676
30.7712,0,96.0479
30.7722,1,96.3592
30.7731,0,96.1669
30.7741,0,96.146
30.775,0,96.1278
30.776,1,96.5643
30.7769,0,96.1118
30.7778,1,96.4937
30.7788,0,96.0978
30.7797,1,96.557
30.7807,0,96.0856
30.7816,1,96.6124
30.7826,1,96.5358
30.7835,1,96.4689
30.7845,0,96.3249
30.7854,0,96.2843
30.7859,1,96.5353
30.7868,1,96.4683
30.7882,0,96.2488
30.7887,1,96.5348
30.7896,1,96.468
30.7911,0,96.2177
30.7915,1,96.5345
30.7925,1,96.4677
30.7939,0,96.0654
30.7948,0,95.9323
30.7958,0,95.9407
30.7963,1,96.7842
30.7977,0,95.9481
30.7986,0,95.9546
30.7991,1,97.0612
30.8005,0,95.9603
30.801,1,97.0535
30.8024,0,95.9653
30.8029,1,97.0468
30.8043,0,95.9696
30.8052,0,95.9734
30.8057,1,97.166
30.8066,1,97.0202
30.8076,0,95.9767
30.8085,1,96.8927
30.8095,0,95.9796
30.8104,0,95.9822
30.8114,1,96.7811
30.8123,1,96.6835
30.8132,0,96.1094
30.8142,0,96.2207
30.8151,1,96.723
30.8161,1,96.7577
30.817,0,96.3181
30.818,1,96.6629
30.8189,0,96.2784
30.8199,1,96.5801
30.8208,1,96.5076
30.8217,0,96.2436
30.8227,1,96.4441
30.8236,0,96.2131
30.8246,1,96.3886
30.8255,0,96.1865
30.8265,0,96.1632
30.8274,1,96.34
30.8283,1,96.2975
30.8293,0,96.1428
30.8302,1,96.2603
30.8312,0,96.2499
30.8321,1,96.2278
30.8331,0,96.3437
30.834,1,96.1993
30.835,1,96.0494
30.8359,0,96.3007
30.8368,1,95.9182
30.8378,0,96.2631
30.8387,1,95.9284
30.8397,0,96.2302
30.8406,0,96.2015
30.8416,1,95.9374
30.8425,0,96.1763
30.8435,1,95.9452
30.8444,0,96.1542
30.8453,1,95.9521
30.8463,1,95.9581
30.8472,0,96.135
30.8486,1,95.9633
30.8491,0,96.3681
30.8505,1,95.9679
30.851,0,96.5721
30.8524,1,95.9719
30.8529,0,96.6256
30.8543,1,95.9754
30.8548,0,96.6724
30.8562,1,96.1035
30.8567,0,96.8383
30.8581,1,96.2155
30.8586,0,96.9835
30.8595,0,96.9856
30.8609,1,96.1886
30.8619,1,96.165
30.8623,0,97.2374
30.8637,1,96.1444
30.8642,0,97.3327
30.8652,0,97.2911
30.8666,1,96.1264
30.8675,0,97.3797
30.8685,1,96.3606
30.8694,0,97.4573
30.8704,0,97.4001
30.8713,0,97.3501
30.8722,1,96.8155
30.8732,0,97.4313
30.8741,1,97.0885
30.8751,0,97.6274
30.876,1,97.3275
30.877,0,97.674
30.8779,1,97.4115
30.8789,1,97.3601
30.8798,1,97.3151
30.8807,0,97.9647
30.8817,0,97.8441
30.8826,1,97.5257
30.8836,1,97.585
30.8845,0,97.9886
30.8855,1,97.7619
30.8864,1,97.7916
30.8873,0,98.115
30.8883,1,97.9427
30.8892,1,97.9498
30.8902,0,98.2257
30.8911,0,98.1975
30.8921,0,98.1728
30.893,1,98.3311
30.894,0,98.1512
30.8949,0,98.0073
30.8958,1,98.4147
30.8968,0,98.0064
30.8977,1,98.3629
30.8987,0,98.0056
30.8996,1,98.4425
30.9006,0,98.0049
30.9015,0,97.8793
30.9025,1,98.6372
30.9034,1,98.5576
30.9043,0,98.0194
30.9053,1,98.6129
30.9062,0,98.1419
30.9072,0,98.1242
30.9081,1,98.7863
30.9091,1,98.688
30.91,0,98.3587
30.9109,0,98.1888
30.9119,0,98.0402
30.9124,1,98.852
30.9133,1,98.7455
30.9147,0,97.9102
30.9152,1,98.7773
30.9166,0,97.9214
30.9171,1,98.9301
30.918,1,98.9389
30.9194,0,97.9312
30.9199,1,98.9465
30.9213,0,97.9398
30.9218,1,98.9532
30.9232,0,97.9474
30.9242,0,97.9539
30.9246,1,99.084
30.9256,1,98.9485
30.927,0,97.8347
30.9275,1,98.955
30.9289,0,97.7304
30.9294,1,98.9606
30.9303,1,98.8405
30.9312,0,97.7641
30.9322,1,98.7355
30.9331,1,98.7685
30.9341,0,97.9186
30.935,1,98.7975
30.936,0,97.9287
30.9369,1,98.6978
30.9379,0,97.9376
30.9388,0,97.9454
30.9397,1,98.6106
30.9407,0,97.9523
30.9416,1,98.5342
30.9426,0,97.9582
30.9435,1,98.4675
30.9445,1,98.409
30.9454,0,97.9634
30.9463,1,98.3579
30.9473,0,97.968
30.9482,1,98.3132
30.9492,0,97.972
30.9501,1,98.274
30.9511,0,98.1005
30.952,1,98.2398
30.953,0,98.0879
30.9539,1,98.0848
30.9548,0,98.077
30.9558,1,97.9492
30.9567,0,98.0673
30.9577,0,98.0589
30.9586,1,97.9555
30.9596,1,97.9611
30.9605,0,98.0516
30.9615,1,97.966
30.9624,0,98.0451
30.9633,0,98.0395
30.9643,1,97.9702
30.9652,0,98.0345
30.9662,1,97.9739
30.9671,0,98.0302
30.9681,0,98.0264
30.969,0,98.0231
30.9699,1,97.8522
30.9709,0,97.8952
30.9718,1,97.7457
30.9728,0,97.7833
30.9737,1,97.6525
30.9747,0,97.8104
30.9761,1,97.8209
30.977,1,97.9683
30.978,1,97.9723
30.9784,0,98.3341
30.9794,0,98.4174
30.9808,1,97.9757
30.9817,1,97.9788
30.9822,0,98.7402
30.9836,1,97.9814
30.9846,1,97.9837
30.9851,0,99.0227
30.9865,1,97.9858
30.9874,1,97.9875
30.9879,0,99.1448
30.9888,0,99.0017
30.9898,0,98.8765
30.9912,1,97.9891
30.9917,0,98.8919
30.9926,0,98.9054
30.994,1,98.1155
30.995,0,99.0423
30.9959,1,98.351
30.9969,0,99.162
30.9978,1,98.5572
30.9987,0,99.2667
30.9997,0,99.2334
31.0006,1,98.8625
31.0016,1,98.8797
31.0025,0,99.4542
31.0035,1,99.0197
31.0044,0,99.5224
31.0053,0,99.4571
31.0063,1,99.2673
31.0072,1,99.2339
31.0082,0,99.65
31.0091,0,99.5687
31.0101,0,99.6226
31.011,1,99.5796
31.012,1,99.5072
31.0129,0,99.7948
31.0138,1,99.5688
31.0148,0,99.8205
31.0157,1,99.6227
31.0167,1,99.5448
31.0176,0,99.9679
31.0186,1,99.6017
31.0195,0,99.9719
31.0205,1,99.7765
31.0214,0,99.9754
31.0223,0,99.8535
31.0233,1,100.054
31.0242,1,100.048
31.0252,0,99.9968
31.0261,1,100.167
31.0271,0,100.122
31.028,1,100.271
31.0289,1,100.112
31.0299,0,100.232
31.0308,1,100.098
31.0318,1,99.9607
31.0327,0,100.328
31.0337,1,99.9657
31.0346,0,100.287
31.0356,1,99.9699
31.0365,0,100.376
31.0374,0,100.329
31.0384,1,100.224
31.0393,0,100.413
31.0403,1,100.321
31.0412,0,100.486
31.0422,1,100.406
31.0431,1,100.355
31.0441,0,100.676
31.045,0,100.466
31.0455,1,100.436
31.0469,0,100.283
31.0474,1,100.506
31.0488,0,100.122
31.0492,1,100.568
31.0507,0,99.9822
31.0511,1,100.622
31.0525,0,99.9844
31.053,1,100.669
31.0544,0,99.9863
31.0549,1,100.71
31.0563,0,99.988
31.0573,0,99.9895
31.0577,1,100.872
31.0587,1,100.763
31.0601,0,99.9908
31.0606,1,100.792
31.062,0,99.867
31.0629,0,99.7586
31.0634,1,100.943
31.0643,1,100.825
31.0653,0,99.7888
31.0662,1,100.722
31.0672,0,99.8152
31.0681,0,99.8383
31.0691,0,99.8585
31.07,1,100.757
31.071,0,99.8762
31.0719,1,100.662
31.0728,0,99.8917
31.0738,1,100.58
31.0747,0,99.9052
31.0757,1,100.382
31.0766,1,100.209
31.0776,1,100.183
31.0785,0,99.9171
31.0795,0,99.9274
31.0804,1,100.16
31.0813,1,100.14
31.0823,0,99.9365
31.0832,1,100.123
31.0842,1,100.107
31.0851,0,99.9444
31.0861,1,100.094
31.087,1,100.082
31.0879,0,99.9514
31.0889,0,99.9575
31.0898,0,99.9628
31.0908,1,99.9469
31.0917,0,99.9674
31.0927,0,99.9715
31.0936,1,99.8286
31.0946,0,99.9751
31.0955,1,99.85
31.0964,0,99.9782
31.0974,1,99.8687
31.0983,0,99.9809
31.0993,0,99.9833
31.1002,1,99.8851
31.1012,1,99.8995
31.1021,0,99.9854
31.1031,1,99.9121
31.104,0,99.8622
31.1049,0,99.7544
31.1059,1,99.7981
31.1068,1,99.6983
31.1078,0,99.6601
31.1087,0,99.5776
31.1097,0,99.5054
31.1106,1,99.611
31.1115,1,99.6596
31.1125,0,99.5672
31.1134,1,99.7022
31.1144,0,99.6213
31.1158,1,99.7394
31.1167,1,99.772
31.1172,0,100.044
31.1186,1,99.8005
31.1191,0,100.288
31.1205,1,99.8254
31.121,0,100.377
31.1219,0,100.33
31.1233,1,99.8472
31.1243,1,99.8663
31.1248,0,100.539
31.1262,1,99.883
31.1267,0,100.596
31.1281,1,99.8977
31.129,1,100.035
31.1295,0,100.772
31.1309,1,100.031
31.1318,1,100.027
31.1323,0,101.05
31.1337,1,100.024
31.1347,0,101.169
31.1356,1,100.271
31.1366,0,101.273
31.1375,0,101.239
31.1385,1,100.612
31.1394,0,101.334
31.1403,1,100.785
31.1413,0,101.417
31.1422,1,100.937
31.1432,1,100.945
31.1441,0,101.615
31.1451,0,101.538
31.146,1,101.202
31.1469,0,101.596
31.1479,1,101.302
31.1488,0,101.646
31.1498,1,101.389
31.1507,0,101.691
31.1517,1,101.465
31.1526,0,101.729
31.1536,1,101.532
31.1545,0,101.763
31.1554,1,101.591
31.1564,0,101.793
31.1573,0,101.694
31.1583,1,101.892
31.1592,1,101.905
31.1602,0,101.857
31.1611,1,102.042
31.1621,0,101.875
31.163,0,101.765
31.1639,1,102.162
31.1649,1,102.017
31.1658,0,101.92
31.1668,1,102.015
31.1677,0,101.93
31.1687,0,101.814
31.1696,0,101.712
31.1705,1,102.263
31.1715,0,101.748
31.1724,1,102.23
31.1734,0,101.904
31.1743,1,102.326
31.1753,0,102.041
31.1762,1,102.41
31.1772,1,102.359
31.1781,1,102.314
31.179,0,102.411
31.18,0,102.235
31.1809,1,102.4
31.1819,1,102.225
31.1828,0,102.33
31.1838,1,102.197
31.1847,1,102.047
31.1857,0,102.414
31.1866,1,102.041
31.1875,1,101.911
31.1885,0,102.487
31.1894,0,102.426
31.1904,0,102.373
31.1913,0,102.326
31.1918,1,102.172
31.1932,0,102.286
31.1941,0,102.25
31.1946,1,102.401
31.196,0,102.219
31.1965,1,102.476
31.1979,0,102.066
31.1984,1,102.541
31.1998,0,101.933
31.2008,0,101.816
31.2012,1,102.724
31.2022,1,102.633
31.2036,0,101.714
31.2041,1,102.679
31.2055,0,101.75
31.2064,0,101.781
31.2069,1,102.719
31.2078,1,102.629
31.2088,1,102.551
31.2097,0,101.809
31.2107,0,101.833
31.2116,0,101.854
31.2126,1,102.482
31.2135,1,102.422
31.2144,0,101.872
31.2154,1,102.369
31.2163,0,101.888
31.2173,1,102.323
31.2182,1,102.282
31.2192,0,101.902
31.2201,1,102.247
31.2211,0,101.914
31.222,1,102.091
31.2229,0,101.925
31.2239,0,101.934
31.2248,1,101.955
31.2258,1,101.835
31.2267,0,101.942
31.2277,1,101.731
31.2286,0,101.95
31.2295,1,101.64
31.2305,1,101.56
31.2314,0,101.956
31.2324,1,101.615
31.2333,1,101.663
31.2343,0,101.961
31.2352,1,101.705
31.2362,0,101.966
31.2371,1,101.742
31.238,0,101.97
31.239,0,101.849
31.2399,1,101.649
31.2409,0,101.743
31.2418,1,101.568
31.2428,0,101.65
31.2437,1,101.497
31.2447,1,101.435
31.2456,0,101.569
31.2465,0,101.498
31.2475,1,101.381
31.2484,0,101.561
31.2494,1,101.458
31.2503,0,101.615
31.2513,1,101.526
31.2522,0,101.664
31.2531,1,101.585
31.2541,0,101.706
31.255,1,101.637
31.256,0,101.617
31.2569,1,101.557
31.2579,0,101.54
31.2588,0,101.473
31.2598,1,101.488
31.2607,1,101.427
31.2616,0,101.414
31.2626,1,101.373
31.2635,0,101.362
31.2645,0,101.442
31.2659,1,101.452
31.2668,1,101.52
31.2673,0,101.886
31.2687,1,101.58
31.2692,0,102.151
31.2701,0,102.257
31.2711,0,102.35
31.2725,1,101.633
31.273,0,102.431
31.2744,1,101.679
31.2749,0,102.502
31.2763,1,101.719
31.2767,0,102.564
31.2782,1,101.754
31.2791,1,101.785
31.2801,1,101.812
31.2805,0,102.869
31.2815,0,102.76
31.2829,1,101.835
31.2838,1,101.856
31.2848,0,103.04
31.2857,1,102.124
31.2867,1,102.233
31.2876,0,103.285
31.2885,1,102.454
31.2895,1,102.522
31.2904,0,103.5
31.2914,0,103.437
31.2923,0,103.382
31.2933,0,103.335
31.2942,1,103.082
31.2952,0,103.418
31.2961,0,103.366
31.297,1,103.447
31.298,0,103.32
31.2989,1,103.516
31.2999,0,103.28
31.3008,1,103.576
31.3018,0,103.37
31.3027,0,103.324
31.3037,1,103.754
31.3046,1,103.66
31.3055,0,103.533
31.3065,1,103.703
31.3074,0,103.592
31.3084,0,103.518
31.3093,1,103.865
31.3103,1,103.882
31.3112,1,103.896
31.3121,0,103.828
31.3131,0,103.849
31.314,0,103.868
31.315,1,104.159
31.3159,1,104.014
31.3169,0,104.01
31.3178,1,104.013
31.3188,0,104.008
31.3197,1,104.011
31.3206,1,103.885
31.3216,0,104.132
31.3225,1,103.899
31.3235,0,104.116
31.3244,1,103.912
31.3254,0,104.101
31.3263,0,104.089
31.3273,1,104.173
31.3282,1,104.151
31.3291,0,104.328
31.3301,1,104.257
31.331,0,104.412
31.332,1,104.225
31.3329,1,104.072
31.3339,0,104.485
31.3348,1,104.063
31.3357,1,103.93
31.3367,0,104.55
31.3376,1,103.939
31.3386,0,104.481
31.3395,1,103.946
31.3405,0,104.421
31.3414,0,104.243
31.3424,1,104.078
31.3433,0,104.338
31.3442,1,104.193
31.3452,0,104.421
31.3461,0,104.368
31.3466,1,104.294
31.3475,1,104.257
31.349,0,104.197
31.3499,0,104.047
31.3504,1,104.475
31.3518,0,103.916
31.3523,1,104.541
31.3537,0,103.802
31.3542,1,104.598
31.3556,0,103.702
31.356,1,104.648
31.3575,0,103.614
31.3579,1,104.567
31.3593,0,103.662
31.3598,1,104.496
31.3612,0,103.704
31.3622,0,103.741
31.3627,1,104.684
31.3636,1,104.599
31.365,0,103.774
31.3655,1,104.649
31.3664,1,104.568
31.3674,0,103.802
31.3683,0,103.827
31.3693,1,104.497
31.3702,1,104.435
31.3711,0,103.848
31.3721,1,104.38
31.373,0,103.867
31.374,0,103.759
31.3749,0,103.664
31.3759,1,104.208
31.3768,0,103.706
31.3778,1,104.057
31.3787,0,103.743
31.3796,1,103.925
31.3806,0,103.775
31.3815,1,103.809
31.3825,1,103.708
31.3834,1,103.62
31.3844,0,103.803
31.3853,0,103.828
31.3863,1,103.667
31.3872,1,103.709
31.3881,0,103.849
31.3891,1,103.745
31.39,1,103.777
31.391,0,103.743
31.3919,1,103.68
31.3929,1,103.595
31.3938,0,103.65
31.3947,0,103.569
31.3957,0,103.498
31.3966,0,103.436
31.3976,1,103.521
31.3985,0,103.381
31.3995,0,103.333
31.4004,1,103.455
31.4014,0,103.417
31.4023,1,103.524
31.4032,0,103.49
31.4042,1,103.583
31.4051,0,103.553
31.4061,0,103.609
31.407,1,103.635
31.408,1,103.556
31.4089,0,103.533
31.4099,1,103.486
31.4108,0,103.466
31.4117,0,103.408
31.4127,1,103.426
31.4136,1,103.372
31.4146,1,103.326
31.4155,0,103.357
31.4165,0,103.313
31.4174,0,103.273
31.4183,1,103.41
31.4193,1,103.484
31.4202,0,103.364
31.4212,1,103.548
31.4221,0,103.444
31.4231,1,103.605
31.424,1,103.654
31.425,0,103.388
31.4259,1,103.572
31.4268,0,103.34
31.4278,1,103.501
31.4287,0,103.297
31.4297,0,103.26
31.4306,1,103.438
31.4316,1,103.383
31.4325,0,103.228
31.4339,1,103.336
31.4344,0,103.449
31.4358,1,103.419
31.4368,1,103.491
31.4372,0,103.768
31.4386,1,103.555
31.4396,1,103.611
31.4401,0,104.172
31.4415,1,103.659
31.4419,0,104.275
31.4434,1,103.702
31.4438,0,104.366
31.4448,0,104.32
31.4462,1,103.739
31.4467,0,104.405
31.4481,1,103.772
31.4486,0,104.48
31.4495,0,104.42
31.4509,1,103.8
31.4519,1,103.95
31.4528,0,104.617
31.4537,0,104.665
31.4547,1,104.331
31.4556,0,104.832
31.4566,1,104.54
31.4575,0,104.978
31.4585,1,104.722
31.4594,0,105.106
31.4604,1,104.882
31.4613,0,105.217
31.4622,1,105.022
31.4632,0,105.315
31.4641,1,105.269
31.4651,0,105.401
31.466,0,105.351
31.467,1,105.486
31.4679,1,105.425
31.4689,0,105.432
31.4698,1,105.497
31.4707,1,105.435
31.4717,0,105.503
31.4726,0,105.44
31.4736,1,105.63
31.4745,1,105.552
31.4755,0,105.635
31.4764,1,105.608
31.4773,0,105.681
31.4783,0,105.596
31.4792,0,105.646
31.4802,1,105.907
31.4811,0,105.815
31.4821,1,106.043
31.483,0,105.963
31.484,1,106.038
31.4849,0,105.968
31.4858,1,106.033
31.4868,1,105.904
31.4877,1,105.791
31.4887,0,106.222
31.4896,0,106.069
31.4906,1,105.942
31.4915,1,105.824
31.4925,0,106.186
31.4934,1,105.846
31.4943,1,105.741
31.4953,0,106.287
31.4962,1,105.773
31.4972,1,105.801
31.4981,0,106.501
31.4991,0,106.439
31.5,0,106.384
31.5009,0,106.211
31.5019,1,106.201
31.5028,0,106.185
31.5038,0,106.037
31.5047,1,106.301
31.5057,0,106.032
31.5066,1,106.263
31.5076,0,106.028
31.5085,1,106.23
31.5094,0,106.024
31.5104,0,105.896
31.5113,1,106.327
31.5123,1,106.161
31.5132,0,106.034
31.5142,1,106.266
31.5151,0,106.155
31.5161,0,106.136
31.517,1,106.358
31.5179,1,106.188
31.5189,1,106.039
31.5198,0,106.369
31.5208,0,106.198
31.5217,0,106.048
31.5227,0,105.917
31.5231,1,106.409
31.5241,1,106.358
31.5255,0,105.802
31.526,1,106.313
31.5274,0,105.702
31.5279,1,106.274
31.5288,1,106.115
31.5302,0,105.739
31.5307,1,106.101
31.5321,0,105.772
31.5326,1,106.213
31.534,0,105.675
31.5349,0,105.591
31.5354,1,106.436
31.5363,1,106.382
31.5378,0,105.517
31.5382,1,106.459
31.5392,1,106.402
31.5401,0,105.577
31.5411,1,106.352
31.542,1,106.308
31.543,0,105.505
31.5439,1,106.144
31.5448,1,106.001
31.5458,0,105.442
31.5467,1,105.876
31.5477,0,105.512
31.5486,1,105.766
31.5496,0,105.573
31.5505,0,105.626
31.5515,1,105.671
31.5524,0,105.673
31.5533,1,105.587
31.5543,0,105.714
31.5552,0,105.75
31.5562,1,105.638
31.5571,1,105.684
31.5581,0,105.781
31.559,0,105.808
31.5599,1,105.598
31.5609,0,105.707
31.5618,1,105.523
31.5628,0,105.619
31.5637,1,105.458
31.5647,0,105.541
31.5656,1,105.401
31.5666,0,105.474
31.5675,1,105.351
31.5684,0,105.415
31.5694,1,105.307
31.5703,0,105.363
31.5713,0,105.317
31.5722,1,105.393
31.5732,1,105.469
31.5741,0,105.403
31.5751,1,105.536
31.576,1,105.469
31.5769,0,105.352
31.5779,0,105.308
31.5788,1,105.41
31.5798,1,105.359
31.5807,0,105.27
31.5817,1,105.314
31.5826,0,105.236
31.5835,0,105.207
31.5845,0,105.181
31.5854,1,105.275
31.5864,0,105.158
31.5873,1,105.24
31.5883,0,105.138
31.5892,1,105.335
31.5902,0,105.246
31.5911,1,105.418
31.592,1,105.491
31.593,1,105.43
31.5939,0,105.215
31.5949,0,105.188
31.5958,1,105.376
31.5968,1,105.329
31.5977,0,105.165
31.5987,1,105.288
31.5996,1,105.252
31.6005,0,105.144
31.6015,1,105.22
31.6024,1,105.193
31.6034,0,105.126
31.6043,0,105.11
31.6053,0,105.097
31.6062,0,105.21
31.6071,1,105.294
31.6081,0,105.308
31.609,0,105.395
31.61,1,105.257
31.6109,0,105.345
31.6119,1,105.225
31.6128,0,105.302
31.6138,1,105.197
31.6147,0,105.264
31.6156,0,105.231
31.6171,1,105.297
31.618,1,105.385
31.6185,0,105.578
31.6199,1,105.337
31.6204,0,105.755
31.6213,0,105.786
31.6227,1,105.42
31.6237,1,105.492
31.6246,1,105.556
31.6251,0,106.188
31.626,0,106.289
31.627,0,106.253
31.6279,0,106.221
31.6293,1,105.611
31.6303,1,105.66
31.6307,0,106.444
31.6322,1,105.827
31.6326,0,106.513
31.6341,1,105.974
31.635,1,105.977
31.6359,0,106.699
31.6369,1,106.23
31.6378,0,106.737
31.6388,1,106.451
31.6397,0,106.77
31.6407,0,106.798
31.6416,1,106.77
31.6425,1,106.799
31.6435,0,107.074
31.6444,1,106.949
31.6454,1,106.955
31.6463,0,107.314
31.6473,1,107.086
31.6482,1,107.075
31.6492,0,107.525
31.6501,1,107.191
31.651,1,107.292
31.652,0,107.709
31.6529,1,107.38
31.6539,0,107.746
31.6548,1,107.458
31.6558,0,107.778
31.6567,0,107.68
31.6577,1,107.651
31.6586,0,107.72
31.6595,1,107.694
31.6605,0,107.755
31.6614,0,107.661
31.6624,1,107.857
31.6633,1,107.75
31.6643,0,107.828
31.6652,0,107.725
31.6661,1,107.907
31.6671,0,107.759
31.668,1,108.043
31.669,0,107.789
31.6699,1,108.038
31.6709,0,107.816
31.6718,1,108.033
31.6728,0,107.839
31.6737,1,108.029
31.6746,0,107.859
31.6756,1,108.025
31.6765,0,107.876
31.6775,0,107.767
31.6784,1,108.147
31.6794,1,108.004
31.6803,0,107.921
31.6813,1,108.003
31.6822,1,107.878
31.6831,0,108.056
31.6841,0,108.049
31.685,1,108.143
31.686,1,108
31.6869,0,108.168
31.6879,1,108
31.6888,0,108.147
31.6897,0,108.003
31.6907,0,107.878
31.6916,1,108.25
31.6926,0,107.893
31.6935,1,108.219
31.6945,0,107.907
31.6954,1,108.192
31.6964,0,107.918
31.6973,1,108.168
31.6982,1,108.022
31.6992,1,107.894
31.7001,0,108.179
31.7011,0,108.156
31.702,1,108.157
31.703,1,108.013
31.7039,0,108.262
31.7049,1,108.011
31.7058,1,107.885
31.7067,0,108.354
31.7077,1,107.899
31.7086,1,107.787
31.7096,0,108.435
31.7105,0,108.255
31.7115,0,108.098
31.7124,0,107.961
31.7133,1,108.188
31.7143,0,107.966
31.7152,0,107.845
31.7162,1,108.29
31.7171,0,107.865
31.7181,0,107.882
31.7185,1,108.379
31.72,0,107.771
31.7204,1,108.456
31.7218,0,107.675
31.7228,0,107.591
31.7233,1,108.649
31.7242,1,108.443
31.7256,0,107.517
31.7261,1,108.388
31.7275,0,107.452
31.7285,0,107.396
31.7289,1,108.464
31.7299,1,108.281
31.7308,1,108.121
31.7322,0,107.346
31.7332,0,107.303
31.7341,0,107.39
31.7351,0,107.466
31.7355,1,108.481
31.7365,1,108.296
31.7374,1,108.134
31.7384,0,107.533
31.7393,1,107.992
31.7403,0,107.591
31.7412,1,107.868
31.7421,1,107.885
31.7431,0,107.642
31.744,1,107.899
31.745,0,107.562
31.7459,1,107.787
31.7469,0,107.492
31.7478,0,107.43
31.7487,1,107.688
31.7497,1,107.602
31.7506,0,107.377
31.7516,1,107.527
31.7525,1,107.461
31.7535,0,107.33
31.7544,1,107.403
31.7554,1,107.353
31.7563,0,107.288
31.7572,1,107.309
31.7582,1,107.27
31.7591,0,107.377
31.7601,1,107.362
31.761,0,107.455
31.762,1,107.316
31.7629,0,107.398
31.7639,0,107.348
31.7648,1,107.277
31.7657,0,107.305
31.7667,1,107.242
31.7676,0,107.267
31.7686,0,107.233
31.7695,1,107.212
31.7705,1,107.185
31.7714,0,107.204
31.7723,0,107.179
31.7733,1,107.162
31.7742,0,107.156
31.7752,1,107.142
31.7761,0,107.262
31.7771,1,107.249
31.778,0,107.354
31.779,1,107.218
31.7799,0,107.31
31.7808,1,107.191
31.7818,0,107.271
31.7827,1,107.167
31.7837,0,107.237
31.7846,0,107.208
31.7856,1,107.146
31.7865,1,107.128
31.7875,0,107.182
31.7884,1,107.112
31.7893,1,107.098
31.7903,0,107.159
31.7912,0,107.139
31.7922,1,107.086
31.7931,1,107.2
31.7941,0,107.247
31.795,1,107.3
31.7959,0,107.216
31.7969,0,107.189
31.7978,0,107.165
31.7988,1,107.262
31.7997,0,107.145
31.8007,1,107.23
31.8016,0,107.127
31.8026,1,107.201
31.8035,0,107.111
31.8044,1,107.176
31.8054,1,107.154
31.8063,1,107.135
31.8073,0,107.097
31.8082,0,107.085
31.8092,1,107.118
31.8101,1,107.228
31.8111,0,107.199
31.812,1,107.2
31.8129,1,107.175
31.8139,0,107.174
31.8148,1,107.153
31.8158,1,107.134
31.8167,0,107.152
31.8177,0,107.133
31.8186,0,107.117
31.8195,0,107.102
31.8205,1,107.117
31.8214,0,107.089
31.8224,0,107.078
31.8233,1,107.102
31.8243,0,107.068
31.8252,0,107.06
31.8262,1,107.215
31.8271,0,107.177
31.8285,1,107.313
31.829,0,107.405
31.8299,0,107.48
31.8313,1,107.399
31.8323,1,107.474
31.8328,0,107.795
31.8342,1,107.54
31.8347,0,107.945
31.8356,0,107.952
31.837,1,107.722
31.838,1,107.757
31.8389,1,107.787
31.8394,0,108.333
31.8403,0,108.291
31.8413,0,108.255
31.8422,0,108.223
31.8436,1,107.814
31.8446,1,107.837
31.8455,1,107.857
31.846,0,108.445
31.8474,1,107.875
31.8483,0,108.64
31.8493,1,108.141
31.8502,1,108.248
31.8512,0,108.935
31.8521,1,108.467
31.8531,0,109.068
31.854,1,108.659
31.8549,0,109.184
31.8559,0,109.161
31.8568,1,108.951
31.8578,1,108.958
31.8587,0,109.391
31.8597,1,109.088
31.8606,1,109.077
31.8616,0,109.592
31.8625,1,109.192
31.8634,1,109.168
31.8644,0,109.768
31.8653,1,109.272
31.8663,1,109.238
31.8672,0,109.922
31.8682,1,109.333
31.8691,0,109.932
31.8701,1,109.417
31.871,0,109.815
31.8719,0,109.713
31.8729,1,109.615
31.8738,0,109.749
31.8748,1,109.663
31.8757,0,109.781
31.8767,0,109.683
31.8776,1,109.83
31.8785,1,109.726
31.8795,0,109.848
31.8804,0,109.742
31.8814,1,109.885
31.8823,0,109.774
31.8833,1,109.9
31.8842,0,109.802
31.8852,1,109.912
31.8861,0,109.827
31.887,1,109.923
31.888,0,109.724
31.8889,1,109.933
31.8899,0,109.758
31.8908,1,109.941
31.8918,0,109.788
31.8927,0,109.69
31.8937,1,110.074
31.8946,1,109.939
31.8955,0,109.854
31.8965,1,109.947
31.8974,1,109.829
31.8984,0,109.997
31.8993,0,109.872
31.9003,1,109.975
31.9012,1,109.853
31.9021,0,110.013
31.9031,1,109.871
31.904,0,110.012
31.905,0,109.885
31.9059,0,109.775
31.9069,1,110.013
31.9078,0,109.803
31.9088,1,110.011
31.9097,0,109.827
31.9106,1,110.01
31.9116,0,109.849
31.9125,1,110.008
31.9135,1,109.882
31.9144,1,109.772
31.9154,0,110.118
31.9163,0,109.978
31.9173,1,109.926
31.9182,1,109.81
31.9191,0,110.106
31.9201,1,109.834
31.921,1,109.854
31.922,0,110.093
31.9229,1,109.873
31.9239,1,109.764
31.9248,0,110.206
31.9257,0,110.055
31.9267,0,109.923
31.9276,0,109.808
31.9286,1,110.168
31.9295,0,109.832
31.9305,0,109.728
31.9314,1,110.272
31.9324,0,109.762
31.9333,0,109.667
31.9342,1,110.363
31.9352,0,109.708
31.9361,1,110.318
31.9371,0,109.745
31.938,0,109.777
31.939,1,110.278
31.9399,1,109.993
31.9409,0,109.93
31.9418,1,109.869
31.9427,0,109.938
31.9437,0,109.821
31.9446,1,109.885
31.9456,1,109.65
31.9465,1,109.569
31.9475,0,110.093
31.9484,0,109.957
31.9493,0,109.837
31.9503,0,109.733
31.9512,0,109.641
31.9517,1,109.997
31.9527,1,109.873
31.9536,1,109.764
31.9545,0,109.561
31.9555,1,109.793
31.9569,0,109.366
31.9574,1,109.819
31.9583,1,109.717
31.9597,0,109.195
31.9602,1,109.752
31.9616,0,109.046
31.9621,1,109.783
31.9635,0,109.04
31.9645,0,109.035
31.9649,1,109.81
31.9659,1,109.709
31.9668,1,109.62
31.9682,1,109.543
31.9692,0,109.281
31.9696,1,109.475
31.9711,1,109.416
31.972,0,109.496
31.9729,1,109.364
31.9739,1,109.193
31.9744,0,109.559
31.9758,0,109.364
31.9763,1,109.294
31.9777,0,109.193
31.9781,1,109.382
31.9796,1,109.334
31.98,0,109.294
31.9814,1,109.293
31.9819,0,109.382
31.9833,1,109.256
31.9838,0,109.46
31.9847,0,109.402
31.9862,1,109.224
31.9871,1,109.196
31.9876,0,109.602
31.9885,0,109.527
31.9899,1,109.047
31.9904,0,109.586
31.9918,1,108.916
31.9923,0,109.638
31.9937,1,108.801
31.9942,0,109.683
31.9956,0,109.598
31.9965,1,108.826
31.9975,1,108.848
31.998,0,109.648
31.9989,0,109.567
31.9999,1,108.867
32.0008,0,109.496
32.0022,1,108.884
32.0032,0,109.684
32.0041,1,109.023
32.005,0,109.723
32.0055,1,109.02
32.0069,0,109.508
32.0079,1,109.143
32.0083,0,109.445
32.0093,1,109.125
32.0107,0,109.264
32.0112,1,109.234
32.0126,1,109.205
32.0131,0,109.231
32.014,0,109.327
32.0154,1,109.179
32.0159,0,109.411
32.0173,1,109.157
32.0178,0,109.485
32.0192,0,109.549
32.0201,1,109.262
32.0211,1,109.23
32.0216,0,109.606
32.0225,1,109.201
32.0239,0,109.405
32.0249,1,109.301
32.0258,0,109.354
32.0263,1,109.263
32.0277,0,109.185
32.0282,1,109.355
32.0291,1,109.311
32.0305,0,109.162
32.031,1,109.397
32.0319,1,109.347
32.0334,0,109.142
32.0343,0,109.124
32.0353,0,109.108
32.0357,1,109.679
32.0371,1,109.594
32.0376,0,109.22
32.0386,0,109.192
32.04,1,109.395
32.0404,0,109.293
32.0414,0,109.257
32.0428,1,109.22
32.0433,0,109.35
32.0447,1,109.068
32.0452,0,109.431
32.0461,0,109.377
32.0475,1,109.059
32.0485,1,109.052
32.0489,0,109.455
32.0504,1,109.045
32.0508,0,109.523
32.0518,0,109.458
32.0532,1,109.04
32.0541,0,109.65
32.0546,1,109.035
32.056,0,109.569
32.057,1,109.155
32.0574,0,109.498
32.0584,0,109.436
32.0593,0,109.381
32.0603,1,109.136
32.0612,1,109.119
32.0622,1,109.104
32.0631,0,109.709
32.0645,1,109.091
32.065,0,109.745
32.0664,1,109.08
32.0673,0,109.902
32.0683,0,109.789
32.0688,1,109.195
32.0702,0,109.691
32.0707,1,109.295
32.0716,1,109.258
32.0725,0,109.604
32.074,1,109.226
32.0744,0,109.654
32.0754,1,109.323
32.0763,1,109.408
32.0777,0,109.447
32.0787,1,109.482
32.0796,1,109.546
32.0801,0,109.641
32.0815,1,109.603
32.0825,0,109.686
32.0834,1,109.778
32.0839,0,109.6
32.0853,1,110.055
32.0858,0,109.65
32.0872,1,110.174
32.0881,0,109.819
32.0891,1,110.277
32.09,0,109.842
32.0909,1,110.367
32.0919,0,109.861
32.0924,1,110.446
32.0938,0,109.879
32.0947,1,110.516
32.0957,1,110.326
32.0961,0,110.144
32.0976,1,110.41
32.098,0,110.251
32.099,0,110.22
32.0999,1,110.609
32.1013,0,110.317
32.1018,1,110.783
32.1027,1,110.81
32.1037,0,110.402
32.1051,1,110.959
32.1056,0,110.477
32.107,1,110.839
32.1079,0,110.667
32.1089,0,110.709
32.1094,1,110.984
32.1108,0,110.87
32.1112,1,111.111
32.1122,1,110.972
32.1131,0,111.137
32.1145,1,110.851
32.115,0,111.245
32.116,0,111.089
32.1169,1,110.869
32.1183,0,111.203
32.1188,1,110.886
32.1202,0,111.302
32.1212,1,111.025
32.1221,1,111.022
32.1226,0,111.39
32.124,1,111.019
32.1245,0,111.341
32.1254,0,111.298
32.1263,1,111.017
32.1278,0,111.386
32.1282,1,111.015
32.1292,1,110.763
32.1301,0,111.588
32.1315,1,110.667
32.132,0,111.764
32.1334,1,110.709
32.1344,0,111.919
32.1353,0,111.929
32.1358,1,110.745
32.1372,0,111.938
32.1381,1,110.902
32.1391,1,110.914
32.1396,0,111.946
32.141,1,110.925
32.1415,0,111.827
32.1424,0,111.474
32.1433,1,111.059
32.1448,0,111.29
32.1452,1,111.427
32.1466,0,111.254
32.1476,1,111.499
32.1485,1,111.436
32.149,0,111.347
32.1504,0,111.428
32.1509,1,111.382
32.1523,0,111.5
32.1528,1,111.209
32.1537,0,111.562
32.1551,0,111.617
32.1556,1,111.183
32.1566,1,110.91
32.158,0,111.665
32.1584,1,110.796
32.1599,0,111.832
32.1608,0,111.853
32.1613,1,110.822
32.1627,1,110.594
32.1636,0,111.996
32.1646,0,112.122
32.1651,1,110.645
32.1665,0,112.107
32.1674,0,111.968
32.1684,1,110.814
32.1693,1,110.587
32.1698,0,111.972
32.1707,1,110.389
32.1721,0,112.226
32.1731,1,110.465
32.174,0,112.572
32.175,1,110.407
32.1759,0,112.501
32.1769,1,110.356
32.1778,0,112.563
32.1787,1,110.312
32.1797,1,110.148
32.1802,0,112.618
32.1816,0,112.666
32.182,1,110.254
32.1835,1,110.223
32.1839,0,112.707
32.1849,0,112.619
32.1858,1,110.195
32.1872,0,112.667
32.1877,1,110.295
32.1891,0,112.583
32.1901,1,110.508
32.191,1,110.695
32.1915,0,112.385
32.1929,1,110.733
32.1934,0,112.212
32.1943,0,112.061
32.1953,1,110.891
32.1967,0,111.928
32.1971,1,111.03
32.1986,0,111.687
32.1995,1,111.151
32.2005,1,111.132
32.2009,0,111.476
32.2023,1,111.241
32.2028,0,111.417
32.2042,0,111.365
32.2052,1,111.461
32.2061,0,111.194
32.2066,1,111.528
32.2075,1,111.587
32.2085,0,111.045
32.2099,1,111.639
32.2104,0,111.164
32.2118,1,111.684
32.2127,0,111.144
32.2137,0,111.001
32.2141,1,111.848
32.2156,1,111.992
32.216,0,111.001
32.217,0,110.751
32.2179,1,111.993
32.2189,0,110.657
32.2203,1,112.244
32.2212,0,110.7
32.2222,0,110.487
32.2226,1,112.339
32.2241,0,110.301
32.225,1,112.421
32.2259,0,110.264
32.2269,1,112.619
32.2278,1,112.666
32.2283,0,110.231
32.2292,0,110.077
32.2302,1,112.833
32.2316,0,109.942
32.2321,1,112.979
32.2335,0,109.824
32.2344,1,112.982
32.2354,1,112.984
32.2359,0,109.846
32.2373,1,113.111
32.2377,0,109.866
32.2387,0,109.632
32.2396,1,113.097
32.241,0,109.553
32.2415,1,113.085
32.2429,0,109.359
32.2439,1,113.199
32.2448,1,113.174
32.2453,0,109.439
32.2462,0,109.384
32.2472,1,113.278
32.2481,0,109.336
32.2491,1,113.368
32.2505,0,109.294
32.2514,1,113.322
32.2524,0,109.382
32.2533,1,113.407
32.2543,1,113.481
32.2547,0,109.46
32.2557,0,109.402
32.2566,1,113.421
32.258,0,109.352
32.2585,1,113.368
32.2599,0,109.308
32.2609,1,113.322
32.2618,1,113.282
32.2623,0,109.394
32.2637,1,113.247
32.2642,0,109.595
32.2651,0,109.646
32.2661,1,113.341
32.2675,0,109.69
32.2684,1,113.298
32.2694,0,109.729
32.2703,1,113.386
32.2713,1,113.338
32.2717,0,109.888
32.2727,0,109.777
32.2736,1,113.17
32.2746,0,109.805
32.2755,1,113.149
32.2769,0,109.829
32.2779,1,113.006
32.2788,1,112.63
32.2793,0,110.1
32.2807,1,112.426
32.2812,0,110.338
32.2821,0,110.296
32.2831,1,112.498
32.2845,0,110.259
32.2849,1,112.311
32.2864,0,110.351
32.2873,1,112.397
32.2882,1,112.347
32.2887,0,110.432
32.2901,1,112.304
32.2906,0,110.378
32.2915,0,110.331
32.2925,1,112.391
32.2939,0,110.29
32.2949,1,112.342
32.2958,0,110.378
32.2967,1,112.424
32.2977,1,112.371
32.2982,0,110.456
32.2991,0,110.399
32.3,1,112.45
32.301,0,110.224
32.3019,1,112.269
32.3033,0,110.196
32.3043,1,112.36
32.3052,1,112.44
32.3057,0,110.297
32.3071,1,112.385
32.3076,0,110.385
32.3085,0,110.337
32.3095,1,112.337
32.3109,0,110.294
32.3114,1,112.295
32.3128,0,110.258
32.3137,1,112.383
32.3147,1,112.335
32.3151,0,110.35
32.3161,0,110.307
32.317,1,112.293
32.318,0,110.143
32.3189,1,112.257
32.3203,0,110.125
32.3213,1,112.474
32.3222,0,110.11
32.3232,1,112.665
32.3241,1,112.707
32.3246,0,110.221
32.3255,0,110.068
32.3265,1,112.619
32.3279,0,110.185
32.3284,1,112.666
32.3298,0,110.287
32.3307,1,112.708
32.3317,1,112.495
32.3321,0,110.376
32.3336,1,112.308
32.334,0,110.579
32.335,0,110.507
32.3359,1,112.144
32.3373,0,110.693
32.3378,1,112.001
32.3392,0,110.732
32.3402,1,112.126
32.3411,1,111.985
32.3416,0,110.89
32.3425,0,110.904
32.3435,1,111.862
32.3444,0,110.916
32.3454,1,111.754
32.3468,0,110.926
32.3477,1,111.785
32.3487,1,111.687
32.3491,0,111.061
32.3505,1,111.601
32.351,0,111.303
32.352,0,111.14
32.3529,1,111.526
32.3543,0,111.248
32.3548,1,111.46
32.3562,0,111.217
32.3572,1,111.653
32.3581,1,111.571
32.3586,0,111.315
32.36,1,111.375
32.3605,0,111.4
32.3614,0,111.35
32.3623,1,111.328
32.3638,0,111.306
32.3647,1,111.287
32.3657,0,111.268
32.3666,1,111.376
32.3675,1,111.329
32.368,0,111.485
32.369,0,111.299
32.3699,1,111.288
32.3708,0,111.262
32.3718,1,111.252
32.3732,0,111.229
32.3741,1,111.47
32.3751,1,111.537
32.3756,0,111.2
32.377,1,111.345
32.3775,0,111.3
32.3784,0,111.263
32.3793,1,111.301
32.3808,0,111.23
32.3812,1,111.264
32.3826,0,111.201
32.3836,1,111.356
32.3845,1,111.311
32.385,0,111.426
32.3859,0,111.373
32.3869,1,111.272
32.3878,0,111.326
32.3888,1,111.238
32.3902,0,111.285
32.3911,1,111.459
32.3921,0,111.25
32.393,1,111.651
32.394,1,111.445
32.3944,0,111.469
32.3954,0,111.66
32.3963,1,111.514
32.3977,0,111.827
32.3982,1,111.45
32.3996,0,111.974
32.4006,1,111.519
32.4015,1,111.454
32.402,0,112.102
32.4034,1,111.397
32.4039,0,112.214
32.4048,0,112.313
32.4058,1,111.347
32.4072,0,112.524
32.4077,1,111.304
32.4091,0,112.708
32.41,1,111.516
32.411,1,111.702
32.4114,0,112.745
32.4124,0,112.777
32.4133,1,111.864
32.4143,0,112.929
32.4152,1,112.131
32.4166,0,112.938
32.4176,1,112.24
32.4185,0,112.946
32.4195,1,112.46
32.4204,1,112.527
32.4209,0,112.953
32.4218,0,112.959
32.4228,1,112.586
32.4242,0,113.089
32.4247,1,112.638
32.4261,0,113.203
32.427,1,112.808
32.428,1,112.832
32.4284,0,113.177
32.4298,1,112.728
32.4303,0,113.28
32.4313,0,113.37
32.4322,1,112.887
32.4336,0,113.324
32.4346,1,112.901
32.4355,0,113.283
32.4365,1,112.914
32.4374,1,112.924
32.4379,0,113.248
32.4388,0,113.217
32.4398,1,112.934
32.4407,0,113.19
32.4416,1,112.942
32.4431,0,113.291
32.444,1,113.074
32.4449,1,113.065
32.4454,0,113.255
32.4468,1,113.057
32.4473,0,113.223
32.4483,0,113.32
32.4492,1,113.175
32.4506,0,113.28
32.4511,1,113.278
32.4525,0,113.245
32.4534,1,113.243
32.4544,1,113.213
32.4549,0,113.214
32.4563,1,113.186
32.4567,0,113.313
32.4577,0,113.274
32.4586,1,113.163
32.4601,0,113.364
32.461,1,113.143
32.4619,0,113.194
32.4629,1,113.25
32.4638,1,113.219
32.4643,0,113.17
32.4652,0,113.273
32.4662,1,113.316
32.4676,0,113.239
32.4681,1,113.402
32.4695,0,113.209
32.4704,1,113.351
32.4714,1,113.308
32.4719,0,113.183
32.4733,1,113.394
32.4737,0,113.16
32.4747,0,113.14
32.4756,1,113.345
32.477,0,113.248
32.4775,1,113.302
32.4789,0,113.217
32.4799,1,113.264
32.4808,1,113.231
32.4813,0,113.19
32.4822,0,113.291
32.4832,1,113.327
32.4841,0,113.38
32.4851,1,113.411
32.4865,0,113.332
32.4874,1,113.36
32.4884,0,113.291
32.4893,1,113.44
32.4903,1,113.51
32.4907,0,113.254
32.4917,0,113.222
32.4926,1,113.446
32.494,0,113.32
32.4945,1,113.39
32.4959,0,113.28
32.4969,1,113.342
32.4978,1,113.299
32.4983,0,113.245
32.4997,1,113.262
32.5002,0,113.464
32.5011,0,113.531
32.5021,1,113.354
32.5035,0,113.465
32.5044,1,113.31
32.5054,0,113.407
32.5063,1,113.271
32.5073,1,113.362
32.5077,0,113.356
32.5087,0,113.311
32.5096,1,113.317
32.5106,0,113.272
32.5115,1,113.277
32.5129,0,113.238
32.5139,1,113.243
32.5148,1,113.212
32.5153,0,113.334
32.5167,1,113.186
32.5172,0,113.417
32.5181,0,113.49
32.5191,1,113.287
32.5205,0,113.429
32.5209,1,113.252
32.5224,0,113.375
32.5233,1,113.22
32.5242,1,113.318
32.5247,0,113.328
32.5261,1,113.278
32.5266,0,113.412
32.5275,0,113.361
32.5285,1,113.243
32.5299,0,113.316
32.5309,1,113.213
32.5318,0,113.276
32.5327,1,113.186
32.5337,1,113.163
32.5342,0,113.367
32.5351,0,113.446
32.536,1,113.268
32.537,0,113.265
32.5379,1,113.234
32.5393,0,113.232
32.5403,1,113.205
32.5412,1,113.304
32.5417,0,113.203
32.5431,1,113.391
32.5436,0,113.178
32.5445,0,113.155
32.5455,1,113.342
32.5469,0,113.136
32.5474,1,113.3
32.5488,0,113.119
32.5497,1,113.262
32.5507,1,113.229
32.5511,0,113.229
32.5521,0,113.325
32.553,1,113.326
32.554,0,113.285
32.5549,1,113.285
32.5563,0,113.249
32.5573,1,113.249
32.5582,0,113.218
32.5592,1,113.468
32.5601,1,113.535
32.5606,0,113.191
32.5615,0,113.167
32.5625,1,113.468
32.5639,0,113.146
32.5644,1,113.409
32.5658,0,113.128
32.5667,1,113.358
32.5677,1,113.313
32.5681,0,113.237
32.5696,1,113.274
32.57,0,113.332
32.571,0,113.291
32.5719,1,113.24
32.5733,0,113.254
32.5738,1,113.21
32.5752,0,113.348
32.5762,1,113.309
32.5771,1,113.395
32.5776,0,113.304
32.5785,0,113.266
32.5795,1,113.346
32.5804,0,113.233
32.5814,1,113.303
32.5828,0,113.204
32.5837,1,113.265
32.5847,1,113.232
32.5851,0,113.303
32.5865,1,113.203
32.587,0,113.39
32.588,0,113.342
32.5889,1,113.177
32.5903,0,113.299
32.5908,1,113.155
32.5922,0,113.387
32.5932,1,113.261
32.5941,1,113.353
32.5946,0,113.338
32.596,1,113.184
32.5965,0,113.421
32.5974,0,113.368
32.5983,1,113.161
32.5998,0,113.322
32.6007,1,113.141
32.6017,0,113.282
32.6026,1,113.123
32.6035,1,113.108
32.604,0,113.372
32.605,0,113.325
32.6059,1,113.094
32.6068,0,113.16
32.6078,1,113.083
32.6092,0,113.265
32.6101,1,113.197
32.6111,1,113.298
32.6116,0,113.232
32.613,1,113.26
32.6135,0,113.203
32.6144,0,113.177
32.6153,1,113.228
32.6168,0,113.155
32.6172,1,113.199
32.6186,0,113.136
32.6196,1,113.174
32.6205,1,113.153
32.621,0,113.244
32.6219,0,113.213
32.6229,1,113.134
32.6238,0,113.187
32.6248,1,113.117
32.6262,0,113.288
32.6271,1,113.227
32.6281,0,113.252
32.629,1,113.449
32.63,1,113.393
32.6304,0,113.221
32.6314,0,113.193
32.6323,1,113.344
32.6337,0,113.169
32.6342,1,113.426
32.6356,0,113.148
32.6366,1,113.372
32.6375,1,113.326
32.638,0,113.129
32.6394,1,113.285
32.6399,0,113.113
32.6408,0,113.099
32.6418,1,113.25
32.6432,0,113.212
32.6437,1,113.218
32.6451,0,113.31
32.646,1,113.316
32.647,1,113.277
32.6474,0,113.271
32.6484,0,113.238
32.6493,1,113.242
32.6503,0,113.333
32.6512,1,113.337
32.6526,0,113.291
32.6536,1,113.295
32.6545,0,113.255
32.6555,1,113.383
32.6564,1,113.335
32.6569,0,113.223
32.6578,0,113.195
32.6588,1,113.293
32.6602,0,113.296
32.6607,1,113.256
32.6621,0,113.384
32.663,1,113.349
32.664,1,113.306
32.6644,0,113.336
32.6658,1,113.143
32.6663,0,113.419
32.6673,0,113.491
32.6682,1,113.25
32.6696,0,113.43
32.6706,1,113.218
32.6715,0,113.376
32.6725,1,113.191
32.6734,1,113.167
32.6739,0,113.329
32.6748,0,113.288
32.6758,1,113.146
32.6767,0,113.252
32.6776,1,113.128
32.6791,0,113.346
32.68,1,113.237
32.6809,1,113.207
32.6814,0,113.302
32.6828,1,113.181
32.6833,0,113.265
32.6843,0,113.356
32.6852,1,113.284
32.6866,0,113.312
32.6871,1,113.373
32.6885,0,113.273
32.6894,1,113.327
32.6904,1,113.286
32.6909,0,113.239
32.6923,1,113.25
32.6927,0,113.334
32.6937,0,113.292
32.6946,1,113.219
32.6961,0,113.381
32.697,1,113.191
32.6979,0,113.208
32.6989,1,113.293
32.6998,1,113.256
32.7003,0,113.182
32.7012,0,113.284
32.7022,1,113.349
32.7036,0,113.249
32.7041,1,113.43
32.7055,0,113.218
32.7064,1,113.377
32.7074,1,113.329
32.7079,0,113.19
32.7093,1,113.413
32.7097,0,113.167
32.7107,0,113.146
32.7116,1,113.362
32.713,0,113.253
32.7135,1,113.316
32.7149,0,113.221
32.7159,1,113.277
32.7168,1,113.242
32.7173,0,113.193
32.7182,0,113.294
32.7192,1,113.337
32.7201,0,113.382
32.7211,1,113.42
32.7225,0,113.335
32.7234,1,113.367
32.7244,0,113.293
32.7253,1,113.446
32.7263,1,113.516
32.7267,0,113.256
32.7277,0,113.224
32.7286,1,113.451
32.73,0,113.321
32.7305,1,113.395
32.7319,0,113.281
32.7329,1,113.345
32.7338,1,113.302
32.7343,0,113.246
32.7357,1,113.264
32.7362,0,113.465
32.7371,0,113.532
32.7381,1,113.356
32.7395,0,113.466
32.7404,1,113.312
32.7414,0,113.407
32.7423,1,113.273
32.7433,1,113.364
32.7437,0,113.356
32.7447,0,113.312
32.7456,1,113.318
32.7466,0,113.273
32.7475,1,113.279
32.7489,0,113.239
32.7499,1,113.244
32.7508,1,113.213
32.7513,0,113.334
32.7527,1,113.187
32.7532,0,113.417
32.7541,0,113.49
32.7551,1,113.288
32.7565,0,113.429
32.7569,1,113.252
32.7584,0,113.375
32.7593,1,113.221
32.7602,1,113.318
32.7607,0,113.328
32.7621,1,113.278
32.7626,0,113.412
32.7635,0,113.361
32.7645,1,113.244
32.7659,0,113.316
32.7669,1,113.213
32.7678,0,113.276
32.7687,1,113.186
32.7697,1,113.163
32.7702,0,113.367
32.7711,0,113.446
32.772,1,113.268
32.773,0,113.265
32.7739,1,113.234
32.7753,0,113.232
32.7763,1,113.205
32.7772,1,113.304
32.7777,0,113.203
32.7791,1,113.391
32.7796,0,113.178
32.7805,0,113.155
32.7815,1,113.342
32.7829,0,113.136
32.7834,1,113.3
32.7848,0,113.119
32.7857,1,113.262
32.7867,1,113.229
32.7871,0,113.229
32.7881,0,113.325
32.789,1,113.326
32.79,0,113.285
32.7909,1,113.285
32.7923,0,113.249
32.7933,1,113.249
32.7942,0,113.218
32.7952,1,113.468
32.7961,1,113.535
32.7966,0,113.191
32.7975,0,113.167
32.7985,1,113.468
32.7999,0,113.146
32.8004,1,113.409
32.8018,0,113.128
32.8027,1,113.358
32.8037,1,113.313
32.8041,0,113.237
32.8056,1,113.274
32.806,0,113.332
32.807,0,113.291
32.8079,1,113.24
32.8093,0,113.254
32.8098,1,113.21
32.8112,0,113.348
32.8122,1,113.309
32.8131,1,113.395
32.8136,0,113.304
32.8145,0,113.266
32.8155,1,113.346
32.8164,0,113.233
32.8174,1,113.303
32.8188,0,113.204
32.8197,1,113.265
32.8207,1,113.232
32.8211,0,113.303
32.8225,1,113.203
32.823,0,113.39
32.824,0,113.342
32.8249,1,113.177
32.8263,0,113.299
32.8268,1,113.155
32.8282,0,113.387
32.8292,1,113.261
32.8301,1,113.353
32.8306,0,113.338
32.832,1,113.184
32.8325,0,113.421
32.8334,0,113.368
32.8343,1,113.161
32.8358,0,113.322
32.8367,1,113.141
32.8377,0,113.282
32.8386,1,113.123
32.8395,1,113.108
32.84,0,113.622
32.841,0,113.669
32.8419,1,113.094
32.8428,0,113.835
32.8438,1,113.083
32.8452,0,113.981
32.8461,1,113.197
32.8471,1,113.298
32.8476,0,114.233
32.849,1,113.26
32.8495,0,114.329
32.8504,0,114.288
32.8513,1,113.228
32.8528,0,114.377
32.8532,1,113.199
32.8546,0,114.455
32.8556,1,113.174
32.8565,1,113.278
32.857,0,114.648
32.8579,0,114.567
32.8589,1,113.493
32.8598,0,114.621
32.8608,1,113.681
32.8622,0,114.794
32.8631,1,113.971
32.8641,0,114.944
32.865,1,114.225
32.866,1,114.322
32.8664,0,114.951
32.8674,0,114.832
32.8683,1,114.531
32.8697,0,114.853
32.8702,1,114.59
32.8716,0,114.872
32.8726,1,114.766
32.8735,1,114.67
32.874,0,114.888
32.8754,1,114.712
32.8759,0,114.902
32.8768,0,114.789
32.8778,1,114.748
32.8792,0,114.94
32.8797,1,114.779
32.8811,0,115.073
32.882,1,114.932
32.883,1,114.815
32.8834,0,115.189
32.8844,0,115.04
32.8853,1,114.963
32.8863,0,115.035
32.8872,1,114.968
32.8886,0,115.156
32.8896,1,115.097
32.8905,0,115.136
32.8915,1,115.085
32.8924,1,115.074
32.8929,0,115.119
32.8938,0,114.979
32.8948,1,115.065
32.8962,0,115.107
32.8967,1,115.057
32.8981,0,115.219
32.899,1,115.175
32.9,1,115.028
32.9004,0,115.316
32.9018,1,115.024
32.9023,0,115.277
32.9033,0,115.242
32.9042,1,115.021
32.9056,0,115.337
32.9066,1,115.144
32.9075,0,115.295
32.9085,1,115.126
32.9094,1,114.985
32.9099,0,115.258
32.9108,0,115.101
32.9118,1,114.987
32.9127,0,115.088
32.9136,1,114.989
32.9151,0,115.202
32.916,1,115.115
32.9169,1,114.976
32.9174,0,115.302
32.9188,1,114.979
32.9193,0,115.264
32.9203,0,115.106
32.9212,1,115.106
32.9226,0,115.218
32.9231,1,115.218
32.9245,0,115.191
32.9254,1,115.316
32.9264,1,115.151
32.9269,0,115.167
32.9283,1,115.132
32.9287,0,115.146
32.9297,0,115.128
32.9306,1,115.116
32.9321,0,115.237
32.933,1,115.101
32.9339,0,115.207
32.9349,1,115.089
32.9358,1,115.078
32.9363,0,115.181
32.9372,0,115.034
32.9382,1,115.193
32.9396,0,115.154
32.9401,1,115.294
32.9415,0,115.135
32.9424,1,115.382
32.9434,1,115.209
32.9439,0,115.118
32.9453,1,115.183
32.9457,0,115.103
32.9467,0,114.965
32.9476,1,115.285
32.949,0,115.095
32.9495,1,115.25
32.9509,0,115.083
32.9519,1,115.218
32.9528,1,115.066
32.9533,0,115.198
32.9542,0,115.048
32.9552,1,115.183
32.9561,0,115.167
32.9571,1,115.285
32.9585,0,115.271
32.9594,1,115.374
32.9604,0,115.237
32.9613,1,115.328
32.9623,1,115.287
32.9627,0,115.208
32.9637,0,115.057
32.9646,1,115.376
32.966,0,115.175
32.9665,1,115.329
32.9679,0,115.153
32.9689,1,115.288
32.9698,1,115.127
32.9703,0,115.259
32.9717,1,115.111
32.9722,0,115.226
32.9731,0,115.323
32.9741,1,115.222
32.9755,0,115.408
32.9764,1,115.319
32.9774,0,115.357
32.9783,1,115.279
32.9793,1,115.119
32.9797,0,115.312
32.9807,0,115.148
32.9816,1,115.23
32.9826,0,115.13
32.9835,1,115.201
32.9849,0,115.113
32.9859,1,115.176
32.9868,1,115.029
32.9873,0,115.224
32.9887,1,115.025
32.9892,0,115.321
32.9901,0,115.281
32.9911,1,115.147
32.9925,0,115.371
32.9929,1,115.129
32.9944,0,115.325
32.9953,1,115.238
32.9962,1,115.083
32.9967,0,115.284
32.9981,1,115.198
32.9986,0,115.248
32.9995,0,115.217
33.0005,1,115.173
33.0019,0,115.19
33.0029,1,115.151
33.0038,0,115.166
33.0047,1,115.132
33.0057,1,114.991
33.0062,0,115.271
33.0071,0,115.237
33.008,1,115.117
33.009,0,115.207
33.0099,1,115.102
33.0113,0,115.181
33.0123,1,115.215
33.0132,1,115.063
33.0137,0,115.159
33.0151,1,115.18
33.0156,0,115.139
33.0165,0,114.996
33.0175,1,115.282
33.0189,0,114.997
33.0194,1,115.247
33.0208,0,114.997
33.0217,1,115.216
33.0227,1,115.064
33.0231,0,115.123
33.0241,0,115.107
33.025,1,115.181
33.026,0,115.094
33.0269,1,115.159
33.0283,0,115.207
33.0293,1,115.264
33.0302,0,115.181
33.0312,1,115.231
33.0321,1,115.327
33.0326,0,115.159
33.0335,0,115.014
33.0345,1,115.411
33.0359,0,115.012
33.0364,1,115.36
33.0378,0,115.011
33.0387,1,115.315
33.0397,1,115.15
33.0401,0,115.134
33.0416,1,115.132
33.042,0,115.242
33.043,0,115.087
33.0439,1,115.115
33.0453,0,115.201
33.0458,1,115.101
33.0472,0,115.176
33.0482,1,115.213
33.0491,1,115.186
33.0496,0,115.279
33.0505,0,115.119
33.0515,1,115.288
33.0524,0,115.104
33.0534,1,115.252
33.0548,0,115.091
33.0557,1,115.221
33.0567,1,115.068
33.0571,0,115.205
33.0585,1,115.06
33.059,0,115.304
33.06,0,115.141
33.0609,1,115.052
33.0623,0,115.249
33.0628,1,115.046
33.0642,0,115.217
33.0652,1,115.165
33.0661,1,115.144
33.0666,0,115.315
33.068,1,115.126
33.0685,0,115.276
33.0694,0,115.241
33.0703,1,115.11
33.0718,0,115.211
33.0727,1,115.097
33.0737,0,115.185
33.0746,1,115.085
33.0755,1,114.949
33.076,0,115.287
33.077,0,115.126
33.0779,1,114.955
33.0788,0,115.11
33.0798,1,114.961
33.0812,0,115.096
33.0821,1,115.091
33.0831,1,115.079
33.0836,0,115.209
33.085,1,115.07
33.0855,0,115.183
33.0864,0,115.035
33.0873,1,115.186
33.0888,0,115.031
33.0892,1,115.163
33.0906,0,115.027
33.0916,1,115.142
33.0925,1,115
33.093,0,115.149
33.0939,0,115.005
33.0949,1,115
33.0958,0,115.004
33.0968,1,115
33.0982,0,115.129
33.0991,1,115.125
33.1001,0,115.238
33.101,1,115.234
33.102,1,115.205
33.1024,0,115.208
33.1034,0,115.057
33.1043,1,115.304
33.1057,0,115.05
33.1062,1,115.266
33.1076,0,115.044
33.1086,1,115.358
33.1095,1,115.188
33.11,0,115.038
33.1114,1,115.165
33.1119,0,115.033
33.1128,0,114.904
33.1138,1,115.144
33.1152,0,115.041
33.1157,1,115.126
33.1171,0,115.161
33.118,1,115.235
33.119,1,115.081
33.1194,0,115.266
33.1204,0,115.108
33.1213,1,115.196
33.1223,0,115.094
33.1232,1,115.171
33.1246,0,115.207
33.1256,1,115.275
33.1265,0,115.182
33.1275,1,115.241
33.1284,1,115.21
33.1289,0,115.159
33.1298,0,115.014
33.1308,1,115.184
33.1322,0,115.137
33.1327,1,115.161
33.1341,0,115.245
33.135,1,115.266
33.136,1,115.108
33.1364,0,115.339
33.1378,1,115.094
33.1383,0,115.297
33.1393,0,115.26
33.1402,1,115.082
33.1416,0,115.352
33.1426,1,115.197
33.1435,0,115.308
33.1445,1,115.173
33.1454,1,115.026
33.1459,0,115.27
33.1468,0,115.111
33.1478,1,115.023
33.1487,0,115.097
33.1496,1,115.02
33.1511,0,115.21
33.152,1,115.142
33.1529,1,115
33.1534,0,115.309
33.1548,1,115
33.1553,0,115.27
33.1563,0,115.111
33.1572,1,115.125
33.1586,0,115.222
33.1591,1,115.234
33.1605,0,115.195
33.1614,1,115.33
33.1624,1,115.164
33.1629,0,115.17
33.1643,1,115.143
33.1647,0,115.149
33.1657,0,115.13
33.1666,1,115.125
33.1681,0,115.239
33.169,1,115.11
33.1699,0,115.209
33.1709,1,115.096
33.1718,1,115.084
33.1723,0,115.183
33.1732,0,115.035
33.1742,1,115.198
33.1756,0,115.156
33.1761,1,115.299
33.1775,0,115.136
33.1784,1,115.386
33.1794,1,115.213
33.1799,0,115.119
33.1813,1,115.186
33.1817,0,115.104
33.1827,0,114.966
33.1836,1,115.288
33.185,0,115.096
33.1855,1,115.252
33.1869,0,115.084
33.1879,1,115.221
33.1888,1,115.068
33.1893,0,115.198
33.1902,0,115.048
33.1912,1,115.184
33.1921,0,115.167
33.1931,1,115.286
33.1945,0,115.271
33.1954,1,115.376
33.1964,0,115.237
33.1973,1,115.329
33.1983,1,115.288
33.1987,0,115.208
33.1997,0,115.057
33.2006,1,115.377
33.202,0,115.175
33.2025,1,115.33
33.2039,0,115.153
33.2049,1,115.288
33.2058,1,115.127
33.2063,0,115.259
33.2077,1,115.111
33.2082,0,115.226
33.2091,0,115.323
33.2101,1,115.222
33.2115,0,115.408
33.2124,1,115.32
33.2134,0,115.357
33.2143,1,115.28
33.2153,1,115.12
33.2157,0,115.312
33.2167,0,115.148
33.2176,1,115.23
33.2186,0,115.13
33.2195,1,115.201
33.2209,0,115.113
33.2219,1,115.176
33.2228,1,115.029
33.2233,0,115.224
33.2247,1,115.025
33.2252,0,115.321
33.2261,0,115.281
33.2271,1,115.147
33.2285,0,115.371
33.2289,1,115.129
33.2304,0,115.325
33.2313,1,115.238
33.2322,1,115.083
33.2327,0,115.284
33.2341,1,115.198
33.2346,0,115.248
33.2355,0,115.217
33.2365,1,115.173
33.2379,0,115.19
33.2389,1,115.151
33.2398,0,115.166
33.2407,1,115.132
33.2417,1,114.991
33.2422,0,115.271
33.2431,0,115.237
33.244,1,115.117
33.245,0,115.207
33.2459,1,115.102
33.2473,0,115.181
33.2483,1,115.215
33.2492,1,115.063
33.2497,0,115.159
33.2511,1,115.18
33.2516,0,115.139
33.2525,0,114.996
33.2535,1,115.282
33.2549,0,114.997
33.2554,1,115.247
33.2568,0,114.997
33.2577,1,115.216
33.2587,1,115.064
33.2591,0,115.123
33.2601,0,115.107
33.261,1,115.181
33.262,0,115.094
33.2629,1,115.159
33.2643,0,115.207
33.2653,1,115.264
33.2662,0,115.181
33.2672,1,115.231
33.2681,1,115.327
33.2686,0,115.159
33.2695,0,115.014
33.2705,1,115.411
33.2724,1,115.36
33.2747,1,115.315
33.2757,1,115.15
33.2776,1,115.132
33.2799,1,115.115
33.2818,1,115.101
33.2842,1,115.213
33.2851,1,115.186
33.2875,1,115.288
33.2894,1,115.252
33.2917,1,115.221
33.2927,1,115.068
33.2945,1,115.06
33.2969,1,115.052
33.2988,1,115.046
33.3012,1,115.165
33.3021,1,115.144
33.304,1,115.126
33.3063,1,115.11
33.3087,1,115.097
33.3106,1,115.085
33.3871,0,114.887
33.3894,0,114.901
33.3913,0,114.664
33.3923,0,114.331
33.3946,0,113.914
33.3965,0,113.425
33.3989,0,112.997
33.4012,0,112.622
33.4036,0,112.294
33.4064,0,112.133
33.4088,0,111.741
33.4125,0,111.523
33.4135,0,111.208
33.4163,0,110.932
33.4196,1,114.199
33.4201,0,110.816
33.4215,0,110.589
33.4225,1,113.549
33.4234,0,110.39
33.4243,1,112.855
33.4253,0,110.091
33.4258,1,111.999
33.4267,0,109.455
33.4277,1,111.124
33.4286,0,108.773
33.4295,1,110.233
33.4305,0,108.176
33.4314,1,109.329
33.4324,0,107.529
33.4338,1,108.538
33.4347,0,106.963
33.4357,1,107.846
33.4366,0,106.343
33.4376,1,107.115
33.4385,0,105.8
33.4395,1,106.476
33.4404,0,105.2
33.4409,1,105.666
33.4418,0,104.3
33.4428,1,104.708
33.4437,0,103.387
33.4446,1,103.869
33.4456,0,102.589
33.4465,1,103.011
33.4479,0,101.765
33.4489,1,102.134
33.4498,0,101.045
33.4508,1,101.368
33.4517,0,100.414
33.4527,1,100.572
33.4536,0,99.7374
33.4546,1,99.8752
33.455,0,99.0202
33.456,1,98.8908
33.4569,0,98.1427
33.4579,1,97.9044
33.4588,0,97.2498
33.4597,1,97.0414
33.4607,0,96.3436
33.4616,1,96.1612
33.4631,0,95.6756
33.464,1,95.3911
33.4649,0,94.8412
33.4659,1,94.5922
33.4668,0,94.111
33.4673,1,93.7682
33.4687,0,93.2222
33.4697,1,93.0471
33.4701,0,92.5694
33.4715,1,92.1662
33.472,0,91.9982
33.473,0,91.1234
33.4739,1,91.2705
33.4749,0,90.358
33.4763,1,90.6117
33.4767,0,89.9383
33.4777,0,89.446
33.4791,1,90.0352
33.4796,0,89.1402
33.481,0,88.7477
33.4819,1,89.5308
33.4829,0,88.4042
33.4838,1,89.0894
33.4848,0,88.1037
33.4857,1,88.5783
33.4867,0,87.7157
33.4876,1,88.131
33.4885,1,87.4896
33.489,0,87.5013
33.4904,1,87.0534
33.4909,0,87.0636
33.4923,1,86.5467
33.4933,1,85.9784
33.4942,0,86.9307
33.4951,0,86.4393
33.4961,0,86.0094
33.4966,1,85.7311
33.498,0,85.3832
33.4985,1,85.3897
33.4994,1,84.966
33.5003,1,84.5952
33.5013,1,84.2708
33.5022,0,84.9603
33.5032,0,84.5903
33.5041,1,83.987
33.5055,0,84.2665
33.506,1,83.9886
33.5074,0,83.9832
33.5079,1,83.865
33.5093,0,83.8603
33.5098,1,83.8819
33.5112,0,83.7528
33.5117,1,83.8967
33.5131,0,83.6587
33.5136,1,83.9096
33.515,0,83.4513
33.5154,1,83.9209
33.5169,0,83.2699
33.5173,1,83.9308
33.5187,0,83.1112
33.5192,1,83.9394
33.5206,0,82.9723
33.5211,1,83.947
33.5225,0,82.8507
33.523,1,83.8286
33.5244,0,82.8694
33.5249,1,83.85
33.5258,1,83.7438
33.5268,0,82.8857
33.5277,1,83.6508
33.5287,0,82.9
33.5296,1,83.5695
33.5305,0,82.9125
33.5315,1,83.4983
33.5324,0,82.9234
33.5334,1,83.436
33.5343,0,82.933
33.5353,1,83.3815
33.5362,0,82.9414
33.5376,1,83.3338
33.5381,0,83.1987
33.5395,1,83.4171
33.54,0,83.2989
33.5414,1,83.4899
33.5419,0,83.5115
33.5433,1,83.5537
33.5438,0,83.6976
33.5452,1,83.6095
33.5457,0,83.8604
33.5471,1,83.6583
33.5475,0,83.8778
33.549,1,83.576
33.5494,0,84.0181
33.5508,1,83.504
33.5513,0,84.1408
33.5527,1,83.441
33.5532,0,84.2482
33.5546,1,83.3859
33.5551,0,84.3422
33.556,0,84.2994
33.5575,1,83.4626
33.5579,0,84.387
33.5593,1,83.4048
33.5598,0,84.4636
33.5608,0,84.4057
33.5622,1,83.3542
33.5626,0,84.48
33.5636,0,84.42
33.565,1,83.4349
33.5655,0,84.4925
33.5669,1,83.3806
33.5674,0,84.5559
33.5688,1,83.333
33.5697,0,84.6114
33.5707,1,83.5414
33.5716,1,83.5987
33.5726,0,84.785
33.5735,1,83.7739
33.5744,0,84.8119
33.5754,1,83.9271
33.5763,1,83.9362
33.5773,0,85.0854
33.5782,0,84.9497
33.5792,0,84.831
33.5801,1,84.3192
33.5811,0,84.8521
33.582,0,84.7456
33.5825,1,84.5293
33.5834,1,84.5881
33.5844,1,84.6396
33.5853,1,84.6847
33.5867,0,84.6524
33.5877,0,84.5709
33.5881,1,84.9741
33.5895,0,84.4995
33.59,1,85.1023
33.5914,0,84.4371
33.5919,1,85.0895
33.5933,0,84.3824
33.5938,1,85.2033
33.5952,0,84.3346
33.5957,1,85.3029
33.5971,0,84.2928
33.5976,1,85.3901
33.599,0,84.2562
33.5995,1,85.4663
33.6009,0,84.2242
33.6013,1,85.533
33.6028,0,84.1961
33.6032,1,85.5914
33.6047,0,84.1716
33.6051,1,85.6425
33.6065,0,84.1502
33.607,1,85.6872
33.6084,0,84.1314
33.6089,1,85.7263
33.6098,1,85.6355
33.6113,0,84.24
33.6117,1,85.681
33.6131,0,84.335
33.6136,1,85.7209
33.6146,1,85.6308
33.6155,0,84.4181
33.6165,1,85.5519
33.6174,0,84.4908
33.6183,1,85.483
33.6193,0,84.5545
33.6202,1,85.4226
33.6212,0,84.6102
33.6221,1,85.3698
33.6231,0,84.6589
33.624,1,85.3235
33.6249,0,84.7015
33.6259,1,85.1581
33.6268,0,84.7388
33.6283,1,85.1383
33.6287,0,85.0215
33.6301,1,85.121
33.6306,0,85.2688
33.632,1,85.1059
33.6325,0,85.4852
33.6339,1,85.0927
33.6344,0,85.6746
33.6358,1,85.0811
33.6363,0,85.8402
33.6377,1,85.071
33.6382,0,85.9852
33.6396,1,85.0621
33.6401,0,86.1121
33.641,0,85.973
33.6424,1,85.0543
33.6429,0,85.9764
33.6443,1,85.0475
33.6448,0,86.1044
33.6457,0,86.0913
33.6471,1,85.0416
33.6476,0,86.2049
33.6485,0,86.1793
33.65,1,84.9114
33.6504,0,86.2819
33.6519,1,84.9225
33.6523,0,86.3716
33.6537,1,84.9322
33.6542,0,86.4502
33.6556,1,84.9406
33.6566,1,84.9481
33.657,0,86.6439
33.6585,1,84.9545
33.6594,0,86.6884
33.6603,1,85.2102
33.6613,1,85.309
33.6622,0,86.8524
33.6632,0,86.7458
33.6641,0,86.6526
33.6651,1,85.7703
33.666,0,86.696
33.667,0,86.484
33.6679,1,85.924
33.6688,1,85.9335
33.6698,1,85.9418
33.6707,1,85.9491
33.6717,0,86.9235
33.6726,0,86.8081
33.6736,0,86.7071
33.674,1,86.3305
33.6755,0,86.6187
33.6759,1,86.4142
33.6773,0,86.5413
33.6778,1,86.4874
33.6792,0,86.4737
33.6797,1,86.6765
33.6811,0,86.4145
33.6816,1,86.8419
33.683,0,86.3627
33.6835,1,86.9867
33.6849,0,86.3173
33.6854,1,87.1133
33.6868,0,86.2777
33.6873,1,87.2242
33.6887,0,86.2429
33.6891,1,87.3211
33.6906,0,86.2126
33.691,1,87.406
33.6924,0,86.186
33.6929,1,87.3553
33.6943,0,86.1628
33.6948,1,87.3108
33.6957,1,87.272
33.6972,0,86.1424
33.6976,1,87.363
33.6991,0,86.1246
33.6995,1,87.4426
33.7005,1,87.3873
33.7019,0,86.109
33.7024,1,87.4639
33.7038,0,86.0954
33.7042,1,87.5309
33.7057,0,86.0835
33.7061,1,87.5895
33.7071,1,87.5158
33.708,0,86.198
33.709,1,87.3264
33.7099,0,86.1733
33.7109,1,87.1606
33.7118,0,86.2766
33.7127,1,87.1405
33.7137,0,86.367
33.7146,1,86.9979
33.7156,0,86.4462
33.7165,1,86.8732
33.7175,0,86.5154
33.7184,1,86.764
33.7193,0,86.576
33.7208,1,86.7935
33.7212,0,86.879
33.7227,1,86.8193
33.7231,0,87.1441
33.7245,1,86.8419
33.725,0,87.3761
33.7264,1,86.8617
33.7269,0,87.4541
33.7278,0,87.3973
33.7293,1,86.879
33.7297,0,87.5977
33.7311,1,86.8941
33.7316,0,87.7729
33.7326,0,87.8013
33.734,1,86.7823
33.7345,0,87.9512
33.7354,0,87.9573
33.7368,1,86.8095
33.7373,0,88.0876
33.7387,1,86.8334
33.7392,0,88.2017
33.7406,1,86.8542
33.7411,0,88.3014
33.7425,1,86.8724
33.7434,1,86.8884
33.7439,0,88.3888
33.7453,1,86.9023
33.7458,0,88.3402
33.7472,1,86.9145
33.7481,1,86.9252
33.7486,0,88.4226
33.7496,0,88.2448
33.7505,0,88.0892
33.7519,1,86.8096
33.7529,0,88.0781
33.7538,0,87.9433
33.7547,1,87.0834
33.7557,1,87.1979
33.7566,1,87.2982
33.7576,1,87.3859
33.7585,0,88.4504
33.7595,0,88.3941
33.7604,0,88.3448
33.7614,1,87.8377
33.7623,0,88.4267
33.7632,1,87.983
33.7642,0,88.4984
33.7651,1,88.2351
33.7661,0,88.5611
33.767,1,88.4557
33.768,0,88.4909
33.7689,0,88.3046
33.7694,1,88.6487
33.7708,0,88.1415
33.7713,1,88.8177
33.7727,0,88.1238
33.7732,1,88.9654
33.7746,0,88.1083
33.775,1,89.0948
33.7765,0,88.0948
33.7769,1,89.0829
33.7783,0,88.0829
33.7788,1,89.0726
33.7802,0,88.0726
33.7807,1,89.0635
33.7821,0,88.0635
33.7826,1,89.1805
33.7835,1,89.158
33.785,0,87.9306
33.7854,1,89.2632
33.7868,0,87.8142
33.7873,1,89.3553
33.7883,1,89.3109
33.7897,0,87.8375
33.7901,1,89.397
33.7916,0,87.8578
33.792,1,89.4724
33.7935,0,87.8756
33.7939,1,89.4134
33.7949,1,89.2367
33.7963,0,87.8911
33.7968,1,89.2071
33.7982,0,88.0297
33.7986,1,89.3062
33.8001,0,88.151
33.8005,1,89.3929
33.8015,1,89.3438
33.8024,0,88.2571
33.8034,1,89.3008
33.8043,0,88.35
33.8053,1,89.2632
33.8062,0,88.4312
33.8071,1,89.2303
33.8081,0,88.5023
33.809,1,89.2015
33.81,0,88.4395
33.8109,1,89.0513
33.8119,0,88.3846
33.8128,1,88.9199
33.8137,0,88.3365
33.8147,1,88.8049
33.8156,0,88.4195
33.8166,0,88.492
33.8175,1,88.7043
33.8185,0,88.5555
33.8199,1,88.6163
33.8204,0,88.8611
33.8213,0,89.0034
33.8227,1,88.6642
33.8232,0,89.253
33.8241,0,89.3464
33.8255,1,88.7062
33.826,0,89.5531
33.8274,1,88.7429
33.8279,0,89.609
33.8293,1,88.7751
33.8298,0,89.6578
33.8312,1,88.8032
33.8322,1,88.8278
33.8326,0,89.8256
33.834,1,88.8493
33.8345,0,89.9724
33.8359,1,88.7431
33.8369,1,88.6503
33.8373,0,90.2259
33.8383,0,90.1976
33.8392,0,90.1729
33.8407,1,88.694
33.8411,0,90.2763
33.8421,0,90.2418
33.8435,1,88.7322
33.8444,1,88.7657
33.8454,1,88.795
33.8463,1,88.8206
33.8468,0,90.5865
33.8477,0,90.3882
33.8487,0,90.2147
33.8501,1,88.843
33.851,0,90.3129
33.852,1,88.9877
33.8529,0,90.2738
33.8539,1,89.1142
33.8548,0,90.2395
33.8558,1,89.2249
33.8567,0,90.2096
33.8576,0,90.1834
33.8586,1,89.4468
33.8595,0,90.2855
33.8605,1,89.641
33.8614,0,90.3748
33.8624,1,89.8108
33.8633,0,90.4529
33.8643,1,89.9595
33.8652,0,90.5213
33.8661,1,90.0895
33.8671,0,90.5812
33.868,0,90.5085
33.8685,1,90.3284
33.8699,0,90.3199
33.8704,1,90.5373
33.8718,0,90.155
33.8723,1,90.7201
33.8732,1,90.7551
33.8746,0,90.1356
33.8751,1,90.9107
33.8765,0,90.1186
33.877,1,90.9219
33.8779,1,90.8067
33.8794,0,90.1038
33.8798,1,90.8308
33.8812,0,90.0908
33.8817,1,90.852
33.8831,0,90.0795
33.8836,1,90.8705
33.8845,1,90.8867
33.886,0,89.9445
33.8864,1,91.0258
33.8879,0,89.8265
33.8883,1,91.1476
33.8897,0,89.7232
33.8902,1,91.2542
33.8912,1,91.2224
33.8926,0,89.7578
33.893,1,91.3196
33.8945,0,89.788
33.8949,1,91.2796
33.8963,0,89.8145
33.8968,1,91.2447
33.8982,0,89.8377
33.8987,1,91.2141
33.9001,0,89.983
33.9006,1,91.1873
33.9015,1,91.1639
33.9025,0,90.1101
33.9034,1,91.1434
33.9044,0,90.2214
33.9053,1,91.1255
33.9063,0,90.3187
33.9072,0,90.4039
33.9081,1,91.1098
33.9091,0,90.4784
33.91,1,91.0961
33.911,0,90.4186
33.9119,0,90.3663
33.9129,1,90.9591
33.9138,0,90.3205
33.9148,0,90.2804
33.9157,1,90.8392
33.9166,0,90.2454
33.9176,1,90.7343
33.9185,0,90.3397
33.9195,1,90.6425
33.9204,0,90.4222
33.9218,1,90.5622
33.9228,1,90.4919
33.9233,0,90.8694
33.9247,1,90.4304
33.9251,0,91.1358
33.9266,1,90.5016
33.9275,1,90.5639
33.928,0,91.3688
33.9289,0,91.3227
33.9299,0,91.2824
33.9313,1,90.6184
33.9317,0,91.3721
33.9327,0,91.3256
33.9341,1,90.6661
33.9351,1,90.7079
33.936,1,90.6194
33.9369,1,90.542
33.9374,0,91.7849
33.9384,0,91.8118
33.9393,0,91.8353
33.9407,1,90.4742
33.9412,0,91.9809
33.9426,1,90.5399
33.9431,0,91.9833
33.9445,1,90.5974
33.945,0,91.9854
33.9464,1,90.6478
33.9469,0,91.9872
33.9478,0,91.8638
33.9492,1,90.6918
33.9497,0,91.8808
33.9511,1,90.7303
33.9516,0,91.8957
33.953,1,90.639
33.9539,0,91.9087
33.9549,1,90.8091
33.9558,0,91.9202
33.9568,1,90.958
33.9577,0,91.9301
33.9587,0,91.8139
33.9596,1,91.2133
33.9605,0,91.8371
33.9615,1,91.4366
33.9624,0,91.9825
33.9634,1,91.632
33.9643,1,91.678
33.9653,0,92.2347
33.9662,1,91.8433
33.9671,0,92.3303
33.9681,1,91.9879
33.969,1,92.1144
33.97,0,92.4141
33.9709,1,92.2251
33.9719,0,92.3623
33.9728,0,92.192
33.9733,1,92.4469
33.9747,0,92.043
33.9752,1,92.6411
33.9761,1,92.6859
33.9775,0,92.0376
33.978,1,92.8502
33.9794,0,92.0329
33.9799,1,92.8689
33.9813,0,92.0288
33.9818,1,92.8853
33.9827,1,92.7746
33.9841,0,92.0252
33.9846,1,92.8028
33.986,0,92.0221
33.9865,1,92.8275
33.9879,0,91.8943
33.9884,1,92.974
33.9898,0,91.7825
33.9903,1,93.1023
33.9917,0,91.6847
33.9922,1,93.2145
33.9931,1,93.1877
33.9945,0,91.7241
33.995,1,93.1642
33.9964,0,91.7586
33.9969,1,93.1437
33.9983,0,91.7888
33.9992,0,91.8152
33.9997,1,93.2507
34.0011,0,91.8383
34.0016,1,93.2194
34.003,0,91.9835
34.004,0,91.9856
34.0044,1,93.317
34.0059,0,91.9874
34.0068,0,91.9889
34.0073,1,93.5273
34.0082,1,93.4614
34.0092,0,92.1153
34.0101,1,93.4037
34.011,0,92.2259
34.012,1,93.2283
34.0129,0,92.1977
34.0139,1,93.0747
34.0148,1,92.9404
34.0158,0,92.173
34.0167,1,92.8228
34.0177,0,92.1513
34.0186,1,92.72
34.0195,1,92.63
34.0205,0,92.2574
34.0214,0,92.3502
34.0224,0,92.4315
34.0233,1,92.5512
34.0243,0,92.5025
34.0252,0,92.5647
34.0261,1,92.4823
34.0271,1,92.422
34.028,1,92.4943
34.029,1,92.4325
34.0299,0,92.4941
34.0309,0,92.5574
34.0318,0,92.6127
34.0332,1,92.5034
34.0337,0,92.7861
34.0351,1,92.5655
34.0356,0,92.9378
34.037,1,92.6198
34.0375,0,93.0706
34.0389,1,92.5423
34.0394,0,93.3118
34.0403,0,93.3978
34.0417,1,92.4745
34.0422,0,93.5981
34.0436,1,92.4152
34.0441,0,93.7733
34.0455,1,92.4883
34.046,0,93.8017
34.0474,1,92.5523
34.0479,0,93.8264
34.0493,1,92.6082
34.0497,0,93.8481
34.0507,0,93.7421
34.0521,1,92.6572
34.0526,0,93.7744
34.054,1,92.5751
34.0545,0,93.8026
34.0559,1,92.5032
34.0568,1,92.4403
34.0573,0,93.9522
34.0587,1,92.3852
34.0592,0,93.9582
34.0606,1,92.3371
34.0615,1,92.42
34.0625,0,94.0884
34.0634,1,92.6175
34.0644,0,94.2024
34.0653,0,94.1771
34.0663,1,93.0403
34.0672,0,94.2799
34.0682,1,93.2852
34.0691,1,93.3746
34.07,0,94.495
34.071,1,93.4528
34.0719,0,94.4331
34.0729,1,93.5212
34.0738,0,94.3789
34.0748,1,93.706
34.0757,1,93.7428
34.0767,0,94.4566
34.0776,1,93.8999
34.0785,0,94.3995
34.0795,1,94.0374
34.0804,0,94.3496
34.0814,1,94.1578
34.0823,0,94.4309
34.0833,1,94.263
34.0842,0,94.502
34.0851,0,94.4393
34.0856,1,94.3552
34.0866,1,94.3108
34.088,0,94.2594
34.0885,1,94.3969
34.0899,0,94.1019
34.0903,1,94.5973
34.0918,0,93.9642
34.0927,0,93.8437
34.0932,1,94.8976
34.0946,0,93.7382
34.0951,1,95.0354
34.0965,0,93.6459
34.0974,0,93.6902
34.0979,1,95.156
34.0993,0,93.7289
34.1003,0,93.7628
34.1007,1,95.2615
34.1017,1,95.1038
34.1031,0,93.7925
34.1036,1,95.0908
34.105,0,93.6934
34.1054,1,95.0795
34.1069,0,93.7317
34.1073,1,95.1945
34.1083,1,95.1702
34.1097,0,93.7653
34.1102,1,95.2739
34.1116,0,93.7946
34.1121,1,95.3647
34.113,1,95.1941
34.1144,0,93.8203
34.1154,0,93.8427
34.1163,0,93.8624
34.1168,1,95.4198
34.1177,1,95.2424
34.1187,0,93.8796
34.1196,0,93.8946
34.1205,1,95.0871
34.1215,1,94.9512
34.1224,1,94.8323
34.1234,1,94.8533
34.1243,0,94.0328
34.1253,0,94.1537
34.1262,0,94.2595
34.1272,1,94.7466
34.1281,0,94.3521
34.129,1,94.6533
34.13,0,94.3081
34.1309,1,94.4466
34.1319,0,94.2695
34.1328,1,94.3908
34.1338,0,94.2359
34.1347,0,94.2064
34.1357,1,94.3419
34.1366,0,94.1806
34.1375,1,94.2992
34.1385,0,94.158
34.1394,1,94.2618
34.1404,0,94.2633
34.1413,1,94.2291
34.1423,0,94.3553
34.1437,1,94.2004
34.1441,0,94.6859
34.1451,0,94.8502
34.1465,1,94.1754
34.147,0,94.9939
34.1484,1,94.2785
34.1489,0,95.1197
34.1503,1,94.3686
34.1512,1,94.4476
34.1517,0,95.3547
34.1531,1,94.5166
34.1536,0,95.4354
34.155,1,94.577
34.1559,1,94.5049
34.1564,0,95.631
34.1578,1,94.4418
34.1583,0,95.6771
34.1593,0,95.5924
34.1607,1,94.3866
34.1611,0,95.6434
34.1626,1,94.3383
34.1635,1,94.296
34.164,0,95.688
34.1654,1,94.384
34.1659,0,95.602
34.1673,1,94.461
34.1677,0,95.6517
34.1692,1,94.5284
34.1701,1,94.5873
34.1706,0,95.8203
34.172,1,94.5139
34.1725,0,95.8427
34.1739,1,94.4497
34.1748,0,95.8624
34.1758,1,94.6434
34.1767,0,95.8796
34.1777,1,94.813
34.1786,0,95.8946
34.1795,0,95.7828
34.1805,1,95.0864
34.1814,1,95.2006
34.1824,0,95.935
34.1833,1,95.4255
34.1843,0,96.0681
34.1852,1,95.6223
34.1862,0,96.1846
34.1871,0,96.1615
34.188,1,95.9195
34.189,0,96.1413
34.1899,1,95.9296
34.1909,0,96.1236
34.1918,0,95.9832
34.1928,1,96.0634
34.1937,0,95.9853
34.1947,0,95.8621
34.1956,1,96.3055
34.1965,1,96.2673
34.1975,0,96.0044
34.1984,1,96.3589
34.1994,0,96.0038
34.2003,1,96.439
34.2013,0,96.1283
34.2022,0,96.1123
34.2027,1,96.5091
34.2036,1,96.4455
34.205,0,96.0983
34.2055,1,96.5148
34.2069,0,95.961
34.2074,1,96.5755
34.2083,1,96.5035
34.2098,0,95.8409
34.2107,0,95.7357
34.2116,0,95.6438
34.2121,1,96.9406
34.2131,1,96.948
34.2145,0,95.6883
34.2154,0,95.7273
34.2159,1,97.0795
34.2168,1,96.9446
34.2178,1,96.8265
34.2187,1,96.7232
34.2201,0,95.7614
34.2211,0,95.7912
34.222,0,95.8173
34.2225,1,97.0078
34.2239,0,95.7151
34.2244,1,97.0068
34.2258,0,95.7507
34.2263,1,97.006
34.2277,0,95.7819
34.2282,1,97.1302
34.2296,0,95.8092
34.2305,0,95.833
34.231,1,97.2389
34.2324,0,95.8539
34.2329,1,97.2091
34.2343,0,95.8721
34.2348,1,97.1829
34.2357,1,97.0351
34.2367,0,95.8881
34.2376,1,96.9057
34.2385,0,95.9021
34.2395,1,96.7925
34.2404,0,95.9143
34.2414,0,95.9251
34.2423,1,96.6934
34.2433,0,96.0594
34.2442,1,96.6067
34.2452,0,96.177
34.2461,1,96.5309
34.247,1,96.4645
34.248,0,96.1549
34.2489,1,96.2815
34.2499,0,96.1355
34.2508,1,96.1213
34.2518,1,96.1061
34.2527,0,96.1186
34.2537,1,96.0929
34.2546,0,96.1037
34.2555,0,96.0908
34.2565,1,96.0812
34.2574,0,96.0794
34.2584,1,96.0711
34.2593,1,96.0622
34.2603,0,96.1945
34.2612,1,96.0544
34.2621,0,96.2952
34.2636,1,96.0476
34.264,0,96.6333
34.2655,1,96.0417
34.2664,1,96.0365
34.2669,0,96.9291
34.2683,1,96.1569
34.2688,0,97.063
34.2702,1,96.2623
34.2706,0,97.1801
34.2721,1,96.3545
34.2725,0,97.2826
34.2739,1,96.3102
34.2744,0,97.3723
34.2754,0,97.3257
34.2768,1,96.2714
34.2777,1,96.2375
34.2782,0,97.535
34.2796,1,96.2078
34.2801,0,97.5931
34.2815,1,96.1818
34.282,0,97.519
34.2829,0,97.3291
34.2843,1,96.1591
34.2848,0,97.288
34.2862,1,96.2642
34.2867,0,97.377
34.2876,0,97.3299
34.2891,1,96.3562
34.2895,0,97.4136
34.2905,0,97.3619
34.2919,1,96.3117
34.2928,1,96.2727
34.2933,0,97.5667
34.2947,1,96.2386
34.2957,0,97.6208
34.2966,1,96.4588
34.2975,0,97.6682
34.2985,0,97.5847
34.2994,1,96.7764
34.3004,1,96.9294
34.3013,0,97.7616
34.3023,1,97.1882
34.3032,0,97.7914
34.3042,1,97.4147
34.3051,1,97.4878
34.306,0,98.0675
34.307,0,97.9341
34.3079,0,97.8173
34.3089,1,97.8019
34.3098,1,97.7016
34.3108,0,97.9651
34.3117,0,97.8445
34.3127,1,97.8639
34.3136,1,97.8809
34.3145,1,97.8958
34.3155,1,97.9088
34.3164,0,98.2389
34.3174,0,98.0841
34.3183,0,97.9486
34.3193,1,98.2952
34.3202,0,97.955
34.3211,1,98.3833
34.3221,0,98.0856
34.323,1,98.4604
34.324,0,98.0749
34.3249,1,98.4029
34.3259,0,98.0655
34.3268,0,97.9324
34.3278,0,97.8158
34.3282,1,98.6025
34.3296,0,97.7138
34.3301,1,98.7772
34.3315,0,97.6246
34.332,1,98.93
34.3329,1,98.8138
34.3344,0,97.6715
34.3348,1,98.8371
34.3363,0,97.7126
34.3367,1,98.8574
34.3381,0,97.7485
34.3391,0,97.7799
34.3396,1,99.0002
34.341,0,97.6825
34.3414,1,99.0002
34.3429,0,97.5971
34.3433,1,99.0002
34.3443,1,98.8752
34.3457,0,97.6475
34.3462,1,98.8908
34.3476,0,97.6916
34.3481,1,99.0294
34.349,1,98.9007
34.3504,0,97.7301
34.3509,1,98.9132
34.3523,0,97.7639
34.3532,0,97.7934
34.3537,1,99.049
34.3551,0,97.8192
34.3556,1,99.0429
34.3565,1,98.9125
34.358,0,97.7168
34.3584,1,98.9235
34.3594,1,98.808
34.3603,0,97.7522
34.3613,1,98.707
34.3622,0,97.7832
34.3632,1,98.6186
34.3641,1,98.5413
34.365,0,97.9353
34.366,1,98.3486
34.3669,0,97.9434
34.3679,1,98.1801
34.3688,0,97.9504
34.3698,1,98.0326
34.3707,0,97.9566
34.3717,1,98.0285
34.3726,0,97.9621
34.3735,0,97.9668
34.3745,1,98.0249
34.3754,1,98.0218
34.3764,0,97.971
34.3773,1,98.0191
34.3783,0,97.9746
34.3792,1,98.0167
34.3801,0,98.1028
34.3811,0,98.2149
34.382,1,98.0146
34.383,0,98.188
34.3839,1,97.8878
34.3849,0,98.1645
34.3858,0,98.144
34.3868,1,97.7768
34.3877,0,98.126
34.3886,0,98.1102
34.3896,1,97.8047
34.3905,1,97.8291
34.3915,0,98.0965
34.3929,1,97.8505
34.3934,0,98.3344
34.3948,1,97.8692
34.3953,0,98.5426
34.3962,0,98.5998
34.3976,1,97.8855
34.3986,1,97.8998
34.399,0,98.8998
34.4004,1,97.9124
34.4009,0,98.9123
34.4023,1,97.9233
34.4033,1,97.9329
34.4037,0,99.0483
34.4047,0,98.9172
34.4056,0,98.9276
34.4071,1,98.0663
34.408,1,98.058
34.4085,0,99.1866
34.4094,0,99.1633
34.4108,1,98.0507
34.4118,1,98.0444
34.4127,1,98.0389
34.4137,1,98.034
34.4141,0,99.6429
34.4151,0,99.5625
34.416,0,99.4922
34.4174,1,98.0297
34.4179,0,99.4307
34.4193,1,98.026
34.4198,0,99.3769
34.4212,1,98.0228
34.4217,0,99.3297
34.4231,1,98.1449
34.4236,0,99.4135
34.4245,0,99.3618
34.4255,0,99.3166
34.4269,1,98.1268
34.4278,0,99.402
34.4288,1,98.361
34.4297,0,99.4768
34.4307,1,98.5658
34.4316,1,98.6201
34.4325,0,99.6672
34.4335,1,98.9176
34.4344,0,99.7088
34.4354,1,99.1779
34.4363,0,99.7452
34.4373,0,99.652
34.4382,1,99.5307
34.4391,0,99.6955
34.4401,1,99.7143
34.441,0,99.8586
34.442,1,99.75
34.4429,1,99.6563
34.4439,0,100.001
34.4448,1,99.6992
34.4458,0,100.001
34.4467,1,99.7368
34.4476,1,99.6447
34.4486,0,100.126
34.4495,1,99.8141
34.4505,0,100.11
34.4514,0,99.9714
34.4524,1,100.087
34.4533,0,99.975
34.4543,1,100.201
34.4552,1,100.176
34.4561,0,100.103
34.4571,1,100.279
34.458,1,100.244
34.459,0,100.215
34.4599,0,100.063
34.4604,1,100.339
34.4618,0,99.9304
34.4623,1,100.421
34.4632,1,100.369
34.4646,0,99.8141
34.4651,1,100.448
34.4665,0,99.8374
34.467,1,100.517
34.4684,0,99.8577
34.4689,1,100.577
34.4703,0,99.8755
34.4708,1,100.63
34.4722,0,99.891
34.4731,0,99.9047
34.4736,1,100.801
34.4745,1,100.701
34.476,0,99.7916
34.4764,1,100.738
34.4779,0,99.6926
34.4783,1,100.771
34.4797,0,99.606
34.4807,0,99.5303
34.4812,1,100.925
34.4826,0,99.589
34.483,1,100.934
34.4845,0,99.6404
34.4854,0,99.6853
34.4859,1,101.067
34.4873,0,99.7247
34.4882,0,99.7591
34.4887,1,101.184
34.4897,1,101.036
34.4911,0,99.7892
34.4915,1,101.031
34.4925,1,100.903
34.4934,0,99.8155
34.4944,1,100.79
34.4953,0,99.8386
34.4963,0,99.8588
34.4972,1,100.691
34.4981,1,100.605
34.4991,0,99.8764
34.5,1,100.529
34.501,0,99.8919
34.5019,1,100.338
34.5029,1,100.171
34.5038,0,99.9054
34.5048,0,99.9172
34.5057,0,99.9276
34.5066,1,100.024
34.5076,1,100.021
34.5085,0,99.9366
34.5095,0,99.9445
34.5104,1,100.019
34.5114,1,100.016
34.5123,1,100.014
34.5133,1,100.012
34.5142,0,99.9515
34.5151,0,99.9575
34.5161,0,99.9628
34.517,1,100.011
34.518,0,99.9675
34.5189,1,99.8846
34.5199,0,99.9716
34.5208,1,99.774
34.5217,0,99.9751
34.5227,1,99.6772
34.5236,0,99.9782
34.5246,0,99.9809
34.5255,0,99.9833
34.5265,1,99.7176
34.5274,0,99.9854
34.5284,1,99.7529
34.5293,0,99.9872
34.5307,1,99.7838
34.5317,1,99.8108
34.5321,0,100.364
34.5335,1,99.8345
34.534,0,100.568
34.5354,1,99.8551
34.5359,0,100.622
34.5369,0,100.545
34.5383,1,99.8732
34.5387,0,100.601
34.5402,1,99.8891
34.5406,0,100.651
34.542,1,100.028
34.543,1,100.024
34.5435,0,100.82
34.5449,1,100.021
34.5453,0,100.967
34.5468,1,100.019
34.5477,1,100.016
34.5482,0,101.221
34.5496,1,100.014
34.5501,0,101.319
34.551,0,101.279
34.5524,1,100.013
34.5529,0,101.244
34.5543,1,100.011
34.5553,1,100.01
34.5557,0,101.339
34.5571,1,100.008
34.5581,1,100.007
34.5586,0,101.421
34.5595,0,101.369
34.5609,1,100.006
34.5614,0,101.448
34.5628,1,100.006
34.5638,1,100.13
34.5647,0,101.642
34.5656,1,100.364
34.5666,0,101.686
34.5675,1,100.568
34.5685,0,101.726
34.5694,1,100.872
34.5704,0,101.76
34.5713,1,101.138
34.5723,0,101.79
34.5732,0,101.691
34.5741,1,101.496
34.5751,1,101.559
34.576,0,101.855
34.577,1,101.614
34.5779,0,101.873
34.5789,1,101.662
34.5798,0,101.889
34.5807,0,101.778
34.5817,1,101.83
34.5826,0,101.805
34.5836,1,101.851
34.5845,0,101.83
34.5855,0,101.726
34.5864,1,101.994
34.5874,0,101.76
34.5883,0,101.665
34.5892,1,102.245
34.5902,1,102.215
34.5911,0,101.832
34.5921,1,102.313
34.593,1,102.274
34.594,0,101.853
34.5949,1,102.239
34.5959,0,101.871
34.5968,0,101.763
34.5977,1,102.334
34.5987,1,102.168
34.5996,0,101.917
34.6006,1,102.147
34.6015,0,101.928
34.6025,1,102.128
34.6034,1,102.112
34.6043,0,102.187
34.6053,0,102.163
34.6062,0,102.143
34.6072,0,102.125
34.6077,1,102.473
34.6086,1,102.414
34.61,0,102.109
34.611,0,101.971
34.6114,1,102.612
34.6124,1,102.536
34.6133,1,102.469
34.6143,1,102.41
34.6157,0,101.849
34.6166,0,101.743
34.6176,0,101.65
34.618,1,102.734
34.6195,0,101.694
34.6199,1,102.642
34.6213,0,101.732
34.6218,1,102.687
34.6232,0,101.766
34.6237,1,102.726
34.6251,0,101.795
34.6261,0,101.821
34.627,0,101.843
34.6275,1,103.01
34.6289,0,101.738
34.6294,1,103.009
34.6308,0,101.645
34.6313,1,103.008
34.6322,1,102.882
34.6336,0,101.565
34.6341,1,102.897
34.6355,0,101.494
34.636,1,102.785
34.6369,1,102.562
34.6379,0,101.557
34.6388,0,101.613
34.6397,1,102.366
34.6407,0,101.661
34.6416,1,102.196
34.6426,0,101.703
34.6435,1,102.046
34.6445,1,102.04
34.6454,0,101.741
34.6464,1,102.035
34.6473,0,101.773
34.6482,1,102.031
34.6492,1,102.027
34.6501,0,101.801
34.6511,1,102.024
34.652,0,101.826
34.653,0,101.723
34.6539,1,101.896
34.6549,0,101.758
34.6558,1,101.784
34.6567,1,101.686
34.6577,0,101.788
34.6586,1,101.6
34.6596,1,101.525
34.6605,0,101.814
34.6615,0,101.838
34.6624,1,101.584
34.6633,0,101.858
34.6643,1,101.636
34.6652,1,101.682
34.6662,0,101.876
34.6671,1,101.722
34.6681,0,101.891
34.669,1,101.756
34.67,0,101.78
34.6709,1,101.662
34.6718,0,101.682
34.6728,1,101.579
34.6737,0,101.597
34.6747,0,101.522
34.6756,1,101.507
34.6766,1,101.443
34.6775,0,101.457
34.6785,1,101.513
34.6794,0,101.525
34.6803,1,101.574
34.6813,0,101.584
34.6822,0,101.761
34.6836,1,101.627
34.6841,0,102.041
34.6855,1,101.674
34.686,0,102.286
34.6869,0,102.25
34.6884,1,101.715
34.6888,0,102.344
34.6898,0,102.301
34.6912,1,101.75
34.6921,1,101.781
34.6926,0,102.513
34.694,1,101.809
34.695,1,101.708
34.6954,0,102.699
34.6969,1,101.744
34.6973,0,102.862
34.6983,0,102.879
34.6997,1,101.776
34.7006,1,101.804
34.7011,0,103.144
34.7025,1,101.829
34.703,0,103.126
34.7044,1,101.85
34.7054,1,101.869
34.7058,0,103.235
34.7068,0,103.081
34.7077,0,102.946
34.7087,0,102.828
34.7101,1,102.01
34.711,1,102.134
34.7115,0,102.974
34.7124,0,102.852
34.7139,1,102.117
34.7148,1,102.228
34.7157,1,102.324
34.7167,1,102.409
34.7176,0,103.371
34.7186,0,103.324
34.7195,0,103.284
34.7205,1,102.858
34.7214,0,103.373
34.7223,1,103
34.7233,0,103.452
34.7242,1,103.25
34.7252,0,103.52
34.7261,1,103.469
34.7271,0,103.58
34.728,0,103.508
34.729,0,103.319
34.7299,1,103.785
34.7308,0,103.279
34.7318,1,103.812
34.7327,0,103.369
34.7337,1,103.836
34.7346,1,103.731
34.7356,0,103.573
34.7365,1,103.765
34.7375,0,103.627
34.7384,1,103.794
34.7393,1,103.82
34.7403,0,103.798
34.7412,0,103.823
34.7422,1,104.092
34.7431,0,103.971
34.7441,1,104.206
34.745,0,104.099
34.7459,1,104.18
34.7469,1,104.033
34.7478,0,104.212
34.7488,1,104.029
34.7497,0,104.185
34.7507,1,104.025
34.7516,1,103.897
34.7526,0,104.287
34.7535,1,103.91
34.7544,0,104.251
34.7554,0,104.095
34.7563,1,104.046
34.7573,0,104.208
34.7582,1,104.165
34.7592,1,104.145
34.7601,0,104.432
34.7611,1,104.252
34.762,1,104.095
34.7629,0,104.503
34.7639,0,104.315
34.7648,0,104.151
34.7653,1,104.333
34.7667,0,104.007
34.7672,1,104.417
34.7681,1,104.364
34.7695,0,103.881
34.77,1,104.444
34.7714,0,103.771
34.7719,1,104.388
34.7733,0,103.8
34.7738,1,104.34
34.7752,0,103.825
34.7757,1,104.422
34.7771,0,103.847
34.778,0,103.866
34.7785,1,104.62
34.7795,1,104.542
34.7809,0,103.757
34.7813,1,104.599
34.7828,0,103.663
34.7832,1,104.649
34.7847,0,103.58
34.7856,0,103.507
34.7861,1,104.818
34.7875,0,103.444
34.788,1,104.716
34.7894,0,103.389
34.7903,0,103.465
34.7908,1,104.751
34.7922,0,103.532
34.7931,0,103.59
34.7936,1,104.783
34.7946,1,104.56
34.7955,1,104.365
34.7965,0,103.642
34.7974,1,104.194
34.7983,1,104.17
34.7993,0,103.686
34.8002,1,104.149
34.8012,0,103.726
34.8021,0,103.76
34.8031,1,104.13
34.804,1,104.114
34.8049,0,103.665
34.8059,1,103.975
34.8068,0,103.707
34.8078,1,103.853
34.8087,1,103.746
34.8097,0,103.743
34.8106,0,103.776
34.8116,0,103.804
34.8125,0,103.828
34.8134,1,103.653
34.8144,1,103.571
34.8153,0,103.85
34.8163,0,103.868
34.8172,1,103.625
34.8182,1,103.672
34.8191,1,103.713
34.8201,1,103.749
34.821,0,103.76
34.8219,0,103.665
34.8229,0,103.582
34.8238,1,103.655
34.8248,0,103.509
34.8257,1,103.573
34.8267,0,103.445
34.8276,1,103.502
34.8285,0,103.39
34.8295,1,103.439
34.8304,0,103.341
34.8314,0,103.298
34.8323,0,103.386
34.8333,1,103.509
34.8342,0,103.463
34.8352,1,103.57
34.8361,0,103.53
34.837,1,103.624
34.838,1,103.546
34.8389,0,103.464
34.8399,1,103.478
34.8408,0,103.406
34.8418,1,103.418
34.8427,1,103.366
34.8437,0,103.355
34.8446,0,103.311
34.8455,1,103.32
34.8465,0,103.272
34.8479,1,103.28
34.8484,0,103.488
34.8498,1,103.37
34.8507,1,103.449
34.8512,0,103.802
34.8526,1,103.518
34.8531,0,104.077
34.8545,1,103.578
34.8555,1,103.631
34.8559,0,104.317
34.8573,1,103.677
34.8578,0,104.402
34.8588,0,104.352
34.8602,1,103.717
34.8606,0,104.433
34.8621,1,103.753
34.863,1,103.784
34.8635,0,104.629
34.8649,1,103.686
34.8658,1,103.725
34.8663,0,104.8
34.8673,0,104.825
34.8682,0,104.847
34.8696,1,103.759
34.8701,0,104.991
34.8715,1,103.789
34.8724,1,103.816
34.8729,0,105.117
34.8743,1,103.839
34.8748,0,105.103
34.8762,1,103.984
34.8767,0,105.09
34.8781,1,104.111
34.8786,0,105.079
34.88,1,104.097
34.8809,0,105.069
34.8819,0,104.935
34.8828,1,104.46
34.8838,1,104.527
34.8847,0,105.068
34.8857,1,104.711
34.8866,0,105.185
34.8875,1,104.873
34.8885,0,105.287
34.8894,0,105.251
34.8904,1,105.138
34.8913,0,105.344
34.8923,1,105.246
34.8932,0,105.426
34.8942,0,105.373
34.8951,1,105.59
34.896,0,105.451
34.897,0,105.27
34.8979,1,105.767
34.8989,1,105.671
34.8998,1,105.587
34.9008,0,105.486
34.9017,1,105.639
34.9027,1,105.559
34.9036,0,105.675
34.9045,1,105.614
34.9055,0,105.716
34.9064,0,105.627
34.9074,1,105.787
34.9083,1,105.689
34.9093,0,105.798
34.9102,1,105.728
34.9111,0,105.948
34.9121,1,105.887
34.913,1,105.901
34.914,0,106.08
34.9149,0,105.945
34.9159,0,105.827
34.9168,0,105.723
34.9178,1,106.288
34.9187,1,106.127
34.9196,0,105.883
34.9206,0,105.773
34.9215,1,106.236
34.9225,1,106.082
34.9234,1,105.947
34.9244,1,105.828
34.9253,0,106.176
34.9263,0,106.154
34.9272,0,106.135
34.9281,1,106.1
34.9291,0,106.243
34.93,1,106.212
34.931,0,106.213
34.9319,1,106.186
34.9329,0,106.186
34.9338,1,106.163
34.9347,0,106.163
34.9357,0,106.017
34.9366,0,105.89
34.9376,0,105.779
34.9381,1,106.517
34.9395,0,105.682
34.9399,1,106.453
34.9414,0,105.596
34.9418,1,106.396
34.9428,1,106.221
34.9442,0,105.647
34.9447,1,106.319
34.9461,0,105.691
34.9465,1,106.404
34.9475,1,106.353
34.9489,0,105.605
34.9499,0,105.529
34.9503,1,106.559
34.9517,0,105.463
34.9522,1,106.614
34.9536,0,105.405
34.9541,1,106.663
34.955,1,106.58
34.9565,0,105.354
34.9569,1,106.507
34.9583,0,105.31
34.9588,1,106.444
34.9598,1,106.263
34.9612,0,105.396
34.9617,1,106.23
34.9631,0,105.472
34.964,0,105.538
34.9645,1,106.327
34.9659,0,105.471
34.9664,1,106.286
34.9673,1,106.125
34.9687,0,105.412
34.9692,1,106.109
34.9701,1,106.096
34.9711,1,106.084
34.972,0,105.485
34.973,0,105.425
34.9739,0,105.372
34.9749,1,105.948
34.9758,0,105.325
34.9768,1,105.83
34.9777,1,105.726
34.9786,0,105.409
34.9796,1,105.635
34.9805,0,105.483
34.9815,1,105.556
34.9824,0,105.548
34.9834,1,105.486
34.9843,0,105.604
34.9853,1,105.551
34.9862,0,105.654
34.9871,0,105.697
34.9881,1,105.607
34.989,1,105.656
34.99,0,105.61
34.9909,1,105.574
34.9919,0,105.534
34.9928,1,105.502
34.9937,0,105.467
34.9947,0,105.409
34.9956,1,105.439
34.9966,0,105.358
34.9975,1,105.384
34.9985,0,105.313
34.9994,0,105.274
35.0004,1,105.336
35.0013,0,105.24
35.0022,0,105.335
35.0032,1,105.419
35.0041,1,105.492
35.0051,1,105.555
35.006,0,105.418
35.007,1,105.486
35.0079,1,105.425
35.0089,0,105.366
35.0098,1,105.372
35.0107,0,105.32
35.0117,0,105.28
35.0126,1,105.326
35.0136,1,105.285
35.0145,0,105.245
35.0155,1,105.249
35.0164,0,105.214
35.0173,1,105.218
35.0183,1,105.191
35.0192,0,105.312
35.0202,0,105.398
35.0211,0,105.474
35.0221,0,105.539
35.023,1,105.292
35.024,1,105.255
35.0249,0,105.472
35.0258,0,105.413
35.0268,1,105.224
35.0277,1,105.196
35.0287,1,105.171
35.0296,1,105.15
35.0306,0,105.361
35.0315,0,105.316
35.0325,0,105.402
35.0339,1,105.131
35.0343,0,105.601
35.0358,1,105.115
35.0362,0,105.776
35.0376,1,105.225
35.0381,0,106.054
35.0395,1,105.322
35.04,0,106.297
35.0409,0,106.26
35.0419,0,106.228
35.0428,0,106.199
35.0443,1,105.407
35.0447,0,106.299
35.0461,1,105.606
35.0466,0,106.387
35.048,1,105.78
35.049,1,105.808
35.0494,0,106.589
35.0509,1,105.832
35.0513,0,106.64
35.0527,1,105.853
35.0537,1,105.871
35.0542,0,106.81
35.0551,0,106.834
35.0565,1,105.887
35.057,0,106.855
35.0584,1,105.901
35.0589,0,106.873
35.0603,1,105.914
35.0612,1,105.924
35.0617,0,107.014
35.0631,1,106.059
35.0636,0,107.012
35.065,1,106.177
35.066,1,106.279
35.0669,0,107.135
35.0679,1,106.495
35.0688,0,107.119
35.0697,0,106.979
35.0707,1,106.808
35.0716,0,106.981
35.0726,1,106.957
35.0735,1,106.962
35.0745,0,107.234
35.0754,1,107.092
35.0763,1,107.08
35.0773,1,107.07
35.0782,0,107.579
35.0792,0,107.507
35.0801,0,107.569
35.0811,1,107.437
35.082,0,107.748
35.083,1,107.507
35.0839,1,107.444
35.0848,0,107.904
35.0858,1,107.513
35.0867,0,107.916
35.0877,1,107.574
35.0886,0,107.927
35.0896,1,107.627
35.0905,0,107.936
35.0915,1,107.674
35.0924,0,107.944
35.0933,0,107.826
35.0943,1,107.84
35.0952,1,107.735
35.0962,0,107.973
35.0971,1,107.768
35.0981,0,108.101
35.099,1,107.922
35.0999,0,108.088
35.1009,0,107.952
35.1018,1,108.057
35.1028,0,107.958
35.1037,1,108.05
35.1047,0,107.964
35.1056,0,107.843
35.1066,1,108.168
35.1075,0,107.863
35.1084,0,107.755
35.1094,1,108.272
35.1103,1,108.113
35.1113,1,107.974
35.1122,0,108.035
35.1132,1,107.977
35.1141,1,107.98
35.1151,0,108.156
35.116,1,107.983
35.1169,0,108.137
35.1179,0,107.994
35.1188,1,108.11
35.1198,1,107.971
35.1207,0,108.12
35.1217,1,107.975
35.1226,0,108.105
35.1235,1,107.978
35.1245,1,107.856
35.1254,0,108.217
35.1264,0,108.065
35.1273,0,107.932
35.1283,0,107.815
35.1292,1,108.249
35.1302,1,108.093
35.1311,0,107.963
35.132,0,107.968
35.133,1,108.206
35.1339,1,108.055
35.1349,1,107.923
35.1358,1,107.808
35.1368,0,108.347
35.1377,0,108.179
35.1387,0,108.031
35.1396,0,107.902
35.1401,1,108.207
35.1415,0,107.79
35.142,1,108.181
35.1434,0,107.691
35.1438,1,108.158
35.1453,0,107.605
35.1457,1,108.139
35.1471,0,107.529
35.1481,0,107.588
35.149,0,107.639
35.15,0,107.559
35.1505,1,108.496
35.1519,0,107.49
35.1523,1,108.434
35.1538,0,107.428
35.1542,1,108.38
35.1552,1,108.207
35.1566,0,107.375
35.1571,1,108.307
35.1585,0,107.328
35.1589,1,108.268
35.1599,1,108.11
35.1613,0,107.287
35.1623,0,107.251
35.1627,1,108.221
35.1641,0,107.345
35.1646,1,108.193
35.166,0,107.427
35.1665,1,108.169
35.1674,1,108.023
35.1684,1,107.895
35.1693,0,107.498
35.1703,1,107.783
35.1712,0,107.561
35.1722,1,107.685
35.1731,1,107.725
35.1741,0,107.616
35.175,1,107.634
35.1759,0,107.539
35.1769,0,107.472
35.1778,1,107.555
35.1788,0,107.413
35.1797,1,107.485
35.1807,1,107.425
35.1816,0,107.361
35.1825,1,107.372
35.1835,1,107.325
35.1844,1,107.285
35.1854,0,107.316
35.1863,0,107.276
35.1873,0,107.242
35.1882,1,107.249
35.1892,0,107.212
35.1901,1,107.343
35.191,1,107.425
35.192,0,107.185
35.1929,1,107.372
35.1939,0,107.162
35.1948,1,107.325
35.1958,0,107.142
35.1967,1,107.285
35.1977,0,107.124
35.1986,1,107.249
35.1995,0,107.109
35.2005,0,107.095
35.2014,1,107.218
35.2024,1,107.191
35.2033,0,107.083
35.2043,1,107.167
35.2052,0,107.073
35.2061,1,107.146
35.2071,0,107.189
35.208,0,107.29
35.209,1,107.128
35.2099,0,107.254
35.2109,1,107.112
35.2118,0,107.222
35.2128,0,107.194
35.2137,1,107.098
35.2146,0,107.17
35.2156,0,107.149
35.2165,1,107.086
35.2175,1,107.075
35.2184,1,107.066
35.2194,0,107.13
35.2203,1,107.057
35.2213,1,107.05
35.2222,0,107.114
35.2231,1,107.169
35.2241,0,107.225
35.225,0,107.322
35.226,1,107.148
35.2269,1,107.129
35.2279,0,107.281
35.2288,1,107.113
35.2297,0,107.246
35.2307,1,107.099
35.2316,1,107.087
35.2326,0,107.215
35.2335,0,107.189
35.2345,0,107.165
35.2354,0,107.144
35.2364,1,107.076
35.2373,1,107.066
35.2382,0,107.126
35.2392,0,107.11
35.2401,1,107.183
35.2411,1,107.285
35.242,1,107.375
35.243,1,107.328
35.2439,0,107.097
35.2449,0,107.21
35.2458,0,107.308
35.2467,0,107.395
35.2482,1,107.412
35.2486,0,107.595
35.25,1,107.61
35.2505,0,107.771
35.2519,1,107.659
35.2524,0,107.925
35.2538,1,107.702
35.2543,0,108.059
35.2552,0,108.052
35.2562,0,108.045
35.2571,0,108.04
35.2585,1,107.739
35.259,0,108.285
35.2604,1,107.772
35.2609,0,108.374
35.2623,1,107.8
35.2633,1,107.825
35.2637,0,108.577
35.2651,1,107.847
35.2656,0,108.63
35.267,1,107.991
35.268,1,107.992
35.2685,0,108.801
35.2694,0,108.701
35.2708,1,107.993
35.2713,0,108.739
35.2727,1,107.994
35.2732,0,108.771
35.2746,1,107.995
35.2755,1,107.995
35.2765,1,107.996
35.2774,0,109.05
35.2784,1,108.246
35.2793,0,109.169
35.2803,1,108.466
35.2812,1,108.532
35.2821,0,109.398
35.2831,1,108.716
35.284,0,109.473
35.285,0,109.414
35.2859,1,109.001
35.2869,0,109.487
35.2878,1,109.126
35.2887,1,109.11
35.2897,0,109.676
35.2906,1,109.222
35.2916,1,109.194
35.2925,1,109.17
35.2935,0,109.967
35.2944,0,109.846
35.2954,0,109.74
35.2963,1,109.523
35.2972,0,109.773
35.2982,1,109.583
35.2991,1,109.51
35.3001,0,109.926
35.301,1,109.571
35.302,0,109.935
35.3029,1,109.625
35.3039,0,109.943
35.3048,1,109.672
35.3057,0,109.95
35.3067,1,109.713
35.3076,0,109.957
35.3086,0,109.837
35.3095,1,109.874
35.3105,1,109.765
35.3114,0,109.982
35.3123,1,109.794
35.3133,0,109.985
35.3142,1,109.82
35.3152,0,109.987
35.3161,0,109.863
35.3171,1,109.967
35.318,0,109.88
35.319,1,109.971
35.3199,0,109.895
35.3208,0,109.783
35.3218,1,110.1
35.3227,0,109.81
35.3237,0,109.709
35.3246,1,110.212
35.3256,1,110.061
35.3265,1,109.928
35.3275,0,109.995
35.3284,1,109.937
35.3293,1,109.82
35.3303,0,110.121
35.3312,1,109.843
35.3322,0,110.106
35.3331,0,109.968
35.3341,1,109.987
35.335,1,109.989
35.3359,0,109.972
35.3369,1,109.99
35.3378,0,109.975
35.3388,1,109.991
35.3397,1,109.868
35.3407,0,110.103
35.3416,0,109.965
35.3426,0,109.845
35.3435,0,109.739
35.3444,1,110.259
35.3454,1,110.102
35.3463,0,109.897
35.3473,0,109.785
35.3482,1,110.214
35.3492,1,110.062
35.3501,1,109.929
35.3511,1,109.813
35.352,0,110.062
35.3529,0,109.929
35.3539,0,109.813
35.3548,0,109.711
35.3558,1,110.212
35.3567,0,109.747
35.3577,1,110.06
35.3586,0,109.779
35.3595,1,109.928
35.3605,0,109.807
35.3614,1,109.937
35.3624,0,109.831
35.3633,0,109.727
35.3643,0,109.636
35.3652,0,109.556
35.3662,0,109.487
35.3666,1,110.32
35.368,0,109.426
35.3685,1,110.28
35.3695,0,109.373
35.3704,1,110.245
35.3713,1,110.089
35.3723,0,109.326
35.3732,1,110.078
35.3742,0,109.285
35.3751,1,110.068
35.3761,1,109.935
35.377,0,109.25
35.378,0,109.094
35.3789,1,110.068
35.3798,0,108.957
35.3808,1,110.059
35.3817,0,108.837
35.3827,1,110.052
35.3836,1,109.92
35.3846,1,109.805
35.386,0,108.733
35.3865,1,109.83
35.3879,0,108.641
35.3883,1,109.851
35.3893,1,109.745
35.3907,0,108.561
35.3912,1,109.777
35.3926,0,108.491
35.3935,0,108.554
35.394,1,109.929
35.3949,1,109.813
35.3964,1,109.712
35.3973,0,108.86
35.3978,1,109.623
35.3992,1,109.545
35.4001,0,109.128
35.4006,1,109.477
35.402,0,109.112
35.403,1,109.542
35.4034,0,109.098
35.4044,0,109.085
35.4053,1,109.474
35.4063,0,109.075
35.4072,1,109.415
35.4086,0,108.94
35.4091,1,109.488
35.4105,0,108.948
35.411,1,109.427
35.4124,0,108.954
35.4129,1,109.499
35.4143,0,108.96
35.4148,1,109.561
35.4162,0,108.965
35.4171,1,109.741
35.4181,0,109.094
35.4185,1,109.649
35.42,0,108.958
35.4204,1,109.693
35.4219,0,108.838
35.4223,1,109.731
35.4237,0,108.733
35.4247,1,109.765
35.4256,0,108.767
35.4266,0,108.671
35.427,1,109.794
35.4285,0,108.712
35.4289,1,109.82
35.4303,1,109.717
35.4308,0,108.873
35.4318,0,108.889
35.4332,1,109.628
35.4341,1,109.549
35.4351,1,109.481
35.4355,0,109.278
35.4365,0,109.243
35.4374,1,109.42
35.4388,0,109.088
35.4393,1,109.493
35.4407,1,109.431
35.4412,0,109.077
35.4426,1,109.252
35.4436,0,109.192
35.444,1,109.221
35.4455,1,109.193
35.4459,0,109.293
35.4473,1,109.169
35.4483,0,109.506
35.4492,1,109.273
35.4497,0,109.443
35.4506,0,109.388
35.4516,0,109.339
35.453,1,109.239
35.4539,0,109.422
35.4544,1,109.209
35.4554,0,109.369
35.4568,1,109.058
35.4577,1,108.926
35.4587,1,108.81
35.4591,0,109.698
35.4606,0,109.611
35.4615,1,108.959
35.462,0,109.534
35.4629,0,109.468
35.4643,1,108.964
35.4648,0,109.534
35.4662,1,108.968
35.4667,0,109.592
35.4681,0,109.643
35.4691,1,109.097
35.47,1,108.96
35.4705,0,109.688
35.4714,0,109.602
35.4724,0,109.527
35.4733,0,109.461
35.4742,0,109.403
35.4752,1,108.965
35.4761,0,109.478
35.4771,1,108.969
35.478,0,109.543
35.4794,0,109.6
35.4799,1,108.973
35.4809,0,109.4
35.4818,1,109.102
35.4832,1,109.214
35.4837,0,109.35
35.4846,1,109.187
35.4856,0,109.181
35.487,0,109.159
35.4875,1,109.414
35.4884,0,109.139
35.4893,1,109.612
35.4903,0,109.122
35.4912,1,109.786
35.4922,1,109.812
35.4931,1,109.836
35.4945,0,109.106
35.4955,1,109.981
35.496,0,109.218
35.4974,1,110.109
35.4983,1,110.095
35.4988,0,109.441
35.5002,1,110.208
35.5007,0,109.511
35.5016,0,109.447
35.503,1,110.432
35.504,1,110.253
35.5049,1,110.222
35.5054,0,109.766
35.5068,1,110.194
35.5078,1,110.17
35.5082,0,109.92
35.5096,1,110.148
35.5101,0,109.93
35.5115,0,109.814
35.512,1,110.38
35.5129,1,110.332
35.5139,0,109.837
35.5153,1,110.291
35.5158,0,109.983
35.5172,1,110.254
35.5181,0,110.235
35.5191,0,110.33
35.5196,1,110.223
35.5205,1,110.195
35.5214,0,110.414
35.5224,1,110.17
35.5233,0,110.487
35.5247,1,110.149
35.5257,0,110.551
35.5266,1,110.006
35.5276,0,110.607
35.5285,0,110.532
35.529,1,110.13
35.5299,1,110.239
35.5309,0,110.59
35.5318,1,110.334
35.5328,0,110.641
35.5342,1,110.542
35.5351,0,110.811
35.5361,0,110.835
35.5365,1,110.724
35.538,0,110.855
35.5384,1,110.759
35.5394,1,110.789
35.5403,0,110.998
35.5417,1,110.815
35.5422,0,111.124
35.5436,1,110.713
35.5446,0,111.358
35.5455,0,111.188
35.546,1,110.749
35.5469,1,110.781
35.5479,0,111.165
35.5488,1,110.808
35.5498,0,111.144
35.5512,1,110.957
35.5521,0,111.126
35.5531,1,111.212
35.554,0,111.11
35.555,1,111.311
35.5559,1,111.272
35.5564,0,111.097
35.5578,0,110.835
35.5587,0,110.605
35.5592,1,111.613
35.5601,0,110.53
35.5616,1,111.911
35.5625,0,110.588
35.5635,1,112.172
35.5644,0,110.64
35.5653,1,112.151
35.5663,1,112.132
35.5672,0,110.81
35.5682,1,112.116
35.5691,0,110.709
35.5696,1,112.101
35.571,0,110.745
35.5719,1,112.213
35.5729,1,112.062
35.5734,0,110.902
35.5748,1,111.804
35.5753,0,111.164
35.5762,0,111.269
35.5771,1,111.704
35.5786,0,111.36
35.579,1,111.491
35.5804,0,111.44
35.5814,0,111.385
35.5823,0,111.337
35.5833,1,111.804
35.5842,0,111.42
35.5852,1,111.579
35.5861,0,111.617
35.5871,0,111.79
35.588,1,111.381
35.5889,0,111.816
35.5899,1,111.209
35.5908,0,111.839
35.5913,1,111.058
35.5922,0,111.984
35.5932,1,110.925
35.5946,0,112.236
35.5955,1,110.935
35.5965,0,112.332
35.5974,1,110.818
35.5984,0,112.415
35.5993,1,110.716
35.6003,1,110.501
35.6007,0,112.613
35.6017,1,110.314
35.6031,0,112.912
35.6036,1,110.274
35.605,0,113.048
35.6059,1,110.24
35.6069,1,110.085
35.6073,0,113.042
35.6088,1,110.074
35.6092,0,113.162
35.6102,0,113.016
35.6111,1,110.19
35.6125,0,112.889
35.6135,1,110.166
35.6144,0,112.903
35.6154,1,110.396
35.6163,1,110.596
35.6168,0,112.665
35.6182,0,112.332
35.6191,1,110.897
35.6196,0,111.916
35.6206,1,111.16
35.622,0,111.676
35.6229,1,111.39
35.6239,1,111.341
35.6243,0,111.592
35.6258,1,111.548
35.6262,0,111.518
35.6272,0,111.203
35.6281,1,111.73
35.6295,0,111.053
35.63,1,111.889
35.6314,0,110.921
35.6324,1,112.027
35.6333,1,112.149
35.6338,0,110.806
35.6352,1,112.255
35.6357,0,110.705
35.6366,0,110.492
35.6376,1,112.348
35.639,0,110.431
35.6394,1,112.43
35.6409,0,110.377
35.6418,1,112.501
35.6427,1,112.564
35.6432,0,110.455
35.6442,0,110.273
35.6451,1,112.743
35.6465,0,110.239
35.647,1,112.65
35.6484,0,110.334
35.6494,1,112.694
35.6503,1,112.607
35.6508,0,110.292
35.6522,1,112.656
35.6527,0,110.256
35.6536,0,110.099
35.6545,1,112.699
35.656,0,110.086
35.6564,1,112.737
35.6579,0,110.076
35.6588,1,112.77
35.6597,1,112.799
35.6602,0,110.191
35.6616,1,112.824
35.6621,0,110.167
35.663,0,110.021
35.664,1,112.721
35.6654,0,109.894
35.6663,1,112.756
35.6673,0,109.907
35.6682,1,112.911
35.6692,1,113.047
35.6697,0,110.044
35.6706,0,110.038
35.6715,1,112.916
35.673,0,110.033
35.6734,1,112.802
35.6748,0,110.029
35.6758,1,112.702
35.6767,1,112.489
35.6772,0,110.026
35.6786,1,112.428
35.6791,0,110.022
35.68,0,109.895
35.681,1,112.374
35.6824,0,109.783
35.6829,1,112.453
35.6843,0,109.685
35.6852,1,112.646
35.6862,1,112.815
35.6866,0,109.724
35.6881,1,112.963
35.6885,0,109.759
35.6895,0,109.664
35.6904,1,112.968
35.6918,0,109.706
35.6928,1,112.972
35.6937,1,112.6
35.6942,0,109.993
35.6956,1,112.275
35.6961,0,110.244
35.697,0,110.338
35.698,1,111.991
35.6994,0,110.546
35.6999,1,111.742
35.7013,0,110.853
35.7022,1,111.649
35.7032,1,111.443
35.7036,0,111.121
35.7051,1,111.263
35.7055,0,111.356
35.7065,0,111.436
35.7074,1,111.105
35.7088,0,111.507
35.7093,1,110.967
35.7107,0,111.569
35.7117,1,110.971
35.7126,1,110.975
35.7131,0,111.747
35.714,0,111.654
35.715,1,110.978
35.7159,0,111.572
35.7169,1,110.981
35.7183,0,111.501
35.7192,1,111.233
35.7202,1,111.329
35.7206,0,111.438
35.722,1,111.288
35.7225,0,111.508
35.7235,0,111.445
35.7244,1,111.252
35.7258,0,111.389
35.7263,1,111.22
35.7277,0,111.341
35.7287,1,111.318
35.7296,1,111.153
35.7301,0,111.423
35.7315,1,111.134
35.732,0,111.495
35.7329,0,111.433
35.7338,1,111.117
35.7353,0,111.379
35.7357,1,111.228
35.7371,0,111.332
35.7381,1,111.449
35.739,1,111.393
35.7395,0,111.415
35.7405,0,111.363
35.7414,1,111.344
35.7428,0,111.318
35.7433,1,111.301
35.7447,0,111.278
35.7456,1,111.388
35.7466,1,111.34
35.7471,0,111.368
35.7485,1,111.297
35.7489,0,111.447
35.7499,0,111.391
35.7508,1,111.26
35.7523,0,111.468
35.7527,1,111.228
35.7541,0,111.409
35.7551,1,111.449
35.756,1,111.393
35.7565,0,111.483
35.7579,1,111.344
35.7584,0,111.548
35.7593,0,111.479
35.7603,1,111.301
35.7617,0,111.419
35.7626,1,111.388
35.7636,1,111.34
35.7641,0,111.492
35.7655,1,111.297
35.7659,0,111.555
35.7669,0,111.486
35.7678,1,111.26
35.7692,0,111.55
35.7697,1,111.228
35.7711,0,111.481
35.7721,1,111.449
35.773,1,111.518
35.7735,0,111.421
35.7749,1,111.453
35.7754,0,111.494
35.7763,0,111.432
35.7773,1,111.397
35.7787,0,111.378
35.7792,1,111.347
35.7806,0,111.331
35.7815,1,111.429
35.7825,1,111.375
35.7829,0,111.414
35.7839,0,111.363
35.7848,1,111.328
35.7858,0,111.317
35.7867,1,111.287
35.7881,0,111.278
35.7891,1,111.501
35.79,1,111.564
35.7905,0,111.243
35.7919,1,111.493
35.7924,0,111.338
35.7933,0,111.295
35.7943,1,111.557
35.7957,0,111.258
35.7961,1,111.487
35.7976,0,111.226
35.7985,1,111.551
35.7995,1,111.482
35.7999,0,111.198
35.8013,1,111.422
35.8018,0,111.298
35.8028,0,111.261
35.8037,1,111.369
35.8051,0,111.228
35.8056,1,111.448
35.807,0,111.2
35.8079,1,111.517
35.8089,1,111.452
35.8094,0,111.425
35.8103,0,111.622
35.8113,1,111.521
35.8127,0,111.794
35.8131,1,111.456
35.8146,0,111.945
35.8155,1,111.524
35.8164,1,111.458
35.8169,0,112.077
35.8183,1,111.401
35.8188,0,112.192
35.8197,0,112.293
35.8207,1,111.351
35.8221,0,112.506
35.8226,1,111.307
35.824,0,112.568
35.8249,1,111.394
35.8259,1,111.344
35.8264,0,112.622
35.8278,1,111.301
35.8282,0,112.794
35.8292,0,112.945
35.8301,1,111.264
35.8315,0,112.952
35.8325,1,111.356
35.8334,0,112.958
35.8344,1,111.436
35.8353,1,111.382
35.8358,0,112.963
35.8367,0,112.968
35.8377,1,111.334
35.8391,0,113.097
35.8396,1,111.292
35.841,0,113.085
35.8419,1,111.506
35.8429,1,111.693
35.8433,0,113.074
35.8448,1,111.856
35.8452,0,113.19
35.8462,0,113.291
35.8471,1,112.124
35.8485,0,113.255
35.849,1,112.358
35.8504,0,113.223
35.8514,1,112.439
35.8523,1,112.509
35.8528,0,113.195
35.8542,1,112.57
35.8547,0,113.296
35.8556,0,113.259
35.8566,1,112.624
35.858,0,113.226
35.8589,1,112.671
35.8599,1,112.712
35.8603,0,113.198
35.8618,1,112.748
35.8622,0,113.298
35.8632,0,113.386
35.8641,1,112.905
35.8655,0,113.338
35.866,1,113.041
35.8674,0,113.296
35.8684,1,113.036
35.8693,1,113.032
35.8698,0,113.259
35.8712,1,113.153
35.8717,0,113.226
35.8726,0,113.198
35.8736,1,113.134
35.875,0,113.173
35.8754,1,113.117
35.8769,0,113.027
35.8778,1,113.227
35.8787,1,113.199
35.8792,0,113.148
35.8802,0,113.255
35.8811,1,113.299
35.8825,0,113.223
35.883,1,113.262
35.8844,0,113.195
35.8854,1,113.229
35.8863,1,113.2
35.8868,0,113.171
35.8882,1,113.3
35.8887,0,113.149
35.8896,0,113.131
35.8905,1,113.263
35.892,0,113.114
35.8924,1,113.23
35.8939,0,113.1
35.8948,1,113.201
35.8957,1,113.176
35.8962,0,113.213
35.8976,1,113.154
35.8981,0,113.436
35.899,0,113.506
35.9,1,113.135
35.9014,0,113.443
35.9023,1,113.118
35.9033,0,113.388
35.9042,1,113.228
35.9052,1,113.325
35.9057,0,113.339
35.9066,0,113.297
35.9075,1,113.284
35.909,0,113.26
35.9094,1,113.249
35.9108,0,113.227
35.9118,1,113.217
35.9127,1,113.19
35.9132,0,113.324
35.9146,1,113.167
35.9151,0,113.408
35.916,0,113.482
35.917,1,113.146
35.9184,0,113.422
35.9189,1,113.127
35.9203,0,113.369
35.9212,1,113.237
35.9222,1,113.332
35.9226,0,113.323
35.9241,1,113.29
35.9245,0,113.408
35.9255,0,113.357
35.9264,1,113.254
35.9278,0,113.312
35.9288,1,113.222
35.9297,1,113.195
35.9302,0,113.398
35.9316,1,113.17
35.9321,0,113.473
35.933,0,113.539
35.934,1,113.149
35.9354,0,113.472
35.9359,1,113.13
35.9373,0,113.538
35.9382,1,113.239
35.9392,1,113.334
35.9396,0,113.471
35.9411,1,113.417
35.9415,0,113.412
35.9425,0,113.36
35.9434,1,113.365
35.9448,0,113.315
35.9453,1,113.32
35.9467,0,113.276
35.9477,1,113.28
35.9486,1,113.245
35.9491,0,113.366
35.95,0,113.446
35.951,1,113.214
35.9519,0,113.265
35.9529,1,113.187
35.9543,0,113.357
35.9552,1,113.289
35.9562,1,113.378
35.9566,0,113.312
35.958,1,113.456
35.9585,0,113.273
35.9595,0,113.239
35.9604,1,113.399
35.9618,0,113.209
35.9623,1,113.349
35.9637,0,113.183
35.9647,1,113.305
35.9656,1,113.267
35.9661,0,113.285
35.9675,1,113.234
35.968,0,113.249
35.9689,0,113.218
35.9698,1,113.204
35.9713,0,113.316
35.9717,1,113.179
35.9731,0,113.277
35.9741,1,113.407
35.975,1,113.481
35.9755,0,113.242
35.9765,0,113.212
35.9774,1,113.421
35.9788,0,113.185
35.9793,1,113.368
35.9807,0,113.162
35.9816,1,113.322
35.9826,1,113.282
35.9831,0,113.267
35.9845,1,113.247
35.9849,0,113.233
35.9859,0,113.204
35.9868,1,113.216
35.9883,0,113.304
35.9887,1,113.189
35.9901,0,113.391
35.9911,1,113.29
35.992,1,113.379
35.9925,0,113.342
35.9939,1,113.207
35.9944,0,113.424
35.9953,0,113.371
35.9963,1,113.306
35.9977,0,113.325
35.9986,1,113.268
35.9996,1,113.234
36.0001,0,113.409
36.0015,1,113.205
36.0019,0,113.358
36.0029,0,113.313
36.0038,1,113.179
36.0052,0,113.399
36.0057,1,113.157
36.0071,0,113.474
36.0081,1,113.262
36.009,1,113.354
36.0095,0,113.415
36.0109,1,113.31
36.0114,0,113.363
36.0123,0,113.318
36.0133,1,113.396
36.0147,0,113.278
36.0152,1,113.347
36.0166,0,113.243
36.0175,1,113.303
36.0185,1,113.266
36.0189,0,113.213
36.0199,0,113.186
36.0208,1,113.232
36.0218,0,113.163
36.0227,1,113.203
36.0241,0,113.268
36.0251,1,113.303
36.026,1,113.39
36.0265,0,113.234
36.0279,1,113.341
36.0284,0,113.205
36.0293,0,113.179
36.0303,1,113.424
36.0317,0,113.157
36.0321,1,113.496
36.0336,0,113.137
36.0345,1,113.434
36.0355,1,113.379
36.0359,0,113.12
36.0373,1,113.332
36.0378,0,113.105
36.0388,0,113.092
36.0397,1,113.291
36.0411,0,113.205
36.0416,1,113.254
36.043,0,113.18
36.0439,1,113.347
36.0449,1,113.304
36.0454,0,113.157
36.0463,0,113.138
36.0473,1,113.391
36.0487,0,113.12
36.0491,1,113.467
36.0506,0,113.105
36.0515,1,113.409
36.0524,1,113.358
36.0529,0,113.092
36.0543,1,113.313
36.0548,0,113.081
36.0557,0,113.071
36.0567,1,113.274
36.0581,0,113.187
36.0586,1,113.24
36.06,0,113.163
36.0609,1,113.21
36.0619,1,113.183
36.0624,0,113.143
36.0638,1,113.161
36.0642,0,113.25
36.0652,0,113.344
36.0661,1,113.265
36.0675,0,113.301
36.0685,1,113.232
36.0694,0,113.263
36.0704,1,113.328
36.0713,1,113.287
36.0718,0,113.23
36.0727,0,113.202
36.0737,1,113.251
36.0751,0,113.301
36.0756,1,113.22
36.077,0,113.264
36.0779,1,113.192
36.0789,1,113.168
36.0793,0,113.231
36.0808,1,113.147
36.0812,0,113.327
36.0822,0,113.411
36.0831,1,113.254
36.0845,0,113.36
36.085,1,113.347
36.0864,0,113.315
36.0874,1,113.304
36.0883,1,113.266
36.0888,0,113.275
36.0902,1,113.233
36.0907,0,113.366
36.0916,0,113.32
36.0926,1,113.203
36.094,0,113.28
36.0949,1,113.178
36.0959,1,113.156
36.0963,0,113.245
36.0978,1,113.136
36.0982,0,113.34
36.0992,0,113.422
36.1001,1,113.244
36.1015,0,113.369
36.102,1,113.339
36.1034,0,113.323
36.1044,1,113.296
36.1053,1,113.259
36.1058,0,113.283
36.1072,1,113.352
36.1077,0,113.247
36.1086,0,113.216
36.1096,1,113.308
36.111,0,113.189
36.1114,1,113.269
36.1129,0,113.041
36.1138,1,113.361
36.1147,1,113.316
36.1152,0,113.161
36.1162,0,113.266
36.1171,1,113.401
36.1185,0,113.232
36.119,1,113.351
36.1204,0,113.203
36.1214,1,113.307
36.1223,1,113.269
36.1228,0,113.178
36.1242,1,113.36
36.1247,0,113.156
36.1256,0,113.136
36.1265,1,113.315
36.128,0,113.119
36.1284,1,113.276
36.1299,0,113.104
36.1308,1,113.241
36.1317,1,113.211
36.1322,0,113.216
36.1336,1,113.185
36.1341,0,113.439
36.135,0,113.509
36.136,1,113.162
36.1374,0,113.446
36.1383,1,113.141
36.1393,0,113.39
36.1402,1,113.249
36.1412,1,113.343
36.1417,0,113.341
36.1426,0,113.299
36.1435,1,113.3
36.145,0,113.261
36.1454,1,113.262
36.1468,0,113.229
36.1478,1,113.23
36.1487,1,113.201
36.1492,0,113.325
36.1506,1,113.176
36.1511,0,113.409
36.152,0,113.483
36.153,1,113.154
36.1544,0,113.423
36.1549,1,113.135
36.1563,0,113.37
36.1572,1,113.243
36.1582,1,113.337
36.1586,0,113.324
36.1601,1,113.295
36.1605,0,113.408
36.1615,0,113.357
36.1624,1,113.258
36.1638,0,113.313
36.1648,1,113.226
36.1657,1,113.198
36.1662,0,113.398
36.1676,1,113.173
36.1681,0,113.474
36.169,0,113.539
36.17,1,113.151
36.1714,0,113.472
36.1719,1,113.132
36.1733,0,113.538
36.1742,1,113.241
36.1752,1,113.336
36.1756,0,113.471
36.1771,1,113.419
36.1775,0,113.412
36.1785,0,113.36
36.1794,1,113.366
36.1808,0,113.315
36.1813,1,113.321
36.1827,0,113.276
36.1837,1,113.281
36.1846,1,113.246
36.1851,0,113.366
36.186,0,113.446
36.187,1,113.215
36.1879,0,113.265
36.1889,1,113.188
36.1903,0,113.357
36.1912,1,113.289
36.1922,1,113.378
36.1926,0,113.312
36.194,1,113.456
36.1945,0,113.273
36.1955,0,113.239
36.1964,1,113.399
36.1978,0,113.209
36.1983,1,113.349
36.1997,0,113.183
36.2007,1,113.305
36.2016,1,113.267
36.2021,0,113.285
36.2035,1,113.234
36.204,0,113.249
36.2049,0,113.218
36.2058,1,113.205
36.2073,0,113.316
36.2077,1,113.179
36.2091,0,113.277
36.2101,1,113.407
36.211,1,113.481
36.2115,0,113.242
36.2125,0,113.212
36.2134,1,113.421
36.2148,0,113.185
36.2153,1,113.368
36.2167,0,113.162
36.2176,1,113.322
36.2186,1,113.282
36.2191,0,113.267
36.2205,1,113.247
36.2209,0,113.233
36.2219,0,113.204
36.2228,1,113.216
36.2243,0,113.304
36.2247,1,113.189
36.2261,0,113.391
36.2271,1,113.29
36.228,1,113.379
36.2285,0,113.342
36.2299,1,113.207
36.2304,0,113.424
36.2313,0,113.371
36.2323,1,113.306
36.2337,0,113.325
36.2346,1,113.268
36.2356,1,113.234
36.2361,0,113.409
36.2375,1,113.205
36.2379,0,113.358
36.2389,0,113.313
36.2398,1,113.179
36.2412,0,113.399
36.2417,1,113.157
36.2431,0,113.474
36.2441,1,113.262
36.245,1,113.354
36.2455,0,113.415
36.2469,1,113.31
36.2474,0,113.363
36.2483,0,113.318
36.2493,1,113.396
36.2507,0,113.278
36.2512,1,113.347
36.2526,0,113.243
36.2535,1,113.303
36.2545,1,113.266
36.2549,0,113.213
36.2559,0,113.311
36.2568,1,113.232
36.2578,0,113.522
36.2587,1,113.203
36.2601,0,113.832
36.2611,1,113.303
36.262,1,113.39
36.2625,0,114.103
36.2639,1,113.341
36.2644,0,114.215
36.2653,0,114.188
36.2663,1,113.424
36.2677,0,114.29
36.2681,1,113.496
36.2696,0,114.379
36.2705,1,113.434
36.2715,1,113.379
36.2719,0,114.456
36.2733,1,113.332
36.2738,0,114.524
36.2748,0,114.459
36.2757,1,113.291
36.2771,0,114.651
36.2776,1,113.254
36.279,0,114.82
36.2799,1,113.347
36.2809,1,113.304
36.2814,0,114.842
36.2823,0,114.737
36.2833,1,113.391
36.2847,0,114.77
36.2851,1,113.467
36.2866,0,114.799
36.2875,1,113.409
36.2884,1,113.483
36.2889,0,114.824
36.2903,1,113.672
36.2908,0,114.846
36.2917,0,114.74
36.2927,1,113.838
36.2941,0,114.898
36.2946,1,113.983
36.296,0,114.91
36.2969,1,114.111
36.2979,1,114.097
36.2984,0,115.047
36.2998,1,114.21
36.3002,0,115.041
36.3012,0,115.036
36.3021,1,114.433
36.3035,0,115.156
36.3045,1,114.629
36.3054,0,115.137
36.3064,1,114.676
36.3073,1,114.716
36.3078,0,115.12
36.3087,0,114.98
36.3097,1,114.752
36.3111,0,115.107
36.3116,1,114.783
36.313,0,115.094
36.3139,1,114.81
36.3149,1,114.709
36.3153,0,115.207
36.3168,1,114.745
36.3172,0,115.181
36.3182,0,115.159
36.3191,1,114.902
36.3205,0,115.264
36.321,1,115.039
36.3224,0,115.231
36.3234,1,115.159
36.3243,1,115.014
36.3248,0,115.202
36.3262,1,115.013
36.3267,0,115.177
36.3276,0,115.155
36.3286,1,115.011
36.33,0,115.135
36.3309,1,115.01
36.3319,1,114.883
36.3323,0,115.243
36.3338,1,114.898
36.3342,0,115.213
36.3352,0,115.186
36.3361,1,115.036
36.3375,0,115.288
36.338,1,115.156
36.3394,0,115.252
36.3404,1,115.262
36.3413,1,115.104
36.3418,0,115.221
36.3432,1,115.091
36.3437,0,115.193
36.3446,0,115.044
36.3456,1,115.205
36.347,0,115.038
36.3474,1,115.179
36.3489,0,115.034
36.3498,1,115.157
36.3507,1,115.137
36.3512,0,115.029
36.3522,0,115.026
36.3531,1,115.245
36.3545,0,115.147
36.355,1,115.214
36.3564,0,115.129
36.3574,1,115.313
36.3583,1,115.148
36.3588,0,115.113
36.3602,1,115.13
36.3607,0,115.099
36.3616,0,114.961
36.3625,1,115.239
36.364,0,114.966
36.3644,1,115.209
36.3659,0,114.97
36.3668,1,115.183
36.3677,1,115.035
36.3682,0,115.099
36.3696,1,115.031
36.3701,0,115.212
36.371,0,115.31
36.372,1,115.027
36.3734,0,115.397
36.3743,1,115.148
36.3753,0,115.347
36.3762,1,115.13
36.3772,1,115.114
36.3777,0,115.304
36.3786,0,115.141
36.3795,1,115.224
36.381,0,115.123
36.3814,1,115.196
36.3828,0,115.108
36.3838,1,115.172
36.3847,1,115.025
36.3852,0,115.219
36.3866,1,115.022
36.3871,0,115.317
36.388,0,115.277
36.389,1,115.019
36.3904,0,115.368
36.3909,1,115.017
36.3923,0,115.322
36.3932,1,115.14
36.3942,1,115.122
36.3946,0,115.281
36.3961,1,115.232
36.3965,0,115.246
36.3975,0,115.215
36.3984,1,115.203
36.3998,0,115.189
36.4008,1,115.178
36.4017,1,115.03
36.4022,0,115.29
36.4036,1,115.027
36.4041,0,115.379
36.405,0,115.331
36.406,1,115.023
36.4074,0,115.415
36.4079,1,115.02
36.4093,0,115.363
36.4102,1,115.143
36.4112,1,115.125
36.4116,0,115.443
36.4131,1,115.234
36.4135,0,115.387
36.4145,0,115.214
36.4154,1,115.33
36.4168,0,115.187
36.4173,1,115.289
36.4187,0,115.164
36.4197,1,115.253
36.4206,1,115.096
36.4211,0,115.268
36.422,0,115.235
36.423,1,115.084
36.4239,0,115.205
36.4249,1,115.074
36.4263,0,115.18
36.4272,1,115.189
36.4282,1,115.166
36.4286,0,115.282
36.43,1,115.27
36.4305,0,115.247
36.4315,0,115.091
36.4324,1,115.361
36.4338,0,115.08
36.4343,1,115.316
36.4357,0,115.07
36.4367,1,115.277
36.4376,1,115.117
36.4381,0,115.186
36.4395,1,115.102
36.44,0,115.163
36.4409,0,115.017
36.4418,1,115.09
36.4433,0,115.14
36.4437,1,115.078
36.4451,0,115.248
36.4461,1,115.194
36.447,1,115.294
36.4475,0,115.217
36.4485,0,115.065
36.4494,1,115.383
36.4508,0,115.057
36.4513,1,115.335
36.4527,0,115.05
36.4536,1,115.293
36.4546,1,115.131
36.4551,0,115.168
36.4565,1,115.115
36.4569,0,115.147
36.4579,0,115.004
36.4588,1,115.101
36.4603,0,115.128
36.4607,1,115.088
36.4621,0,115.237
36.4631,1,115.202
36.464,1,115.177
36.4645,0,115.333
36.4659,1,115.155
36.4664,0,115.291
36.4673,0,115.255
36.4683,1,115.135
36.4697,0,115.223
36.4706,1,115.243
36.4716,1,115.088
36.4721,0,115.32
36.4735,1,115.077
36.4739,0,115.28
36.4749,0,115.12
36.4758,1,115.067
36.4772,0,115.23
36.4777,1,115.059
36.4791,0,115.326
36.4801,1,115.177
36.481,1,115.154
36.4815,0,115.41
36.4829,1,115.135
36.4834,0,115.359
36.4843,0,115.189
36.4853,1,115.243
36.4867,0,115.166
36.4872,1,115.338
36.4886,0,115.145
36.4895,1,115.296
36.4905,1,115.134
36.4909,0,115.127
36.4919,0,114.986
36.4928,1,115.117
36.4938,0,114.988
36.4947,1,115.102
36.4961,0,115.114
36.4971,1,115.215
36.498,1,115.188
36.4985,0,115.225
36.4999,1,115.164
36.5004,0,115.197
36.5013,0,115.047
36.5023,1,115.269
36.5037,0,115.041
36.5041,1,115.36
36.5056,0,115.036
36.5065,1,115.44
36.5075,1,115.26
36.5079,0,115.032
36.5093,1,115.228
36.5098,0,115.028
36.5108,0,114.899
36.5117,1,115.199
36.5131,0,115.037
36.5136,1,115.174
36.515,0,115.157
36.5159,1,115.152
36.5169,1,115.133
36.5174,0,115.138
36.5183,0,114.995
36.5193,1,115.242
36.5207,0,114.996
36.5211,1,115.337
36.5226,0,114.996
36.5235,1,115.419
36.5244,1,115.242
36.5249,0,114.997
36.5263,1,115.212
36.5268,0,114.997
36.5277,0,114.873
36.5287,1,115.185
36.5301,0,115.014
36.5306,1,115.162
36.532,0,115.012
36.5329,1,115.142
36.5339,1,114.999
36.5344,0,115.135
36.5358,1,114.999
36.5362,0,115.118
36.5372,0,115.104
36.5381,1,115.124
36.5395,0,115.216
36.5405,1,115.234
36.5414,0,115.189
36.5424,1,115.205
36.5433,1,115.179
36.5438,0,115.165
36.5447,0,115.019
36.5457,1,115.157
36.5471,0,115.142
36.5476,1,115.137
36.549,0,115.124
36.5499,1,115.12
36.5509,1,114.98
36.5513,0,115.234
36.5528,1,114.982
36.5532,0,115.205
36.5542,0,115.179
36.5551,1,115.11
36.5565,0,115.282
36.557,1,115.221
36.5584,0,115.246
36.5594,1,115.318
36.5603,1,115.154
36.5608,0,115.216
36.5622,1,115.134
36.5627,0,115.189
36.5636,0,115.165
36.5646,1,115.118
36.566,0,115.144
36.5669,1,115.103
36.5679,1,114.965
36.5683,0,115.251
36.5698,1,114.969
36.5702,0,115.22
36.5712,0,115.192
36.5721,1,115.098
36.5735,0,115.293
36.574,1,115.211
36.5754,0,115.257
36.5764,1,115.31
36.5773,1,115.146
36.5778,0,115.225
36.5792,1,115.128
36.5797,0,115.197
36.5806,0,115.047
36.5816,1,115.237
36.583,0,115.041
36.5834,1,115.207
36.5849,0,115.036
36.5858,1,115.181
36.5867,1,115.159
36.5872,0,115.031
36.5882,0,115.028
36.5891,1,115.264
36.5905,0,115.149
36.591,1,115.231
36.5924,0,115.13
36.5934,1,115.327
36.5943,1,115.161
36.5948,0,115.114
36.5962,1,115.141
36.5967,0,115.1
36.5976,0,114.962
36.5985,1,115.248
36.6,0,114.967
36.6004,1,115.217
36.6019,0,114.971
36.6028,1,115.19
36.6037,1,115.041
36.6042,0,115.1
36.6056,1,115.036
36.6061,0,115.212
36.607,0,115.311
36.608,1,115.032
36.6094,0,115.397
36.6103,1,115.153
36.6113,0,115.347
36.6122,1,115.134
36.6132,1,115.117
36.6137,0,115.304
36.6146,0,115.141
36.6155,1,115.227
36.617,0,115.123
36.6174,1,115.199
36.6188,0,115.108
36.6198,1,115.174
36.6207,1,115.027
36.6212,0,115.219
36.6226,1,115.024
36.6231,0,115.317
36.624,0,115.277
36.625,1,115.021
36.6264,0,115.368
36.6269,1,115.018
36.6283,0,115.322
36.6292,1,115.141
36.6302,1,115.123
36.6306,0,115.282
36.6321,1,115.233
36.6325,0,115.246
36.6335,0,115.216
36.6344,1,115.204
36.6358,0,115.189
36.6368,1,115.178
36.6377,1,115.031
36.6382,0,115.29
36.6396,1,115.027
36.6401,0,115.379
36.641,0,115.331
36.642,1,115.024
36.6434,0,115.415
36.6439,1,115.021
36.6453,0,115.363
36.6462,1,115.143
36.6472,1,115.125
36.6476,0,115.443
36.6491,1,115.235
36.6495,0,115.387
36.6505,0,115.214
36.6514,1,115.33
36.6528,0,115.187
36.6533,1,115.289
36.6547,0,115.164
36.6557,1,115.253
36.6566,1,115.096
36.6571,0,115.268
36.658,0,115.235
36.659,1,115.084
36.6599,0,115.205
36.6609,1,115.074
36.6623,0,115.18
36.6632,1,115.189
36.6642,1,115.166
36.6646,0,115.282
36.666,1,115.27
36.6665,0,115.247
36.6675,0,115.091
36.6684,1,115.361
36.6698,0,115.08
36.6703,1,115.316
36.6717,0,115.07
36.6727,1,115.277
36.6736,1,115.117
36.6741,0,115.186
36.6755,1,115.102
36.676,0,115.163
36.6769,0,115.017
36.6778,1,115.09
36.6793,0,115.14
36.6797,1,115.078
36.6811,0,115.248
36.6821,1,115.194
36.683,1,115.294
36.6835,0,115.217
36.6845,0,115.065
36.6854,1,115.383
36.6873,1,115.335
36.6896,1,115.293
36.6906,1,115.131
36.6925,1,115.115
36.6948,1,115.101
36.6967,1,115.088
36.6991,1,115.202
36.7,1,115.177
36.7019,1,115.155
36.7043,1,115.135
36.7066,1,115.243
36.7076,1,115.088
36.7095,1,115.077
36.7118,1,115.067
36.7137,1,115.059
36.7161,1,115.177
36.717,1,115.154
36.7189,1,115.135
36.7213,1,115.243
36.7232,1,115.338
36.7255,1,115.296
36.7265,1,115.134
36.7288,1,115.117
36.7307,1,115.102
36.7331,1,115.215
36.734,1,115.188
36.802,0,114.807
36.8043,0,114.831
36.8062,0,114.727
36.8072,0,114.386
36.8095,0,113.963
36.8114,0,113.592
36.8138,0,113.143
36.8161,0,112.75
36.8185,0,112.407
36.8213,0,112.231
36.8237,0,111.827
36.8275,0,111.599
36.8284,0,111.274
36.8322,0,111.115
36.835,0,110.975
36.8369,0,110.728
36.8388,0,110.512
36.8416,0,110.323
36.8426,1,114.164
36.8435,0,109.908
36.8449,0,109.294
36.8454,1,113.269
36.8468,0,108.758
36.8473,1,112.485
36.8487,1,111.549
36.8492,0,108.288
36.8506,1,110.481
36.8511,0,107.877
36.852,1,109.546
36.853,0,107.142
36.8544,1,108.602
36.8548,0,106.624
36.8563,1,107.652
36.8567,0,106.046
36.8581,0,105.291
36.8586,1,106.821
36.86,0,104.629
36.8605,1,106.093
36.8619,0,103.801
36.8624,1,105.331
36.8638,1,104.415
36.8643,0,103.076
36.8657,1,103.488
36.8662,0,102.441
36.8676,1,102.552
36.8681,0,101.886
36.8695,1,101.608
36.8699,0,101.15
36.8714,0,100.381
36.8718,1,100.782
36.8733,0,99.5838
36.8737,1,100.059
36.8751,0,98.7608
36.8756,1,99.3019
36.877,0,98.0407
36.8775,1,98.5142
36.8789,1,97.6999
36.8794,0,97.2856
36.8808,1,96.7374
36.8813,0,96.4999
36.8827,1,95.7702
36.8832,0,95.8124
36.8841,1,94.924
36.8851,0,94.9609
36.8865,0,94.0908
36.8874,1,94.1835
36.8884,0,93.4544
36.8893,0,92.7726
36.8898,1,93.5355
36.8912,0,92.051
36.8921,1,92.9686
36.8931,0,91.6697
36.894,0,91.2109
36.895,1,92.4725
36.8959,0,90.8096
36.8969,1,91.9134
36.8973,0,90.4584
36.8987,1,91.1743
36.8992,0,90.1511
36.9006,1,90.5275
36.9011,0,89.8822
36.9025,1,89.8365
36.9035,0,89.5219
36.9044,1,89.357
36.9053,0,89.2067
36.9063,1,88.9374
36.9072,0,88.8058
36.9082,1,88.5702
36.9091,1,88.1239
36.9101,1,87.6084
36.9105,0,88.5801
36.9115,0,88.0076
36.9124,0,87.5066
36.9134,1,87.1574
36.9143,1,86.6377
36.9153,0,86.9433
36.9162,1,86.183
36.9176,0,86.3254
36.9186,0,85.7847
36.919,1,86.0351
36.9205,0,85.3116
36.9209,1,85.5307
36.9219,1,84.9644
36.9233,0,84.8977
36.9238,1,84.5938
36.9247,1,84.2696
36.9256,0,84.5355
36.9266,0,84.2185
36.9275,1,83.9859
36.9289,0,83.9412
36.9294,1,83.9877
36.9304,1,83.8642
36.9318,0,83.6986
36.9323,1,83.8812
36.9337,0,83.4862
36.9341,1,83.896
36.9356,0,83.4255
36.936,1,83.909
36.9374,0,83.3723
36.9379,1,83.7954
36.9393,0,83.3257
36.9403,0,83.16
36.9407,1,83.821
36.9422,0,83.015
36.9426,1,83.8434
36.9441,0,83.0131
36.9445,1,83.8629
36.9455,1,83.7551
36.9469,0,82.8865
36.9474,1,83.7857
36.9483,1,83.6875
36.9492,0,82.9007
36.9502,1,83.6015
36.9511,0,82.9131
36.9525,1,83.5263
36.953,0,83.174
36.954,0,83.2772
36.9554,1,83.5856
36.9559,0,83.3676
36.9573,1,83.6374
36.9577,0,83.4466
36.9592,1,83.6827
36.9596,0,83.5158
36.961,1,83.7224
36.962,1,83.6321
36.9625,0,83.7013
36.9639,1,83.553
36.9643,0,83.8637
36.9658,1,83.4839
36.9662,0,84.0057
36.9677,1,83.4234
36.9681,0,84.13
36.9691,0,84.1137
36.9705,1,83.3705
36.971,0,84.0995
36.9719,0,83.9621
36.9733,1,83.4492
36.9738,0,83.9668
36.9752,1,83.393
36.9757,0,83.971
36.9766,0,83.8496
36.978,1,83.4689
36.9785,0,83.8684
36.9799,1,83.4103
36.9804,0,84.0098
36.9818,1,83.359
36.9823,0,84.1336
36.9837,1,83.3141
36.9842,0,84.2419
36.9856,1,83.2749
36.9861,0,84.3367
36.9875,1,83.2405
36.9879,0,84.2946
36.9894,1,83.2104
36.9898,0,84.2578
36.9913,1,83.1841
36.9922,1,83.2861
36.9931,1,83.3754
36.9941,0,84.6005
36.995,0,84.6505
36.996,0,84.5692
36.9969,0,84.498
36.9974,1,83.8284
36.9983,1,83.9749
36.9997,0,84.4358
37.0002,1,84.228
37.0016,0,84.3813
37.0026,0,84.3336
37.0031,1,84.5745
37.0045,0,84.2919
37.0049,1,84.6277
37.0059,1,84.6742
37.0073,0,84.2554
37.0078,1,84.84
37.0087,1,84.86
37.0101,0,84.3485
37.0111,0,84.4299
37.0115,1,85.1275
37.013,0,84.3762
37.0134,1,85.2365
37.0144,1,85.207
37.0158,0,84.3292
37.0163,1,85.3061
37.0177,0,84.288
37.0182,1,85.3928
37.0196,0,84.252
37.02,1,85.4687
37.0215,0,84.2205
37.0219,1,85.4101
37.0233,0,84.193
37.0243,0,84.1688
37.0248,1,85.6089
37.0262,0,84.1477
37.0267,1,85.6578
37.0281,0,84.1293
37.0285,1,85.7005
37.0295,1,85.613
37.0309,0,84.1131
37.0314,1,85.6613
37.0323,1,85.5787
37.0337,0,84.099
37.0342,1,85.6313
37.0356,0,84.0866
37.0361,1,85.6774
37.037,1,85.5927
37.038,0,84.0758
37.0389,0,84.1913
37.0399,1,85.3937
37.0408,0,84.2924
37.0422,1,85.3444
37.0427,0,84.6308
37.0441,1,85.3014
37.0446,0,84.927
37.046,1,85.2637
37.0469,1,85.2308
37.0474,0,85.3111
37.0488,1,85.2019
37.0493,0,85.5222
37.0507,1,85.1767
37.0512,0,85.7069
37.0526,1,85.1546
37.0531,0,85.8686
37.054,0,85.885
37.0554,1,85.1353
37.0559,0,85.8994
37.0569,0,85.912
37.0583,1,85.1184
37.0587,0,86.048
37.0602,1,85.1036
37.0606,0,86.167
37.0616,0,86.1461
37.063,1,84.9656
37.0635,0,86.2528
37.0649,1,84.9699
37.0654,0,86.3462
37.0668,1,84.9737
37.0672,0,86.4279
37.0687,1,84.977
37.0691,0,86.4995
37.0705,1,84.9798
37.071,0,86.562
37.0724,1,84.9824
37.0729,0,86.4918
37.0743,1,84.9846
37.0748,0,86.5553
37.0762,1,84.9865
37.0772,1,84.9882
37.0781,1,84.9897
37.0786,0,86.8609
37.0795,0,86.6283
37.0805,0,86.4247
37.0814,0,86.3716
37.0828,1,84.991
37.0838,1,85.1171
37.0847,0,86.5752
37.0857,1,85.3524
37.0866,0,86.6283
37.0875,0,86.5498
37.0885,0,86.481
37.089,1,85.6834
37.0904,0,86.4209
37.0908,1,85.848
37.0918,1,85.992
37.0932,0,86.3683
37.0937,1,86.243
37.0946,1,86.3376
37.096,0,86.3223
37.097,0,86.157
37.0975,1,86.6704
37.0989,0,86.1373
37.0993,1,86.8366
37.1003,1,86.857
37.1017,0,86.1202
37.1022,1,86.9999
37.1036,0,86.1052
37.1041,1,87.1249
37.1055,0,86.092
37.1059,1,87.1093
37.1074,0,86.0805
37.1078,1,87.0956
37.1093,0,86.0704
37.1102,0,86.0616
37.1107,1,87.3337
37.1121,0,86.0539
37.1126,1,87.417
37.114,0,85.9222
37.1144,1,87.4898
37.1154,1,87.4286
37.1168,0,85.9319
37.1173,1,87.5
37.1182,1,87.4375
37.1196,0,85.9404
37.1201,1,87.5078
37.1215,0,85.9479
37.122,1,87.4444
37.1229,1,87.2638
37.1244,0,86.0794
37.1253,0,86.1945
37.1258,1,87.3558
37.1272,0,86.2952
37.1277,1,87.4364
37.1286,1,87.2568
37.1295,0,86.3833
37.1305,1,87.0997
37.1314,0,86.4604
37.1324,1,86.9622
37.1333,1,86.967
37.1343,0,86.5278
37.1357,1,86.9711
37.1362,0,86.8368
37.1376,1,86.9747
37.138,0,87.1072
37.1395,1,86.9779
37.1399,0,87.2188
37.1409,0,87.1915
37.1423,1,86.9806
37.1428,0,87.2925
37.1437,0,87.381
37.1451,1,86.9831
37.1456,0,87.5833
37.147,1,86.9852
37.1475,0,87.7604
37.1484,0,87.7904
37.1498,1,86.987
37.1503,0,87.9416
37.1517,1,86.9886
37.1522,0,88.0739
37.1536,1,86.9901
37.1541,0,88.1896
37.1555,1,86.9913
37.156,0,88.1659
37.1574,1,86.9924
37.1579,0,88.1452
37.1593,1,86.9933
37.1598,0,88.127
37.1612,1,86.9942
37.1616,0,88.2362
37.1631,1,86.9949
37.164,1,86.9955
37.1649,1,86.8711
37.1654,0,88.5816
37.1664,0,88.5089
37.1673,0,88.4453
37.1683,0,88.3897
37.1697,1,86.8872
37.1706,1,86.9013
37.1711,0,88.5909
37.1725,1,86.9136
37.173,0,88.5171
37.1739,0,88.3274
37.1749,0,88.1615
37.1763,1,87.0494
37.1772,0,88.2663
37.1782,1,87.4183
37.1791,1,87.616
37.1801,0,88.483
37.181,1,87.789
37.1819,1,87.8154
37.1829,0,88.5477
37.1838,0,88.3542
37.1848,0,88.3099
37.1852,1,88.2134
37.1867,0,88.2712
37.1871,1,88.4368
37.1881,1,88.5072
37.1895,0,88.2373
37.19,1,88.5688
37.1914,0,88.2076
37.1919,1,88.6227
37.1933,0,88.1817
37.1937,1,88.6698
37.1952,0,88.159
37.1956,1,88.8361
37.197,0,88.1391
37.198,0,87.9967
37.1985,1,89.1066
37.1999,0,87.8721
37.2003,1,89.2183
37.2018,0,87.8881
37.2022,1,89.316
37.2032,1,89.2765
37.2046,0,87.9021
37.2051,1,89.3669
37.206,1,89.3211
37.2074,0,87.9143
37.2079,1,89.2809
37.2093,0,87.925
37.2098,1,89.2458
37.2107,1,89.2151
37.2121,0,87.9344
37.2131,0,87.9426
37.2136,1,89.4382
37.215,0,87.8248
37.2155,1,89.5084
37.2164,1,89.4449
37.2178,0,87.8467
37.2183,1,89.5143
37.2197,0,87.8658
37.2202,1,89.575
37.2211,1,89.5031
37.2225,0,87.8826
37.223,1,89.5652
37.2239,1,89.3696
37.2249,0,87.8973
37.2258,1,89.1984
37.2268,0,87.9101
37.2277,1,89.0486
37.2287,0,88.0464
37.2296,0,88.1656
37.2306,1,88.9175
37.2315,0,88.2699
37.2324,0,88.3611
37.2339,1,88.8028
37.2343,0,88.691
37.2357,1,88.7025
37.2362,0,88.9796
37.2372,0,89.1072
37.2386,1,88.7397
37.2391,0,89.3438
37.2405,1,88.7722
37.2409,0,89.4258
37.2424,1,88.8007
37.2428,0,89.4976
37.2442,1,88.8256
37.2447,0,89.5604
37.2461,1,88.8474
37.2466,0,89.7403
37.248,1,88.8665
37.2485,0,89.8978
37.2499,1,88.7582
37.2504,0,90.0356
37.2518,1,88.6634
37.2527,1,88.5805
37.2537,1,88.6329
37.2542,0,90.4061
37.2551,0,90.3554
37.256,0,90.3109
37.257,0,90.1471
37.2584,1,88.6788
37.2593,1,88.7189
37.2598,0,90.2537
37.2612,1,88.7541
37.2617,0,90.222
37.2627,0,90.1942
37.2636,0,90.1699
37.265,1,88.7848
37.2655,0,90.2737
37.2669,1,88.6867
37.2678,1,88.6009
37.2683,0,90.3645
37.2697,1,88.6508
37.2707,1,88.6944
37.2711,0,90.4439
37.2721,0,90.3884
37.273,0,90.3399
37.2745,1,88.7326
37.2754,0,90.4224
37.2763,1,89.016
37.2773,1,89.139
37.2782,0,90.6196
37.2792,1,89.3717
37.2801,0,90.6671
37.2811,1,89.7002
37.282,0,90.7088
37.2829,0,90.4952
37.2834,1,89.9877
37.2848,0,90.3083
37.2853,1,90.2392
37.2867,0,90.1447
37.2877,0,90.1266
37.2881,1,90.5843
37.2896,0,90.1108
37.29,1,90.7613
37.2914,0,90.097
37.2919,1,90.7911
37.2929,1,90.6922
37.2943,0,90.0848
37.2947,1,90.7307
37.2957,1,90.6394
37.2971,0,90.0742
37.2976,1,90.6844
37.299,0,89.94
37.2995,1,90.8489
37.3004,1,90.8678
37.3018,0,89.8225
37.3028,0,89.7197
37.3032,1,91.1343
37.3047,0,89.7547
37.3051,1,91.2425
37.3061,1,91.2122
37.3075,0,89.7854
37.308,1,91.1857
37.3094,0,89.8122
37.3099,1,91.1625
37.3108,1,91.0172
37.3122,0,89.8357
37.3127,1,91.015
37.3136,1,90.8881
37.315,0,89.9812
37.3155,1,91.0271
37.3169,0,89.9836
37.3174,1,91.1487
37.3188,0,89.9856
37.3198,0,89.9874
37.3202,1,91.3801
37.3217,0,89.989
37.3226,0,89.9904
37.3231,1,91.5826
37.324,1,91.5098
37.325,0,89.9916
37.3259,1,91.3211
37.3268,0,89.9926
37.3278,0,89.9935
37.3287,1,91.1559
37.3297,0,89.9943
37.3306,1,91.0114
37.3316,0,90.1201
37.3325,1,90.885
37.3335,0,90.23
37.3344,1,90.7744
37.3353,0,90.3263
37.3368,1,90.6776
37.3372,0,90.6605
37.3386,1,90.5929
37.3391,0,90.9529
37.3405,1,90.6438
37.341,0,91.2088
37.3424,1,90.6883
37.3434,1,90.7273
37.3443,1,90.7614
37.3448,0,91.5577
37.3457,0,91.488
37.3467,0,91.427
37.3476,0,91.3736
37.349,1,90.7912
37.35,1,90.6923
37.3504,0,91.7019
37.3519,1,90.6058
37.3523,0,91.8642
37.3533,0,91.8812
37.3542,0,91.896
37.3556,1,90.53
37.3561,0,92.034
37.3575,1,90.5888
37.3585,1,90.6402
37.3589,0,92.1548
37.3604,1,90.6852
37.3613,1,90.7245
37.3618,0,92.2604
37.3627,0,92.1029
37.3637,0,91.965
37.3651,1,90.7589
37.3655,0,91.9694
37.367,1,90.6641
37.3679,1,90.5811
37.3684,0,92.0982
37.3698,1,90.5084
37.3703,0,92.0859
37.3717,1,90.4449
37.3722,0,92.0752
37.3731,0,91.9408
37.3745,1,90.5143
37.375,0,91.9482
37.3764,1,90.575
37.3773,0,92.0797
37.3783,0,92.0697
37.3792,1,91.0031
37.3802,0,92.186
37.3811,1,91.2527
37.3821,0,92.2877
37.383,1,91.4711
37.384,1,91.5372
37.3849,0,92.3768
37.3858,1,91.7201
37.3868,1,91.7551
37.3877,0,92.4547
37.3887,0,92.2728
37.3891,1,92.0357
37.3906,0,92.2387
37.391,1,92.2812
37.392,1,92.2461
37.3934,0,92.2089
37.3943,0,92.1828
37.3948,1,92.4653
37.3962,0,92.1599
37.3967,1,92.5321
37.3976,1,92.4656
37.3991,0,92.1399
37.3995,1,92.5324
37.4009,0,91.9974
37.4014,1,92.7159
37.4024,1,92.7514
37.4038,0,91.8728
37.4043,1,92.9075
37.4052,1,92.919
37.4066,0,91.7637
37.4071,1,93.0542
37.4085,0,91.7932
37.409,1,93.0474
37.4104,0,91.8191
37.4113,0,91.8417
37.4118,1,93.1665
37.4132,0,91.8615
37.4142,0,91.8788
37.4146,1,93.2707
37.4156,1,93.1118
37.417,0,91.8939
37.4175,1,93.0978
37.4189,0,91.9072
37.4198,0,91.9188
37.4203,1,93.3356
37.4217,0,91.9289
37.4222,1,93.4187
37.4236,0,91.9378
37.4241,1,93.4913
37.4255,0,91.9456
37.426,1,93.4299
37.4274,0,91.9524
37.4279,1,93.3762
37.4288,1,93.2041
37.4297,0,91.9583
37.4307,1,93.0536
37.4316,0,91.9636
37.4326,1,92.9219
37.4335,0,91.9681
37.4345,1,92.8067
37.4354,1,92.7058
37.4363,1,92.6176
37.4373,0,92.0971
37.4382,0,92.21
37.4392,0,92.3087
37.4401,0,92.3951
37.4411,1,92.5404
37.442,1,92.5979
37.443,0,92.3457
37.4444,1,92.6481
37.4448,0,92.5525
37.4458,0,92.6084
37.4467,0,92.6574
37.4481,1,92.6921
37.4486,0,92.8252
37.45,1,92.7306
37.451,1,92.6393
37.4515,0,93.0971
37.4529,1,92.5594
37.4538,1,92.4894
37.4543,0,93.4599
37.4552,0,93.5274
37.4562,0,93.5865
37.4576,1,92.4283
37.4581,0,93.7632
37.4595,1,92.4997
37.4604,1,92.5623
37.4609,0,93.9178
37.4623,1,92.617
37.4628,0,93.9281
37.4642,1,92.6649
37.4647,0,93.9371
37.4656,0,93.8199
37.467,1,92.7067
37.4675,0,93.8424
37.4689,1,92.6184
37.4694,0,93.9871
37.4703,0,93.8637
37.4717,1,92.5411
37.4722,0,93.8808
37.4736,1,92.4735
37.4741,0,93.8957
37.4755,1,92.4143
37.4765,1,92.4875
37.4769,0,93.9087
37.4784,1,92.5516
37.4793,1,92.6076
37.4798,0,94.0451
37.4807,0,93.9145
37.4821,1,92.6567
37.4826,0,93.9252
37.484,1,92.6996
37.485,1,92.7371
37.4859,0,94.0595
37.4869,0,93.9271
37.4878,1,93.145
37.4887,0,93.9362
37.4897,1,93.3769
37.4906,1,93.4548
37.4916,0,94.0692
37.4925,1,93.6479
37.4935,0,94.0605
37.4944,1,93.8169
37.4953,1,93.8398
37.4963,0,94.303
37.4972,1,93.9848
37.4982,1,93.9867
37.4991,0,94.5151
37.5001,0,94.4507
37.5005,1,94.1134
37.502,0,94.2694
37.5024,1,94.2242
37.5038,0,94.1107
37.5048,0,93.9719
37.5053,1,94.5712
37.5067,0,93.8504
37.5076,0,93.7441
37.5081,1,94.8748
37.509,1,94.8904
37.5105,0,93.7761
37.5109,1,94.9041
37.5123,0,93.8041
37.5133,0,93.8285
37.5138,1,95.0411
37.5152,0,93.85
37.5156,1,95.036
37.5171,0,93.8687
37.5175,1,95.0315
37.5189,0,93.7601
37.5194,1,95.0275
37.5208,0,93.6651
37.5213,1,95.1491
37.5223,1,95.1305
37.5237,0,93.707
37.5241,1,95.2392
37.5256,0,93.7436
37.526,1,95.3343
37.5274,0,93.7757
37.5279,1,95.2925
37.5289,1,95.1309
37.5298,1,94.9896
37.5312,0,93.8037
37.5322,0,93.8282
37.5331,0,93.8497
37.5341,0,93.8685
37.5345,1,95.3659
37.5355,1,95.1951
37.5369,0,93.8849
37.5374,1,95.1707
37.5388,0,93.8993
37.5397,0,93.9119
37.5407,0,93.9229
37.5411,1,95.3994
37.5421,1,95.2245
37.543,0,94.0575
37.544,1,94.9464
37.5449,1,94.8281
37.5459,0,94.0504
37.5468,1,94.7246
37.5477,1,94.634
37.5487,0,94.0441
37.5496,0,94.0386
37.5506,0,94.0337
37.5515,1,94.5548
37.5525,0,94.0295
37.5534,1,94.4854
37.5543,1,94.4247
37.5553,0,94.1508
37.5562,1,94.3716
37.5572,0,94.257
37.5586,1,94.3252
37.5591,0,94.5998
37.56,0,94.7749
37.5614,1,94.2845
37.5619,0,94.928
37.5633,1,94.374
37.5638,0,95.062
37.5647,0,95.0543
37.5661,1,94.4522
37.5666,0,95.1725
37.568,1,94.5207
37.5685,0,95.2759
37.5699,1,94.4556
37.5709,1,94.3987
37.5713,0,95.4914
37.5728,1,94.3488
37.5737,1,94.3052
37.5742,0,95.805
37.5751,0,95.8294
37.5765,1,94.2671
37.577,0,95.9757
37.5784,1,94.2337
37.5794,1,94.3295
37.5798,0,96.1037
37.5808,0,95.9658
37.5822,1,94.4133
37.5827,0,95.97
37.5841,1,94.4866
37.585,1,94.5508
37.5855,0,96.0988
37.5869,1,94.4819
37.5874,0,96.0864
37.5888,1,94.4217
37.5897,1,94.369
37.5902,0,96.2006
37.5916,1,94.3229
37.5926,1,94.2825
37.5931,0,96.3006
37.594,0,96.013
37.5954,1,94.3722
37.5959,0,95.8864
37.5973,1,94.4507
37.5982,0,96.0256
37.5992,0,96.0224
37.6001,1,94.8943
37.6011,0,96.1446
37.602,0,96.1265
37.603,1,95.1575
37.6039,1,95.1379
37.6049,0,96.2357
37.6058,1,95.2456
37.6067,0,96.2062
37.6077,0,96.0554
37.6086,1,95.5899
37.6096,0,96.0485
37.6105,1,95.7662
37.6115,0,96.0425
37.6124,1,95.9204
37.6133,0,96.0371
37.6143,1,96.0554
37.6152,0,96.1575
37.6162,0,96.1378
37.6167,1,96.1734
37.6176,1,96.1518
37.619,0,96.1206
37.6195,1,96.2578
37.6209,0,95.9805
37.6214,1,96.3506
37.6228,0,95.8579
37.6233,1,96.4317
37.6242,1,96.5028
37.6251,1,96.5649
37.6266,0,95.7507
37.6275,0,95.6569
37.6285,0,95.5748
37.6294,0,95.5029
37.6299,1,96.9943
37.6308,1,96.87
37.6322,0,95.565
37.6327,1,96.8863
37.6341,0,95.6194
37.6351,0,95.667
37.636,0,95.7086
37.6365,1,97.1505
37.6374,1,97.0067
37.6388,0,95.62
37.6393,1,97.0058
37.6403,1,97.0051
37.6417,0,95.6675
37.6421,1,97.1295
37.6431,1,97.1133
37.6445,0,95.7091
37.6454,0,95.7455
37.6464,0,95.7773
37.6469,1,97.3491
37.6483,0,95.8051
37.6487,1,97.3055
37.6497,1,97.1423
37.6511,0,95.8295
37.6516,1,97.1245
37.653,0,95.7258
37.6535,1,97.1089
37.6549,0,95.6351
37.6558,0,95.5557
37.6563,1,97.2203
37.6572,1,97.0678
37.6582,0,95.7362
37.6591,1,96.9343
37.6601,0,95.8942
37.661,0,96.0324
37.662,1,96.6925
37.6629,0,96.0284
37.6639,1,96.481
37.6648,0,96.0248
37.6657,1,96.4208
37.6667,1,96.3682
37.6676,0,96.0217
37.6686,1,96.3222
37.6695,1,96.2819
37.6705,0,96.019
37.6714,0,96.0166
37.6723,1,96.2467
37.6733,0,96.0145
37.6742,1,96.2158
37.6752,1,96.1889
37.6761,0,96.1377
37.6771,0,96.2455
37.6785,1,96.1653
37.679,0,96.4648
37.6804,1,96.1446
37.6813,1,96.1265
37.6818,0,96.7817
37.6832,1,96.2357
37.6837,0,96.934
37.6851,1,96.3312
37.686,1,96.4148
37.6865,0,97.1923
37.6879,1,96.363
37.6889,1,96.3176
37.6893,0,97.4182
37.6903,0,97.3659
37.6917,1,96.2779
37.6922,0,97.5702
37.6936,1,96.2432
37.6941,0,97.7489
37.695,0,97.6553
37.6964,1,96.2128
37.6969,0,97.5734
37.6978,0,97.3767
37.6993,1,96.3112
37.7002,1,96.3973
37.7007,0,97.4546
37.7021,1,96.4726
37.7026,0,97.5228
37.7035,0,97.4574
37.7049,1,96.4135
37.7054,0,97.5253
37.7068,1,96.3618
37.7073,0,97.5846
37.7087,1,96.3166
37.7092,0,97.6365
37.7106,1,96.277
37.7111,0,97.682
37.712,0,97.4717
37.7134,1,96.3674
37.7144,1,96.4465
37.7148,0,97.5378
37.7162,1,96.5157
37.7167,0,97.4705
37.7181,1,96.5762
37.7191,0,97.6617
37.72,1,96.8792
37.721,1,96.8943
37.7219,1,96.9075
37.7229,0,97.954
37.7238,0,97.8348
37.7247,0,97.7304
37.7257,0,97.6391
37.7266,1,97.4191
37.7276,1,97.4917
37.7285,0,97.8092
37.7295,1,97.6802
37.7304,0,97.8331
37.7313,0,97.7289
37.7323,0,97.6378
37.7332,1,98.0952
37.7342,1,98.0833
37.7351,0,97.8081
37.7361,1,98.1979
37.737,1,98.1731
37.738,0,97.9571
37.7389,1,98.1515
37.7398,1,98.0076
37.7408,0,98.0874
37.7417,0,97.9515
37.7427,0,97.8326
37.7436,0,97.7285
37.7441,1,98.3816
37.7455,0,97.6374
37.746,1,98.4589
37.7469,1,98.4015
37.7483,0,97.5578
37.7488,1,98.4764
37.7502,0,97.613
37.7507,1,98.5418
37.7521,0,97.6614
37.7531,0,97.7037
37.7535,1,98.7241
37.7545,1,98.6336
37.7559,0,97.6158
37.7564,1,98.6794
37.7578,0,97.5388
37.7587,0,97.4714
37.7592,1,98.8445
37.7606,0,97.5375
37.7611,1,98.9889
37.7625,0,97.5953
37.763,1,98.9903
37.7639,1,98.8665
37.7653,0,97.6459
37.7658,1,98.8832
37.7667,1,98.7728
37.7682,0,97.6902
37.7691,0,97.7289
37.7696,1,98.9262
37.771,0,97.6378
37.7715,1,98.9354
37.7724,1,98.8185
37.7738,0,97.5581
37.7748,0,97.4883
37.7752,1,98.9662
37.7767,0,97.5523
37.7771,1,98.9704
37.7781,1,98.8491
37.7795,0,97.6082
37.78,1,98.743
37.7814,0,97.6572
37.7819,1,98.6501
37.7828,1,98.4438
37.7837,1,98.2634
37.7847,0,97.7001
37.7856,1,98.2304
37.7866,1,98.2016
37.7875,0,97.7375
37.7885,0,97.7704
37.7894,1,98.1764
37.7903,0,97.7991
37.7913,1,98.1544
37.7922,0,97.8242
37.7932,0,97.8462
37.7941,1,98.1351
37.7951,0,97.9904
37.796,0,98.1166
37.797,1,97.9932
37.7979,1,97.869
37.7988,0,98.102
37.7998,1,97.7604
37.8007,0,98.0893
37.8017,0,98.0781
37.8026,1,97.7904
37.8036,0,98.0683
37.8045,1,97.8166
37.8055,0,98.0598
37.8064,1,97.8395
37.8073,0,98.0523
37.8088,1,97.8596
37.8092,0,98.2958
37.8102,0,98.3838
37.8116,1,97.8771
37.8125,1,97.8925
37.813,0,98.8358
37.8144,1,97.9059
37.8149,0,98.9814
37.8163,1,97.9177
37.8168,0,99.1087
37.8182,1,97.928
37.8191,1,98.062
37.8201,1,98.1792
37.8206,0,99.3451
37.8215,0,99.302
37.8224,0,99.2642
37.8234,0,99.2312
37.8248,1,98.1568
37.8257,1,98.1372
37.8262,0,99.4523
37.8276,1,98.1201
37.8281,0,99.5208
37.8291,0,99.4557
37.83,0,99.2737
37.8314,1,98.1051
37.8324,1,98.0919
37.8328,0,99.3645
37.8342,1,98.0804
37.8352,1,98.0704
37.8357,0,99.4439
37.8371,1,98.1866
37.838,1,98.2883
37.8385,0,99.6384
37.8394,0,99.5586
37.8404,0,99.4888
37.8413,0,99.4277
37.8427,1,98.2522
37.8432,0,99.4992
37.8446,1,98.3457
37.8456,1,98.4275
37.846,0,99.6868
37.8475,1,98.499
37.8484,0,99.726
37.8493,1,98.8117
37.8503,0,99.7602
37.8512,0,99.6652
37.8522,1,99.2102
37.8531,1,99.3089
37.8541,0,99.8321
37.855,1,99.5203
37.856,0,99.853
37.8569,0,99.7464
37.8578,1,99.7053
37.8588,0,99.7781
37.8597,1,99.7421
37.8607,0,99.8058
37.8616,1,99.7743
37.8626,1,99.8026
37.8635,0,99.9551
37.8645,1,99.9522
37.8654,1,99.9582
37.8663,0,100.086
37.8673,0,99.95
37.8682,1,100.213
37.8692,0,99.9563
37.8701,1,100.312
37.8711,1,100.273
37.872,0,100.212
37.8729,0,100.06
37.8739,0,99.9277
37.8744,1,100.489
37.8758,0,99.8118
37.8763,1,100.553
37.8772,1,100.484
37.8786,0,99.7103
37.8791,1,100.548
37.8805,0,99.6215
37.881,1,100.605
37.8819,1,100.529
37.8829,1,100.463
37.8843,0,99.6688
37.8847,1,100.53
37.8857,1,100.464
37.8871,0,99.7102
37.8881,0,99.7464
37.8885,1,100.656
37.8899,0,99.6531
37.8904,1,100.699
37.8918,0,99.5715
37.8928,0,99.5001
37.8932,1,100.861
37.8947,0,99.4375
37.8956,0,99.3829
37.8961,1,101.004
37.897,1,101.003
37.8984,0,99.46
37.8989,1,101.003
37.9003,0,99.5275
37.9013,0,99.5866
37.9017,1,101.128
37.9032,0,99.6382
37.9036,1,101.112
37.905,0,99.6835
37.9055,1,101.098
37.9069,0,99.598
37.9074,1,101.085
37.9088,0,99.5233
37.9098,0,99.4579
37.9102,1,101.2
37.9112,1,101.05
37.9126,0,99.4006
37.9131,1,101.044
37.9145,0,99.4755
37.915,1,100.913
37.9159,1,100.674
37.9168,0,99.5411
37.9178,1,100.465
37.9187,1,100.282
37.9197,1,100.121
37.9206,0,99.5985
37.9216,0,99.6487
37.9225,0,99.6926
37.9235,0,99.731
37.9244,1,100.106
37.9253,1,100.093
37.9263,0,99.7646
37.9272,1,100.081
37.9282,0,99.794
37.9291,0,99.8198
37.9301,0,99.9673
37.931,1,100.071
37.9319,1,99.9373
37.9329,0,99.9714
37.9338,1,99.8201
37.9348,1,99.7176
37.9357,0,99.975
37.9367,1,99.6279
37.9376,1,99.5494
37.9386,0,99.9781
37.9395,0,99.9808
37.9404,0,99.9832
37.9414,0,99.9853
37.9423,1,99.6057
37.9433,0,99.9872
37.9442,1,99.655
37.9452,1,99.6981
37.9461,0,99.9888
37.9475,1,99.7359
37.948,0,100.115
37.9494,1,99.7689
37.9499,0,100.226
37.9508,0,100.198
37.9522,1,99.7978
37.9532,1,99.8231
37.9537,0,100.423
37.9551,1,99.8452
37.9555,0,100.495
37.9565,0,100.558
37.9579,1,99.8645
37.9584,0,100.738
37.9598,1,99.8815
37.9603,0,100.896
37.9617,1,99.8963
37.9626,1,99.9092
37.9631,0,101.159
37.9645,1,99.9206
37.9655,1,99.9305
37.9659,0,101.264
37.9669,0,101.106
37.9683,1,99.9392
37.9688,0,101.093
37.9702,1,99.9468
37.9711,1,99.9534
37.9716,0,101.206
37.9725,0,101.055
37.9735,0,101.049
37.9749,1,99.9593
37.9754,0,101.167
37.9768,1,99.9644
37.9777,1,99.9688
37.9782,0,101.397
37.9796,1,99.9727
37.9801,0,101.472
37.9815,1,100.101
37.9825,1,100.213
37.9834,1,100.312
37.9839,0,101.663
37.9853,1,100.398
37.9862,1,100.473
37.9872,0,101.83
37.9881,0,101.726
37.9891,1,100.914
37.99,0,101.761
37.9909,1,101.05
37.9919,0,101.79
37.9928,0,101.692
37.9938,1,101.293
37.9947,0,101.73
37.9957,0,101.639
37.9966,1,101.507
37.9976,1,101.443
37.9985,0,101.809
37.9994,1,101.513
38.0004,0,101.833
38.0013,0,101.729
38.0023,1,101.824
38.0032,0,101.763
38.0042,1,101.971
38.0051,0,101.792
38.0061,1,102.1
38.007,0,101.693
38.0079,1,102.087
38.0089,0,101.732
38.0098,0,101.64
38.0108,1,102.201
38.0117,1,102.051
38.0127,0,101.81
38.0136,1,102.045
38.0145,0,101.834
38.0155,1,102.039
38.0164,1,102.034
38.0174,0,101.98
38.0183,1,102.155
38.0193,1,102.136
38.0202,1,102.119
38.0212,0,102.357
38.0221,0,102.313
38.023,0,102.273
38.024,0,102.114
38.0249,0,101.975
38.0254,1,102.604
38.0263,1,102.528
38.0278,0,101.853
38.0282,1,102.587
38.0297,0,101.746
38.0306,0,101.653
38.0315,0,101.572
38.032,1,102.889
38.033,1,102.653
38.0344,0,101.625
38.0348,1,102.696
38.0358,1,102.609
38.0372,0,101.672
38.0377,1,102.658
38.0386,1,102.576
38.04,0,101.713
38.041,0,101.624
38.0419,0,101.546
38.0429,0,101.478
38.0433,1,103.004
38.0448,0,101.418
38.0452,1,103.003
38.0462,1,102.878
38.0476,0,101.366
38.0481,1,102.893
38.0495,0,101.445
38.0499,1,102.782
38.0514,0,101.514
38.0523,0,101.575
38.0528,1,102.809
38.0537,1,102.583
38.0551,0,101.628
38.0556,1,102.51
38.057,0,101.675
38.058,0,101.59
38.0584,1,102.571
38.0594,1,102.5
38.0603,0,101.642
38.0613,1,102.437
38.0622,0,101.686
38.0632,1,102.383
38.0641,1,102.335
38.0651,0,101.726
38.066,1,102.168
38.0669,1,102.022
38.0679,0,101.76
38.0688,0,101.79
38.0698,1,101.894
38.0707,0,101.816
38.0717,1,101.782
38.0726,1,101.685
38.0735,0,101.839
38.0745,0,101.859
38.0754,0,101.877
38.0764,1,101.724
38.0773,0,101.892
38.0783,1,101.759
38.0792,1,101.789
38.0802,0,101.906
38.0811,1,101.815
38.082,0,101.917
38.083,1,101.713
38.0839,1,101.624
38.0849,1,101.546
38.0858,0,101.928
38.0868,1,101.478
38.0877,1,101.418
38.0887,0,101.812
38.0896,0,101.71
38.0905,1,101.366
38.0915,0,101.622
38.0924,1,101.445
38.0934,0,101.669
38.0943,0,101.71
38.0953,1,101.514
38.0962,0,101.746
38.0971,0,101.903
38.0986,1,101.575
38.0995,1,101.628
38.1,0,102.165
38.1014,1,101.675
38.1019,0,102.27
38.1028,0,102.236
38.1042,1,101.715
38.1047,0,102.331
38.1061,1,101.751
38.1066,0,102.415
38.108,1,101.782
38.1085,0,102.488
38.1099,1,101.809
38.1104,0,102.677
38.1113,0,102.717
38.1127,1,101.833
38.1137,1,101.854
38.1141,0,103.003
38.1156,1,101.872
38.116,0,103.127
38.1174,1,101.888
38.1184,1,101.902
38.1189,0,103.237
38.1203,1,101.914
38.1212,1,101.925
38.1222,1,101.934
38.1226,0,103.457
38.1236,0,103.275
38.1245,0,103.115
38.1255,0,102.976
38.1264,0,102.979
38.1278,1,101.943
38.1288,1,101.95
38.1292,0,103.232
38.1307,1,101.956
38.1311,0,103.328
38.1321,0,103.287
38.133,0,103.251
38.1344,1,101.962
38.1354,1,102.091
38.1359,0,103.345
38.1373,1,102.205
38.1382,1,102.429
38.1392,0,103.551
38.1401,1,102.751
38.141,1,102.907
38.142,0,103.608
38.1429,0,103.407
38.1439,0,103.356
38.1448,0,103.311
38.1458,1,103.418
38.1467,0,103.397
38.1477,1,103.491
38.1486,1,103.43
38.1495,0,103.598
38.1505,1,103.501
38.1514,0,103.648
38.1524,1,103.563
38.1533,0,103.692
38.1543,0,103.605
38.1552,1,103.868
38.1561,1,103.884
38.1571,0,103.78
38.158,1,104.024
38.159,0,103.682
38.1599,0,103.472
38.1609,1,104.146
38.1618,1,104.003
38.1628,0,103.663
38.1637,1,104.002
38.1646,0,103.705
38.1656,1,104.002
38.1665,1,103.877
38.1675,0,103.867
38.1684,1,103.892
38.1694,1,103.906
38.1703,0,104.009
38.1713,0,104.008
38.1722,1,104.167
38.1731,0,104.132
38.1741,1,104.272
38.175,1,104.238
38.176,0,104.24
38.1769,0,104.085
38.1779,0,103.949
38.1788,0,103.831
38.1793,1,104.583
38.1807,0,103.727
38.1812,1,104.635
38.1821,1,104.556
38.1835,0,103.636
38.184,1,104.486
38.1854,0,103.557
38.1859,1,104.425
38.1868,1,104.372
38.1878,1,104.326
38.1892,0,103.612
38.1897,1,104.41
38.1906,1,104.359
38.192,0,103.661
38.193,0,103.578
38.1934,1,104.564
38.1949,0,103.506
38.1953,1,104.618
38.1967,0,103.442
38.1977,0,103.387
38.1982,1,104.791
38.1996,0,103.339
38.2005,0,103.296
38.201,1,104.817
38.2019,1,104.59
38.2033,0,103.384
38.2038,1,104.516
38.2052,0,103.461
38.2062,0,103.529
38.2067,1,104.577
38.2081,0,103.588
38.2085,1,104.505
38.21,0,103.514
38.2104,1,104.442
38.2118,0,103.45
38.2123,1,104.386
38.2137,0,103.394
38.2147,0,103.344
38.2151,1,104.588
38.2161,1,104.515
38.2175,0,103.301
38.218,1,104.45
38.2189,1,104.269
38.2199,0,103.264
38.2208,1,104.11
38.2218,1,103.972
38.2227,0,103.356
38.2236,1,103.85
38.2246,1,103.744
38.2255,1,103.651
38.2265,0,103.436
38.2274,0,103.507
38.2284,0,103.568
38.2293,0,103.622
38.2303,0,103.67
38.2312,1,103.695
38.2321,1,103.733
38.2331,0,103.711
38.234,1,103.766
38.235,0,103.622
38.2359,0,103.544
38.2369,0,103.476
38.2378,1,103.67
38.2387,1,103.587
38.2397,0,103.542
38.2406,1,103.513
38.2416,1,103.449
38.2425,0,103.474
38.2435,1,103.393
38.2444,1,103.344
38.2454,0,103.54
38.2463,0,103.597
38.2472,0,103.648
38.2482,0,103.692
38.2491,1,103.426
38.2501,0,103.73
38.251,1,103.498
38.252,1,103.435
38.2529,0,103.639
38.2539,1,103.381
38.2548,0,103.559
38.2557,1,103.333
38.2567,0,103.489
38.2576,0,103.428
38.2586,1,103.292
38.2595,1,103.255
38.2605,0,103.375
38.2614,1,103.223
38.2623,0,103.453
38.2633,0,103.646
38.2647,1,103.32
38.2657,1,103.405
38.2661,0,104.065
38.2675,1,103.48
38.268,0,104.307
38.2694,1,103.545
38.2704,1,103.602
38.2708,0,104.519
38.2723,1,103.651
38.2732,1,103.695
38.2737,0,104.704
38.2746,0,104.616
38.276,1,103.733
38.2765,0,104.664
38.2779,1,103.641
38.2789,1,103.561
38.2793,0,104.831
38.2803,0,104.852
38.2812,0,104.871
38.2822,0,104.887
38.2836,1,103.616
38.2841,0,105.026
38.2855,1,103.664
38.2864,1,103.706
38.2869,0,105.148
38.2883,1,103.868
38.2888,0,105.129
38.2902,1,104.009
38.2911,1,104.133
38.2921,1,104.242
38.2926,0,105.363
38.294,1,104.211
38.2949,1,104.185
38.2954,0,105.443
38.2963,0,105.262
38.2977,1,104.162
38.2982,0,105.355
38.2996,1,104.142
38.3001,0,105.435
38.3011,0,105.381
38.3025,1,104.124
38.3034,0,105.458
38.3044,0,105.401
38.3053,1,104.483
38.3062,1,104.673
38.3072,0,105.601
38.3081,1,104.964
38.3091,0,105.651
38.31,0,105.569
38.311,1,105.218
38.3119,0,105.498
38.3129,1,105.316
38.3138,0,105.436
38.3147,1,105.402
38.3157,0,105.506
38.3166,1,105.476
38.3176,0,105.568
38.3185,0,105.497
38.3195,1,105.667
38.3204,1,105.583
38.3213,0,105.685
38.3223,1,105.636
38.3232,1,105.681
38.3242,0,105.849
38.3251,1,105.846
38.3261,1,105.865
38.327,0,106.118
38.328,1,105.882
38.3289,1,105.772
38.3298,1,105.675
38.3308,0,106.353
38.3317,0,106.184
38.3327,0,106.036
38.3336,0,105.907
38.3346,0,105.793
38.3355,1,106.216
38.3365,1,106.064
38.3374,0,105.944
38.3383,1,106.056
38.3393,0,105.951
38.3402,0,105.957
38.3412,0,105.963
38.3421,1,106.299
38.3431,1,106.262
38.344,0,106.217
38.3449,1,106.229
38.3459,1,106.075
38.3468,0,106.315
38.3478,1,106.066
38.3487,1,105.933
38.3497,0,106.401
38.3506,0,106.226
38.3516,0,106.072
38.3525,0,105.938
38.3534,0,105.821
38.3539,1,106.316
38.3553,0,105.718
38.3558,1,106.277
38.3567,1,106.117
38.3582,0,105.754
38.3586,1,106.227
38.3601,0,105.784
38.3605,1,106.324
38.3619,0,105.686
38.3629,0,105.601
38.3634,1,106.533
38.3643,1,106.467
38.3657,0,105.526
38.3662,1,106.533
38.3676,0,105.46
38.3685,0,105.402
38.369,1,106.717
38.37,1,106.502
38.3714,0,105.352
38.3719,1,106.439
38.3733,0,105.308
38.3737,1,106.384
38.3747,1,106.211
38.3761,0,105.395
38.3766,1,106.185
38.3775,1,106.037
38.3789,0,105.345
38.3799,0,105.302
38.3803,1,106.157
38.3818,0,105.264
38.3822,1,106.138
38.3832,1,106.12
38.3846,0,105.231
38.3855,0,105.202
38.3865,0,105.177
38.3874,0,105.155
38.3879,1,106.48
38.3893,0,105.136
38.3898,1,106.42
38.3907,1,106.243
38.3921,0,105.244
38.3926,1,106.212
38.3936,1,106.061
38.3945,0,105.338
38.3955,1,105.928
38.3964,1,105.812
38.3973,1,105.711
38.3983,0,105.421
38.3992,1,105.747
38.4002,1,105.778
38.4011,0,105.493
38.4021,0,105.557
38.403,1,105.806
38.4039,0,105.487
38.4049,1,105.705
38.4058,0,105.426
38.4068,0,105.373
38.4077,1,105.617
38.4087,0,105.326
38.4096,0,105.285
38.4106,1,105.54
38.4115,1,105.473
38.4124,0,105.25
38.4134,1,105.413
38.4143,0,105.219
38.4153,0,105.191
38.4162,1,105.487
38.4172,0,105.292
38.4181,1,105.551
38.4191,0,105.381
38.42,1,105.482
38.4209,0,105.333
38.4219,1,105.422
38.4228,0,105.292
38.4238,0,105.255
38.4247,1,105.369
38.4257,1,105.323
38.4266,0,105.223
38.4275,1,105.283
38.4285,1,105.247
38.4294,0,105.195
38.4304,1,105.216
38.4313,1,105.189
38.4323,0,105.171
38.4332,1,105.291
38.4342,1,105.379
38.4351,1,105.457
38.436,0,105.275
38.437,0,105.24
38.4379,0,105.21
38.4389,0,105.184
38.4398,0,105.161
38.4408,1,105.4
38.4417,1,105.35
38.4427,0,105.141
38.4436,1,105.306
38.4445,0,105.123
38.4455,0,105.108
38.4464,0,105.094
38.4478,1,105.268
38.4488,1,105.234
38.4493,0,105.458
38.4507,1,105.33
38.4516,1,105.414
38.4521,0,105.775
38.4535,1,105.487
38.4545,1,105.551
38.4549,0,106.053
38.4559,0,106.047
38.4568,0,106.041
38.4578,0,106.036
38.4587,0,106.031
38.4601,1,105.732
38.4606,0,106.152
38.462,1,105.891
38.4629,1,105.904
38.4634,0,106.383
38.4648,1,105.916
38.4653,0,106.46
38.4667,1,105.927
38.4672,0,106.528
38.4681,0,106.587
38.4696,1,105.936
38.4705,1,105.944
38.471,0,106.764
38.4724,1,105.951
38.4729,0,106.793
38.4738,0,106.694
38.4752,1,105.957
38.4762,1,106.087
38.4766,0,106.857
38.4781,1,106.202
38.4785,0,106.875
38.4799,1,106.176
38.4809,1,106.154
38.4814,0,107.016
38.4828,1,106.135
38.4837,1,106.118
38.4842,0,107.139
38.4851,0,107.121
38.4865,1,106.103
38.487,0,107.231
38.4884,1,106.09
38.4894,1,106.204
38.4903,0,107.452
38.4913,0,107.396
38.4922,0,107.346
38.4932,0,107.303
38.4941,1,106.804
38.495,0,107.39
38.496,1,106.953
38.4969,1,106.959
38.4979,0,107.466
38.4988,1,107.089
38.4998,1,107.078
38.5007,0,107.533
38.5017,1,107.193
38.5026,1,107.169
38.5035,1,107.148
38.5045,0,107.841
38.5054,1,107.254
38.5064,1,107.223
38.5073,0,107.986
38.5083,0,107.863
38.5092,1,107.445
38.5101,0,107.88
38.5111,1,107.514
38.512,0,108.02
38.513,0,107.893
38.5139,1,107.7
38.5149,0,107.906
38.5158,0,107.793
38.5168,1,107.862
38.5177,1,107.755
38.5186,0,107.944
38.5196,1,107.785
38.5205,0,107.951
38.5215,0,107.832
38.5224,1,107.937
38.5234,0,107.853
38.5243,1,107.945
38.5253,0,107.871
38.5262,1,107.952
38.5271,0,107.887
38.5281,1,108.083
38.529,0,108.026
38.53,0,107.898
38.5309,1,108.198
38.5319,1,108.048
38.5328,0,108.036
38.5337,1,108.042
38.5347,1,107.912
38.5356,0,108.156
38.5366,1,107.923
38.5375,1,107.807
38.5385,0,108.262
38.5394,1,107.831
38.5404,1,107.727
38.5413,1,107.637
38.5422,0,108.479
38.5432,0,108.294
38.5441,0,108.257
38.5451,0,108.225
38.546,0,108.197
38.547,1,108.057
38.5479,1,107.925
38.5489,0,108.297
38.5498,0,108.135
38.5503,1,108.059
38.5517,0,107.993
38.5526,0,107.869
38.5536,0,107.761
38.554,1,108.427
38.555,1,108.248
38.5564,0,107.665
38.5569,1,108.217
38.5578,1,108.065
38.5592,0,107.582
38.5597,1,108.057
38.5607,1,107.925
38.5621,0,107.635
38.563,0,107.68
38.564,0,107.595
38.5649,0,107.521
38.5658,0,107.456
38.5663,1,108.434
38.5677,0,107.399
38.5682,1,108.38
38.5691,1,108.208
38.5706,0,107.349
38.571,1,108.307
38.5725,0,107.305
38.5729,1,108.268
38.5743,0,107.267
38.5753,0,107.234
38.5758,1,108.36
38.5767,1,108.19
38.5781,0,107.33
38.5786,1,108.166
38.58,0,107.413
38.5809,0,107.362
38.5814,1,108.27
38.5824,1,108.112
38.5838,0,107.316
38.5843,1,108.098
38.5857,0,107.277
38.5861,1,108.085
38.5871,1,108.075
38.5885,0,107.242
38.589,1,108.065
38.5899,1,107.932
38.5909,1,107.816
38.5918,0,107.212
38.5927,0,107.185
38.5937,1,107.714
38.5946,0,107.162
38.5956,1,107.624
38.5965,1,107.546
38.5975,0,107.142
38.5984,0,107.124
38.5994,0,107.109
38.6003,0,107.095
38.6012,1,107.478
38.6022,0,107.083
38.6031,1,107.543
38.6041,1,107.6
38.605,0,107.198
38.606,1,107.525
38.6069,1,107.46
38.6079,0,107.173
38.6088,1,107.402
38.6097,1,107.352
38.6107,1,107.308
38.6116,0,107.151
38.6126,1,107.269
38.6135,1,107.236
38.6145,0,107.133
38.6154,0,107.116
38.6163,1,107.206
38.6173,0,107.101
38.6182,1,107.181
38.6192,0,107.089
38.6201,0,107.203
38.6211,1,107.283
38.622,0,107.302
38.623,0,107.265
38.6239,1,107.248
38.6248,1,107.217
38.6258,0,107.231
38.6267,1,107.19
38.6277,0,107.203
38.6286,0,107.177
38.6296,1,107.166
38.6305,0,107.155
38.6315,1,107.145
38.6324,0,107.136
38.6333,1,107.127
38.6343,0,107.119
38.6352,1,107.111
38.6362,0,107.104
38.6371,0,107.216
38.6381,1,107.222
38.639,1,107.319
38.6399,0,107.189
38.6409,1,107.28
38.6418,1,107.245
38.6428,0,107.165
38.6437,1,107.214
38.6447,1,107.187
38.6456,0,107.145
38.6466,1,107.164
38.6475,1,107.143
38.6484,1,107.125
38.6494,0,107.127
38.6503,0,107.111
38.6513,0,107.097
38.6522,0,107.085
38.6532,0,107.074
38.6541,1,107.235
38.6551,1,107.33
38.656,0,107.065
38.6569,0,107.057
38.6579,1,107.289
38.6588,0,107.05
38.6598,0,107.168
38.6607,0,107.272
38.6621,1,107.378
38.6631,1,107.581
38.6635,0,107.613
38.665,1,107.633
38.6659,1,107.679
38.6664,0,107.912
38.6678,1,107.719
38.6687,1,107.754
38.6692,0,108.173
38.6702,0,108.151
38.6711,0,108.132
38.672,0,108.241
38.673,0,108.211
38.6744,1,107.785
38.6749,0,108.309
38.6763,1,107.812
38.6772,1,107.835
38.6777,0,108.521
38.6791,1,107.856
38.6796,0,108.581
38.681,1,107.999
38.6815,0,108.633
38.6824,0,108.554
38.6838,1,107.999
38.6848,1,107.999
38.6853,0,108.735
38.6867,1,107.999
38.6871,0,108.768
38.6881,0,108.672
38.6895,1,107.999
38.6905,1,107.999
38.6909,0,108.838
38.6923,1,108
38.6928,0,108.858
38.6942,1,108
38.6952,1,108
38.6956,0,109.001
38.6971,1,108.125
38.698,1,108.234
38.6989,1,108.205
38.6999,0,109.251
38.7008,0,109.219
38.7018,1,108.554
38.7027,0,109.317
38.7037,1,108.735
38.7046,1,108.768
38.7056,0,109.527
38.7065,0,109.461
38.7074,0,109.404
38.7084,0,109.353
38.7093,1,109.297
38.7103,0,109.434
38.7112,1,109.385
38.7122,1,109.337
38.7131,0,109.63
38.7141,1,109.42
38.715,1,109.367
38.7159,0,109.676
38.7169,1,109.446
38.7178,1,109.391
38.7188,1,109.342
38.7197,0,109.967
38.7207,1,109.424
38.7216,1,109.371
38.7225,0,110.096
38.7235,0,109.959
38.7244,1,109.575
38.7254,0,109.964
38.7263,1,109.628
38.7273,0,109.968
38.7282,0,109.847
38.7292,1,109.799
38.7301,0,109.866
38.731,0,109.758
38.732,1,109.824
38.7329,1,109.721
38.7339,0,109.913
38.7348,1,109.756
38.7358,0,109.924
38.7367,0,109.809
38.7377,1,109.912
38.7386,0,109.833
38.7395,1,109.923
38.7405,0,109.854
38.7414,1,109.932
38.7424,0,109.872
38.7433,1,109.941
38.7443,0,109.888
38.7452,0,109.777
38.7461,1,110.073
38.7471,1,109.939
38.748,0,109.93
38.749,1,109.822
38.7499,1,109.719
38.7509,0,110.064
38.7518,1,109.754
38.7528,1,109.66
38.7537,0,110.181
38.7546,1,109.702
38.7556,1,109.615
38.7565,1,109.538
38.7575,0,110.408
38.7584,0,110.232
38.7594,0,110.078
38.7603,0,109.943
38.7613,0,109.825
38.7622,1,110.096
38.7631,1,109.959
38.7641,0,109.972
38.765,0,109.976
38.766,1,109.964
38.7669,0,109.979
38.7679,0,109.856
38.7688,0,109.749
38.7697,1,110.218
38.7707,1,109.941
38.7716,0,109.906
38.7726,1,109.823
38.7735,1,109.72
38.7745,0,110.042
38.7754,1,109.755
38.7764,1,109.661
38.7773,0,110.162
38.7782,0,110.017
38.7792,0,109.89
38.7801,0,109.779
38.7811,0,109.681
38.782,0,109.721
38.7825,1,110.203
38.7839,0,109.631
38.7844,1,110.178
38.7853,1,110.031
38.7867,0,109.552
38.7872,1,110.027
38.7886,0,109.483
38.7891,1,110.023
38.7905,0,109.423
38.7915,0,109.37
38.7919,1,110.021
38.7929,1,109.893
38.7943,0,109.324
38.7948,1,109.906
38.7962,0,109.283
38.7971,0,109.248
38.7976,1,110.043
38.7985,1,109.913
38.7995,0,109.217
38.8004,1,109.924
38.8018,0,109.19
38.8023,1,109.933
38.8033,1,109.817
38.8042,0,109.166
38.8051,1,109.839
38.8061,1,109.735
38.807,1,109.643
38.8085,0,109.145
38.8094,0,109.127
38.8099,1,109.812
38.8113,0,109.111
38.8118,1,109.836
38.8127,1,109.731
38.8141,0,109.097
38.8151,0,109.085
38.816,0,109.074
38.8169,0,108.94
38.8174,1,110.14
38.8184,1,109.997
38.8198,1,109.748
38.8207,0,109.073
38.8217,1,109.654
38.8226,1,109.447
38.8231,0,109.189
38.8245,0,109.165
38.825,1,109.517
38.8259,1,109.452
38.8269,1,109.395
38.8283,0,109.144
38.8287,1,109.471
38.8297,1,109.412
38.8311,0,109.126
38.8321,1,109.611
38.8325,0,109.111
38.8339,0,108.972
38.8344,1,109.659
38.8358,1,109.577
38.8363,0,108.975
38.8377,1,109.38
38.8382,0,109.103
38.8391,0,109.09
38.8405,1,109.332
38.8415,0,109.204
38.8424,1,109.416
38.8434,1,109.364
38.8439,0,109.304
38.8448,0,109.266
38.8462,1,109.318
38.8467,0,109.357
38.8481,1,109.279
38.8486,0,109.438
38.85,1,109.119
38.8505,0,109.508
38.8519,0,109.445
38.8528,1,109.104
38.8533,0,109.389
38.8547,1,108.966
38.8557,0,109.465
38.8561,1,108.97
38.8575,1,108.974
38.8585,0,109.532
38.8594,1,109.102
38.8604,1,109.089
38.8608,0,109.591
38.8623,0,109.517
38.8627,1,109.203
38.8637,1,109.178
38.8646,1,109.156
38.866,0,109.452
38.867,0,109.271
38.8679,0,109.112
38.8684,1,109.511
38.8693,0,109.098
38.8708,1,109.322
38.8717,0,109.211
38.8726,1,109.282
38.8731,0,109.184
38.8745,1,109.247
38.875,0,109.286
38.8759,0,109.25
38.8769,0,109.219
38.8783,1,109.216
38.8793,0,109.442
38.8802,1,109.314
38.8811,1,109.275
38.8816,0,109.512
38.883,0,109.448
38.8835,1,109.365
38.8844,1,109.32
38.8859,0,109.267
38.8868,0,109.108
38.8877,0,108.97
38.8882,1,109.655
38.8892,0,108.974
38.8901,0,108.977
38.8911,1,109.573
38.892,0,108.98
38.8929,1,109.376
38.8944,1,109.329
38.8948,0,109.232
38.8958,1,109.163
38.8967,0,109.328
38.8981,0,109.412
38.8986,1,109.143
38.8995,0,109.361
38.9005,1,109.125
38.9019,1,109.109
38.9024,0,109.566
38.9033,1,109.096
38.9043,0,109.62
38.9052,0,109.542
38.9062,1,109.084
38.9071,1,109.073
38.908,0,109.725
38.909,1,108.939
38.9099,0,109.759
38.9109,1,108.822
38.9123,1,108.844
38.9128,0,110.164
38.9137,1,108.738
38.9151,0,110.644
38.9156,1,108.771
38.9165,1,108.8
38.9175,0,110.938
38.9184,1,108.825
38.9194,0,110.946
38.9208,1,108.847
38.9217,0,111.078
38.9227,1,108.991
38.9231,0,111.193
38.9241,0,111.044
38.925,0,110.913
38.926,1,108.867
38.9269,1,108.759
38.9283,1,108.789
38.9288,0,111.049
38.9302,0,111.418
38.9312,0,111.366
38.9316,1,108.94
38.9326,1,109.073
38.9335,0,111.195
38.9345,1,109.189
38.9359,1,109.29
38.9364,0,111.296
38.9378,1,109.504
38.9387,1,109.566
38.9392,0,111.259
38.9406,1,109.745
38.9411,0,111.101
38.942,1,109.777
38.943,0,110.964
38.9444,1,109.805
38.9453,0,111.093
38.9463,1,109.954
38.9472,0,111.082
38.9482,0,110.946
38.9486,1,110.085
38.9496,1,109.949
38.9505,0,110.953
38.9515,1,110.081
38.9529,0,110.959
38.9538,1,110.196
38.9548,0,110.964
38.9557,1,110.421
38.9567,1,110.368
38.9571,0,111.219
38.9581,0,111.316
38.959,1,110.447
38.96,0,111.277
38.9609,1,110.516
38.9623,0,111.367
38.9633,1,110.577
38.9642,0,111.571
38.9652,0,111.625
38.9656,1,110.63
38.9666,1,110.551
38.9675,0,111.672
38.9685,1,110.607
38.9694,0,111.588
38.9708,1,110.656
38.9718,0,111.514
38.9727,1,110.824
38.9737,1,110.846
38.9741,0,111.575
38.9751,0,111.253
38.976,1,111.115
38.977,0,111.096
38.9779,1,111.351
38.9793,0,111.209
38.9803,1,111.432
38.9812,0,111.308
38.9821,1,111.503
38.9831,1,111.44
38.9836,0,111.395
38.9845,0,111.345
38.9859,0,111.177
38.9864,1,111.51
38.9878,0,111.28
38.9883,1,111.321
38.9892,1,111.031
38.9906,0,111.62
38.9916,1,110.902
38.9925,1,110.665
38.993,0,111.918
38.9944,0,112.053
38.9954,0,112.046
38.9963,1,110.831
38.9973,0,112.04
38.9982,0,112.035
38.9991,1,110.853
39.0001,0,112.156
39.001,1,110.746
39.002,0,112.136
39.0024,1,110.653
39.0034,0,112.244
39.0048,1,110.571
39.0057,0,112.464
39.0067,1,110.625
39.0076,0,112.531
39.0086,0,112.465
39.0091,1,110.672
39.01,1,110.463
39.0109,0,112.406
39.0124,1,110.53
39.0128,0,112.481
39.0142,1,110.589
39.0152,0,112.546
39.0161,0,112.477
39.0166,1,110.515
39.018,0,112.543
39.0185,1,110.576
39.0194,1,110.629
39.0204,0,112.475
39.0218,1,110.675
39.0223,0,112.541
39.0237,1,110.716
39.0246,0,112.473
39.0256,0,112.164
39.026,1,111.001
39.027,1,111.001
39.0279,0,111.893
39.0289,1,111.126
39.0298,0,111.657
39.0312,1,111.36
39.0322,0,111.575
39.0331,0,111.378
39.0336,1,111.565
39.035,0,111.331
39.0355,1,111.745
39.0364,1,111.651
39.0374,0,111.414
39.0388,1,111.695
39.0393,0,111.362
39.0407,1,111.733
39.0416,0,111.317
39.0426,0,111.277
39.043,1,111.767
39.0445,0,111.243
39.0449,1,111.796
39.0459,1,111.696
39.0473,0,111.212
39.0482,1,111.859
39.0492,0,111.061
39.0496,1,111.877
39.0511,0,110.928
39.052,1,112.142
39.0529,1,112.124
39.0534,0,110.937
39.0548,1,112.109
39.0553,0,110.82
39.0563,0,110.593
39.0572,1,112.22
39.0586,0,110.519
39.0591,1,112.318
39.0605,0,110.454
39.0614,1,112.403
39.0624,1,112.478
39.0629,0,110.397
39.0643,1,112.543
39.0647,0,110.347
39.0657,0,110.054
39.0666,1,112.6
39.0681,0,110.047
39.0685,1,112.65
39.0699,0,110.041
39.0709,1,112.819
39.0718,1,112.716
39.0723,0,110.036
39.0732,0,109.907
39.0742,1,112.877
39.0756,0,109.918
39.0761,1,112.892
39.0775,0,109.929
39.0784,1,112.906
39.0794,1,112.918
39.0799,0,109.937
39.0813,1,112.928
39.0817,0,109.945
39.0827,0,109.702
39.0836,1,112.937
39.085,0,109.739
39.0855,1,112.945
39.0869,0,109.772
39.0879,1,113.077
39.0888,1,112.942
39.0893,0,109.8
39.0907,1,112.949
39.0912,0,109.825
39.0921,0,109.722
39.0931,1,112.956
39.0945,0,109.757
39.0954,1,112.961
39.0964,1,112.966
39.0968,0,109.912
39.0983,1,112.845
39.0987,0,110.048
39.0997,0,109.917
39.1006,1,112.74
39.102,0,109.803
39.1025,1,112.772
39.1039,0,109.702
39.1049,1,112.801
39.1058,1,112.826
39.1063,0,109.864
39.1077,1,112.597
39.1082,0,110.006
39.1091,0,110.131
39.1101,1,112.398
39.1115,0,110.239
39.1119,1,112.098
39.1134,0,110.459
39.1143,1,112.086
39.1153,1,111.95
39.1157,0,110.652
39.1171,1,111.831
39.1176,0,110.82
39.1186,0,110.843
39.1195,1,111.602
39.1209,0,110.988
39.1219,1,111.652
39.1228,1,111.446
39.1233,0,111.239
39.1247,1,111.265
39.1252,0,111.459
39.1261,0,111.402
39.1271,1,111.232
39.1285,0,111.477
39.1289,1,111.078
39.1304,0,111.542
39.1313,1,111.193
39.1322,1,111.169
39.1327,0,111.599
39.1341,1,111.148
39.1346,0,111.649
39.1355,0,111.568
39.1365,1,111.004
39.1379,0,111.622
39.1384,1,111.129
39.1398,0,111.669
39.1407,1,111.238
39.1417,1,111.083
39.1422,0,111.836
39.1431,0,111.731
39.144,1,111.073
39.1455,0,111.765
39.1459,1,110.939
39.1473,0,111.794
39.1483,1,111.071
39.1492,1,111.062
39.1497,0,111.82
39.1511,1,111.055
39.1516,0,111.842
39.1525,0,111.737
39.1535,1,110.923
39.1549,0,111.77
39.1554,1,110.932
39.1568,0,111.799
39.1577,1,111.066
39.1587,1,110.933
39.1591,0,111.824
39.1606,1,110.941
39.161,0,111.846
39.162,0,111.615
39.1629,1,110.823
39.1643,0,111.538
39.1648,1,110.97
39.1658,1,110.974
39.1667,0,111.471
39.1681,1,110.977
39.1686,0,111.537
39.1695,0,111.47
39.1705,1,110.98
39.1719,0,111.411
39.1724,1,110.983
39.1738,0,111.36
39.1747,1,111.11
39.1757,1,111.096
39.1761,0,111.44
39.1776,1,111.084
39.178,0,111.635
39.179,0,111.431
39.1799,1,111.074
39.1813,0,111.502
39.1818,1,111.064
39.1832,0,111.439
39.1842,1,111.306
39.1851,1,111.268
39.1856,0,111.509
39.187,1,111.11
39.1875,0,111.57
39.1884,0,111.499
39.1894,1,111.096
39.1908,0,111.437
39.1917,1,111.209
39.1927,1,111.183
39.1931,0,111.507
39.1945,1,111.16
39.195,0,111.694
39.196,0,111.482
39.1969,1,111.14
39.1983,0,111.547
39.1988,1,111.122
39.2002,0,111.478
39.2012,1,111.357
39.2021,1,111.437
39.2026,0,111.419
39.204,1,111.258
39.2045,0,111.491
39.2054,0,111.43
39.2063,1,111.226
39.2078,0,111.376
39.2082,1,111.322
39.2097,0,111.329
39.2106,1,111.407
39.2115,1,111.356
39.212,0,111.538
39.213,0,111.346
39.2139,1,111.312
39.2153,0,111.428
39.2158,1,111.273
39.2172,0,111.374
39.2181,1,111.489
39.2191,1,111.553
39.2196,0,111.327
39.221,1,111.358
39.2215,0,111.411
39.2224,0,111.36
39.2233,1,111.439
39.2248,0,111.565
39.2252,1,111.384
39.2266,0,111.744
39.2276,1,111.461
39.2285,1,111.403
39.229,0,112.026
39.2304,1,111.353
39.2309,0,112.148
39.2318,0,112.255
39.2328,1,111.309
39.2342,0,112.473
39.2347,1,111.395
39.2361,0,112.539
39.237,1,111.596
39.238,1,111.396
39.2384,0,112.596
39.2394,0,112.647
39.2403,1,111.472
39.2417,0,112.691
39.2422,1,111.413
39.2436,0,112.73
39.2446,1,111.486
39.2455,1,111.425
39.246,0,112.763
39.2474,1,111.372
39.2479,0,112.793
39.2488,0,112.819
39.2498,1,111.326
39.2512,0,112.966
39.2517,1,111.285
39.2531,0,113.096
39.254,1,111.499
39.255,1,111.312
39.2554,0,113.084
39.2569,1,111.273
39.2573,0,113.198
39.2583,0,113.173
39.2592,1,111.239
39.2606,0,113.152
39.2616,1,111.334
39.2625,1,111.292
39.263,0,113.133
39.2644,1,111.506
39.2649,0,113.116
39.2658,0,113.102
39.2668,1,111.692
39.2682,0,113.214
39.2687,1,111.856
39.2701,0,113.312
39.271,1,112.124
39.272,1,112.233
39.2724,0,113.273
39.2738,1,112.329
39.2743,0,113.239
39.2753,0,113.334
39.2762,1,112.538
39.2776,0,113.292
39.2781,1,112.721
39.2795,0,113.256
39.2805,1,113.006
39.2814,1,113.005
39.2819,0,113.224
39.2833,1,113.004
39.2842,0,113.446
39.2852,0,113.515
39.2856,1,113.004
39.2871,0,113.576
39.288,1,113.128
39.2889,1,113.112
39.2894,0,113.504
39.2908,1,113.098
39.2913,0,113.441
39.2923,0,113.511
39.2932,1,113.211
39.2946,0,113.447
39.2951,1,113.31
39.2965,0,113.391
39.2974,1,113.271
39.2984,1,113.237
39.2989,0,113.342
39.3003,1,113.332
39.3007,0,113.299
39.3017,0,113.262
39.3026,1,113.291
39.3041,0,113.354
39.3045,1,113.255
39.3059,0,113.185
39.3069,1,113.348
39.3078,1,113.304
39.3083,0,113.162
39.3092,0,113.267
39.3102,1,113.391
39.3116,0,113.233
39.3121,1,113.467
39.3135,0,113.204
39.3144,1,113.409
39.3154,1,113.358
39.3159,0,113.179
39.3173,1,113.438
39.3177,0,113.156
39.3187,0,113.137
39.3196,1,113.383
39.321,0,113.245
39.3215,1,113.335
39.3229,0,113.214
39.3239,1,113.293
39.3248,1,113.257
39.3253,0,113.187
39.3267,1,113.225
39.3272,0,113.414
39.3281,0,113.362
39.3291,1,113.322
39.3305,0,113.317
39.3314,1,113.281
39.3324,1,113.246
39.3328,0,113.277
39.3343,1,113.34
39.3347,0,113.243
39.3357,0,113.212
39.3366,1,113.298
39.338,0,113.311
39.3385,1,113.261
39.3399,0,113.272
39.3409,1,113.228
39.3418,1,113.2
39.3423,0,113.238
39.3437,1,113.175
39.3442,0,113.333
39.3451,0,113.417
39.3461,1,113.278
39.3475,0,113.364
39.3479,1,113.243
39.3494,0,113.319
39.3503,1,113.213
39.3513,1,113.311
39.3517,0,113.279
39.3531,1,113.272
39.3536,0,113.369
39.3546,0,113.323
39.3555,1,113.238
39.3569,0,113.283
39.3579,1,113.208
39.3588,1,113.182
39.3593,0,113.372
39.3607,1,113.16
39.3612,0,113.451
39.3621,0,113.519
39.3631,1,113.265
39.3645,0,113.454
39.3649,1,113.232
39.3664,0,113.398
39.3673,1,113.203
39.3682,1,113.302
39.3687,0,113.348
39.3701,1,113.389
39.3706,0,113.304
39.3715,0,113.266
39.3725,1,113.341
39.3739,0,113.233
39.3744,1,113.298
39.3758,0,113.204
39.3767,1,113.386
39.3777,1,113.338
39.3782,0,113.303
39.3791,0,113.391
39.38,1,113.42
39.3815,0,113.342
39.3819,1,113.368
39.3833,0,113.299
39.3843,1,113.322
39.3852,1,113.407
39.3857,0,113.262
39.3871,1,113.481
39.3876,0,113.229
39.3885,0,113.2
39.3895,1,113.421
39.3909,0,113.175
39.3914,1,113.368
39.3928,0,113.153
39.3937,1,113.322
39.3947,1,113.282
39.3951,0,113.259
39.3966,1,113.247
39.397,0,113.227
39.398,0,113.073
39.3989,1,113.216
39.4003,0,113.064
39.4008,1,113.064
39.4018,1,113.056
39.4027,0,113.056
39.4041,1,113.174
39.4046,0,113.049
39.4055,0,113.043
39.4065,1,113.152
39.4079,0,113.038
39.4084,1,113.133
39.4098,0,113.033
39.4107,1,113.116
39.4117,1,113.102
39.4121,0,113.154
39.4136,1,113.089
39.414,0,113.26
39.415,0,113.227
39.4159,1,113.078
39.4173,0,113.199
39.4178,1,113.068
39.4192,0,113.299
39.4202,1,113.185
39.4211,1,113.287
39.4216,0,113.262
39.423,1,113.126
39.4235,0,113.354
39.4244,0,113.31
39.4254,1,113.11
39.4268,0,113.271
39.4277,1,113.096
39.4287,1,113.084
39.4291,0,113.362
39.4305,1,113.074
39.431,0,113.442
39.432,0,113.387
39.4329,1,113.065
39.4343,0,113.338
39.4348,1,113.056
39.4362,0,113.421
39.4372,1,113.174
39.4381,1,113.278
39.4386,0,113.368
39.44,1,113.243
39.4405,0,113.322
39.4414,0,113.282
39.4423,1,113.213
39.4438,0,113.247
39.4442,1,113.186
39.4457,0,113.216
39.4466,1,113.288
39.4475,1,113.252
39.448,0,113.314
39.449,0,113.275
39.4499,1,113.22
39.4513,0,113.24
39.4518,1,113.193
39.4532,0,113.335
39.4541,1,113.294
39.4551,1,113.382
39.4556,0,113.293
39.457,1,113.334
39.4575,0,113.257
39.4584,0,113.225
39.4593,1,113.292
39.4608,0,113.197
39.4612,1,113.381
39.4626,0,113.172
39.4636,1,113.333
39.4645,1,113.292
39.465,0,113.275
39.4664,1,113.255
39.4669,0,113.241
39.4678,0,113.211
39.4688,1,113.223
39.4702,0,113.31
39.4707,1,113.195
39.4721,0,113.271
39.473,1,113.421
39.474,1,113.368
39.4744,0,113.237
39.4754,0,113.207
39.4763,1,113.322
39.4777,0,113.181
39.4782,1,113.407
39.4796,0,113.159
39.4806,1,113.356
39.4815,1,113.312
39.482,0,113.139
39.4834,1,113.273
39.4839,0,113.122
39.4848,0,113.106
39.4858,1,113.239
39.4872,0,113.218
39.4877,1,113.209
39.4891,0,113.316
39.49,1,113.308
39.491,1,113.269
39.4914,0,113.276
39.4929,1,113.111
39.4933,0,113.367
39.4943,0,113.321
39.4952,1,113.222
39.4966,0,113.281
39.4976,1,113.194
39.4985,1,113.17
39.499,0,113.246
39.5004,1,113.149
39.5009,0,113.215
39.5018,0,113.188
39.5028,1,113.13
39.5042,0,113.29
39.5047,1,113.114
39.5061,0,113.378
39.507,1,113.225
39.508,1,113.196
39.5084,0,113.331
39.5098,1,113.172
39.5103,0,113.29
39.5113,0,113.379
39.5122,1,113.275
39.5136,0,113.331
39.5141,1,113.366
39.5155,0,113.29
39.5165,1,113.57
39.5174,1,113.499
39.5179,0,113.254
39.5193,1,113.437
39.5202,0,113.472
39.5212,0,113.538
39.5216,1,113.382
39.5231,0,113.596
39.524,1,113.459
39.5249,1,113.402
39.5254,0,113.521
39.5268,1,113.352
39.5273,0,113.456
39.5283,0,113.524
39.5292,1,113.433
39.5306,0,113.459
39.5311,1,113.504
39.5325,0,113.401
39.5334,1,113.441
39.5344,1,113.386
39.5349,0,113.351
39.5363,1,113.462
39.5367,0,113.307
39.5377,0,113.269
39.5386,1,113.405
39.5401,0,113.36
39.5405,1,113.354
39.5419,0,113.19
39.5429,1,113.435
39.5438,1,113.38
39.5443,0,113.166
39.5452,0,113.271
39.5462,1,113.458
39.5476,0,113.237
39.5481,1,113.526
39.5495,0,113.207
39.5504,1,113.46
39.5514,1,113.402
39.5519,0,113.181
39.5533,1,113.477
39.5537,0,113.159
39.5547,0,113.139
39.5556,1,113.417
39.557,0,113.246
39.5575,1,113.365
39.5589,0,113.216
39.5599,1,113.32
39.5608,1,113.28
39.5613,0,113.189
39.5627,1,113.245
39.5632,0,113.415
39.5641,0,113.363
39.5651,1,113.339
39.5665,0,113.318
39.5674,1,113.297
39.5684,1,113.26
39.5688,0,113.278
39.5703,1,113.352
39.5707,0,113.243
39.5717,0,113.213
39.5726,1,113.308
39.574,0,113.311
39.5745,1,113.27
39.5759,0,113.272
39.5769,1,113.236
39.5778,1,113.206
39.5783,0,113.238
39.5797,1,113.181
39.5802,0,113.334
39.5811,0,113.417
39.5821,1,113.283
39.5835,0,113.365
39.5839,1,113.248
39.5854,0,113.319
39.5863,1,113.217
39.5873,1,113.315
39.5877,0,113.279
39.5891,1,113.275
39.5896,0,113.369
39.5906,0,113.323
39.5915,1,113.241
39.5929,0,113.283
39.5939,1,113.211
39.5948,1,113.184
39.5953,0,113.372
39.5967,1,113.161
39.5972,0,113.451
39.5981,0,113.52
39.5991,1,113.266
39.6005,0,113.455
39.6009,1,113.233
39.6024,0,113.398
39.6033,1,113.204
39.6042,1,113.303
39.6047,0,113.348
39.6061,1,113.39
39.6066,0,113.305
39.6075,0,113.266
39.6085,1,113.342
39.6099,0,113.233
39.6104,1,113.299
39.6118,0,113.204
39.6127,1,113.387
39.6137,1,113.338
39.6142,0,113.304
39.6151,0,113.391
39.616,1,113.421
39.6175,0,113.342
39.6179,1,113.368
39.6193,0,113.299
39.6203,1,113.322
39.6212,1,113.407
39.6217,0,113.262
39.6231,1,113.481
39.6236,0,113.229
39.6245,0,113.2
39.6255,1,113.421
39.6269,0,113.175
39.6274,1,113.368
39.6288,0,113.153
39.6297,1,113.322
39.6307,1,113.282
39.6311,0,113.259
39.6326,1,113.247
39.633,0,113.227
39.634,0,113.073
39.6349,1,113.216
39.6363,0,113.064
39.6368,1,113.064
39.6378,1,113.056
39.6387,0,113.056
39.6401,1,113.174
39.6406,0,113.049
39.6415,0,113.043
39.6425,1,113.152
39.6439,0,113.038
39.6444,1,113.133
39.6458,0,113.033
39.6467,1,113.117
39.6477,1,113.102
39.6481,0,113.154
39.6496,1,113.089
39.65,0,113.26
39.651,0,113.227
39.6519,1,113.078
39.6533,0,113.199
39.6538,1,113.068
39.6552,0,113.299
39.6562,1,113.185
39.6571,1,113.287
39.6576,0,113.262
39.659,1,113.126
39.6595,0,113.354
39.6604,0,113.31
39.6614,1,113.11
39.6628,0,113.271
39.6637,1,113.096
39.6647,1,113.084
39.6651,0,113.362
39.6665,1,113.074
39.667,0,113.442
39.668,0,113.387
39.6689,1,113.065
39.6703,0,113.713
39.6708,1,113.056
39.6722,0,113.874
39.6732,1,113.174
39.6741,1,113.278
39.6746,0,114.14
39.676,1,113.243
39.6765,0,114.247
39.6774,0,114.216
39.6783,1,113.213
39.6798,0,114.314
39.6802,1,113.186
39.6817,0,114.4
39.6826,1,113.288
39.6835,1,113.252
39.684,0,114.6
39.685,0,114.525
39.6859,1,113.22
39.6873,0,114.709
39.6878,1,113.193
39.6892,0,114.746
39.6901,1,113.294
39.6911,1,113.382
39.6916,0,114.903
39.693,1,113.334
39.6935,0,114.915
39.6944,0,114.8
39.6953,1,113.292
39.6968,0,114.825
39.6972,1,113.381
39.6986,0,114.847
39.6996,1,113.333
39.7005,1,113.292
39.701,0,114.991
39.7024,1,113.255
39.7029,0,114.992
39.7038,0,114.868
39.7048,1,113.223
39.7062,0,115.01
39.7067,1,113.195
39.7081,0,115.134
39.709,1,113.421
39.71,1,113.368
39.7104,0,115.117
39.7114,0,114.977
39.7123,1,113.697
39.7137,0,114.98
39.7142,1,113.86
39.7156,0,114.983
39.7166,1,114.128
39.7175,1,114.112
39.718,0,114.985
39.7194,1,114.223
39.7199,0,114.987
39.7208,0,114.863
39.7218,1,114.32
39.7232,0,115.005
39.7237,1,114.405
39.7251,0,115.13
39.726,1,114.604
39.727,1,114.529
39.7274,0,115.239
39.7289,1,114.588
39.7293,0,115.209
39.7303,0,115.183
39.7312,1,114.639
39.7326,0,115.16
39.7336,1,114.809
39.7345,1,114.708
39.735,0,115.14
39.7364,1,114.745
39.7369,0,115.122
39.7378,0,114.982
39.7388,1,114.777
39.7402,0,115.109
39.7407,1,114.804
39.7421,0,115.221
39.743,1,114.954
39.744,1,114.835
39.7444,0,115.318
39.7458,1,114.855
39.7463,0,115.278
39.7473,0,115.119
39.7482,1,114.998
39.7496,0,115.229
39.7501,1,115.124
39.7515,0,115.2
39.7525,1,115.233
39.7534,1,115.329
39.7539,0,115.175
39.7553,1,115.288
39.7562,0,115.278
39.7572,0,115.368
39.7576,1,115.252
39.7591,0,115.447
39.76,1,115.345
39.7609,1,115.177
39.7614,0,115.516
39.7628,1,115.155
39.7633,0,115.452
39.7643,0,115.27
39.7652,1,115.261
39.7666,0,115.362
39.7671,1,115.353
39.7685,0,115.316
39.7694,1,115.434
39.7704,1,115.255
39.7709,0,115.277
39.7723,1,115.223
39.7727,0,115.242
39.7737,0,115.087
39.7746,1,115.32
39.7761,0,115.201
39.7765,1,115.28
39.7779,0,115.176
39.7789,1,115.245
39.7798,1,115.214
39.7803,0,115.154
39.7812,0,115.01
39.7822,1,115.313
39.7836,0,115.134
39.7841,1,115.399
39.7855,0,115.117
39.7864,1,115.474
39.7874,1,115.289
39.7879,0,115.102
39.7893,1,115.253
39.7897,0,115.089
39.7907,0,114.953
39.7916,1,115.347
39.793,0,115.084
39.7935,1,115.303
39.7949,0,115.074
39.7959,1,115.265
39.7968,1,115.107
39.7973,0,115.189
39.7987,1,115.094
39.7992,0,115.166
39.8001,0,115.27
39.8011,1,115.207
39.8025,0,115.236
39.8034,1,115.306
39.8044,1,115.143
39.8048,0,115.207
39.8063,1,115.125
39.8067,0,115.181
39.8077,0,115.033
39.8086,1,115.234
39.81,0,115.154
39.8105,1,115.205
39.8119,0,115.135
39.8129,1,115.179
39.8138,1,115.032
39.8143,0,115.243
39.8157,1,115.028
39.8162,0,115.213
39.8171,0,115.186
39.8181,1,115.15
39.8195,0,115.288
39.8199,1,115.131
39.8214,0,115.252
39.8223,1,115.239
39.8233,1,115.085
39.8237,0,115.22
39.8251,1,115.199
39.8256,0,115.193
39.8266,0,115.169
39.8275,1,115.174
39.8289,0,115.148
39.8299,1,115.152
39.8308,1,115.008
39.8313,0,115.254
39.8327,1,115.007
39.8332,0,115.347
39.8341,0,115.304
39.8351,1,115.131
39.8365,0,115.391
39.8369,1,115.115
39.8384,0,115.342
39.8393,1,115.226
39.8402,1,115.072
39.8407,0,115.299
39.8421,1,115.188
39.8426,0,115.262
39.8435,0,115.104
39.8445,1,115.29
39.8459,0,115.091
39.8464,1,115.254
39.8478,0,115.08
39.8487,1,115.222
39.8497,1,115.194
39.8502,0,115.195
39.8511,0,115.17
39.852,1,115.295
39.8535,0,115.274
39.8539,1,115.258
39.8553,0,115.24
39.8563,1,115.351
39.8572,1,115.182
39.8577,0,115.21
39.8591,1,115.284
39.8596,0,115.184
39.8605,0,115.036
39.8615,1,115.374
39.8629,0,115.031
39.8634,1,115.327
39.8648,0,115.027
39.8657,1,115.286
39.8667,1,115.125
39.8671,0,115.149
39.8686,1,115.11
39.869,0,115.255
39.87,0,114.973
39.8709,1,115.096
39.8723,0,114.977
39.8728,1,115.084
39.8738,1,114.823
39.8747,0,114.98
39.8761,1,114.971
39.8766,0,114.982
39.8775,0,114.859
39.8785,1,115.099
39.8799,0,114.877
39.8804,1,115.087
39.8818,0,114.892
39.8827,1,115.076
39.8837,1,114.941
39.8841,0,115.031
39.8856,1,114.949
39.886,0,115.152
39.887,0,115.008
39.8879,1,114.955
39.8893,0,115.132
39.8898,1,114.961
39.8912,0,115.115
39.8922,1,115.091
39.8931,1,115.079
39.8936,0,115.226
39.895,1,115.069
39.8955,0,115.198
39.8964,0,115.173
39.8974,1,115.061
39.8988,0,115.151
39.8997,1,115.053
39.9007,1,114.922
39.9011,0,115.257
39.9025,1,114.931
39.903,0,115.35
39.904,0,115.182
39.9049,1,114.94
39.9063,0,115.284
39.9068,1,114.947
39.9082,0,115.248
39.9092,1,115.079
39.9101,1,115.069
39.9106,0,115.342
39.912,1,115.06
39.9125,0,115.3
39.9134,0,115.137
39.9143,1,115.178
39.9158,0,115.12
39.9162,1,115.156
39.9177,0,115.105
39.9186,1,115.136
39.9195,1,115.119
39.92,0,115.217
39.921,0,115.065
39.9219,1,115.104
39.9233,0,115.182
39.9238,1,115.091
39.9252,0,115.159
39.9261,1,115.205
39.9271,1,115.179
39.9276,0,115.264
39.929,1,115.157
39.9295,0,115.231
39.9304,0,115.077
39.9313,1,115.262
39.9328,0,115.068
39.9332,1,115.229
39.9346,0,115.059
39.9356,1,115.326
39.9365,1,115.16
39.937,0,115.177
39.9384,1,115.14
39.9389,0,115.155
39.9398,0,115.01
39.9408,1,115.123
39.9422,0,115.134
39.9427,1,115.107
39.9441,0,115.242
39.945,1,115.219
39.946,1,115.191
39.9464,0,115.212
39.9474,0,115.06
39.9483,1,115.293
39.9497,0,115.053
39.9502,1,115.256
39.9516,0,115.046
39.9526,1,115.349
39.9535,1,115.18
39.954,0,115.041
39.9554,1,115.158
39.9559,0,115.035
39.9568,0,114.906
39.9578,1,115.138
39.9592,0,115.043
39.9597,1,115.121
39.9611,0,115.162
39.962,1,115.231
39.963,1,115.077
39.9634,0,115.267
39.9649,1,115.067
39.9653,0,115.234
39.9663,0,115.205
39.9672,1,115.059
39.9686,0,115.179
39.9696,1,115.176
39.9705,1,115.029
39.971,0,115.157
39.9724,1,115.026
39.9729,0,115.137
39.9738,0,114.995
39.9748,1,115.023
39.9762,0,115.121
39.9767,1,115.02
39.9781,0,115.23
39.979,1,115.142
39.98,1,114.999
39.9804,0,115.327
39.9818,1,115
39.9823,0,115.286
39.9833,0,115.125
39.9842,1,115.125
39.9856,0,115.234
39.9861,1,115.234
39.9875,0,115.205
39.9885,1,115.33
39.9894,1,115.414
39.9899,0,115.18
39.9913,1,115.362
39.9922,0,115.282
39.9932,0,115.372
39.9936,1,115.317
39.9951,0,115.45
39.996,1,115.402
39.9969,1,115.227
39.9974,0,115.519
39.9988,1,115.198
39.9993,0,115.454
